wavelength,ch1,ch2,ch3,ch4,ch5,ch6,ch7,ch8
0.35,1.89E-04,0,0,0,0,0,0,0
0.351,3.16E-04,0,0,0,0,0,0,0
0.352,7.37E-05,0,0,0,0,0,0,0
0.353,6.56E-05,0,0,0,0,0,0,0
0.354,3.27E-04,0,0,0,0,0,0,0
0.355,3.35E-04,0,0,0,0,0,0,0
0.356,4.88E-04,0,0,0,0,0,0,0
0.357,4.58E-04,0,0,0,0,0,0,0
0.358,2.74E-04,0,0,0,0,0,0,0
0.359,2.20E-04,0,0,0,0,0,0,0
0.36,5.11E-04,0,0,0,0,0,0,0
0.361,5.38E-04,0,0,0,0,0,0,0
0.362,3.45E-04,0,0,0,0,0,0,0
0.363,2.53E-04,0,0,0,0,0,0,0
0.364,1.76E-04,0,0,0,0,0,0,0
0.365,2.03E-04,0,0,0,0,0,0,0
0.366,3.72E-04,0,0,0,0,0,0,0
0.367,5.11E-04,0,0,0,0,0,0,0
0.368,2.38E-04,0,0,0,0,0,0,0
0.369,0.00E+00,0,0,0,0,0,0,0
0.37,2.34E-04,0,0,0,0,0,0,0
0.371,2.15E-04,0,0,0,0,0,0,0
0.372,3.14E-04,0,0,0,0,0,0,0
0.373,4.85E-04,0,0,0,0,0,0,0
0.374,4.45E-04,0,0,0,0,0,0,0
0.375,7.28E-04,0,0,0,0,0,0,0
0.376,1.07E-03,0,0,0,0,0,0,0
0.377,0.00154,0,0,0,0,0,0,0
0.378,0.00273,0,0,0,0,0,0,0
0.379,0.00418,0,0,0,0,0,0,0
0.38,0.00655,0,0,0,0,0,0,0
0.381,0.01008,0,0,0,0,0,0,0
0.382,0.01531,0,0,0,0,0,0,0
0.383,0.02343,0,0,0,0,0,0,0
0.384,0.03607,0,0,0,0,0,0,0
0.385,0.05544,0,0,0,0,0,0,0
0.386,0.08576,0,0,0,0,0,0,0
0.387,0.13182,0,0,0,0,0,0,0
0.388,0.19825,0,0,0,0,0,0,0
0.389,0.28716,0,0,0,0,0,0,0
0.39,0.39442,0,0,0,0,0,0,0
0.391,0.50678,0,0,0,0,0,0,0
0.392,0.6106,0,0,0,0,0,0,0
0.393,0.69469,0,0,0,0,0,0,0
0.394,0.76034,0,0,0,0,0,0,0
0.395,0.81745,0,0,0,0,0,0,0
0.396,0.86331,0,0,0,0,0,0,0
0.397,0.90278,0,0,0,0,0,0,0
0.398,0.93654,0,0,0,0,0,0,0
0.399,0.96436,0,0,0,0,0,0,0
0.4,0.98396,1.45E-04,0,0,0,0,0,0
0.401,0.99552,1.48E-04,0,0,0,0,0,0
0.402,1,2.43E-04,0,0,0,0,0,0
0.403,0.99034,2.93E-04,0,0,0,0,0,0
0.404,0.95895,1.01E-04,0,0,0,0,0,0
0.405,0.89611,1.15E-05,0,0,0,0,0,0
0.406,0.79908,1.09E-04,0,0,0,0,0,0
0.407,0.67554,2.07E-04,0,0,0,0,0,0
0.408,0.54012,2.28E-04,0,0,0,0,0,0
0.409,0.4095,2.41E-04,0,0,0,0,0,0
0.41,0.30107,1.49E-04,0,0,0,0,0,0
0.411,0.2167,0.00E+00,0,0,0,0,0,0
0.412,0.1555,4.76E-05,0,0,0,0,0,0
0.413,0.11325,2.23E-04,0,0,0,0,0,0
0.414,0.08376,2.31E-04,0,0,0,0,0,0
0.415,0.06302,2.18E-04,0,0,0,0,0,0
0.416,0.04795,2.08E-04,0,0,0,0,0,0
0.417,0.03705,2.62E-04,0,0,0,0,0,0
0.418,0.02896,2.76E-04,0,0,0,0,0,0
0.419,0.02285,4.87E-04,0,0,0,0,0,0
0.42,0.0186,6.27E-04,0,0,0,0,0,0
0.421,0.0151,5.46E-04,0,0,0,0,0,0
0.422,0.01234,7.20E-04,0,0,0,0,0,0
0.423,0.01041,9.25E-04,0,0,0,0,0,0
0.424,0.00898,1.10E-03,0,0,0,0,0,0
0.425,0.00769,0.00132,0,0,0,0,0,0
0.426,0.00654,0.00165,0,0,0,0,0,0
0.427,0.00541,0.00196,0,0,0,0,0,0
0.428,0.00488,0.00256,0,0,0,0,0,0
0.429,0.0042,0.00339,0,0,0,0,0,0
0.43,0.00375,0.00465,0,0,0,0,0,0
0.431,0.00331,0.00656,0,0,0,0,0,0
0.432,0.00265,0.00938,0,0,0,0,0,0
0.433,0.00234,0.01394,0,0,0,0,0,0
0.434,0.00232,0.02131,0,0,0,0,0,0
0.435,0.0018,0.03306,0,0,0,0,0,0
0.436,0.00153,0.05263,0,0,0,0,0,0
0.437,0.00142,0.08487,0,0,0,0,0,0
0.438,1.25E-03,0.13733,0,0,0,0,0,0
0.439,1.11E-03,0.2206,0,0,0,0,0,0
0.44,9.88E-04,0.34022,0,0,0,0,0,0
0.441,7.23E-04,0.48957,0,0,0,0,0,0
0.442,7.23E-04,0.64241,0,0,0,0,0,0
0.443,6.68E-04,0.76774,0,0,0,0,0,0
0.444,7.37E-04,0.85296,0,0,0,0,0,0
0.445,6.50E-04,0.9043,0,0,0,0,0,0
0.446,6.57E-04,0.93672,0,0,0,0,0,0
0.447,6.78E-04,0.95655,0,0,0,0,0,0
0.448,4.36E-04,0.9717,0,0,0,0,0,0
0.449,3.01E-04,0.98205,0,0,0,0,0,0
0.45,2.81E-04,0.98975,4.56E-05,0,0,0,0,0
0.451,0,0.99565,0.00E+00,0,0,0,0,0
0.452,0,0.99964,7.68E-05,0,0,0,0,0
0.453,0,1,1.59E-04,0,0,0,0,0
0.454,0,0.99562,2.38E-04,0,0,0,0,0
0.455,0,0.98264,1.47E-04,0,0,0,0,0
0.456,0,0.94753,4.86E-05,0,0,0,0,0
0.457,0,0.87799,3.66E-05,0,0,0,0,0
0.458,0,0.76526,6.79E-05,0,0,0,0,0
0.459,0,0.619,3.70E-04,0,0,0,0,0
0.46,0,0.4682,1.69E-04,0,0,0,0,0
0.461,0,0.33541,1.78E-04,0,0,0,0,0
0.462,0,0.23049,3.14E-04,0,0,0,0,0
0.463,0,0.15881,3.26E-04,0,0,0,0,0
0.464,0,0.11048,2.86E-04,0,0,0,0,0
0.465,0,0.07751,2.57E-04,0,0,0,0,0
0.466,0,0.0553,2.74E-04,0,0,0,0,0
0.467,0,0.04019,2.90E-04,0,0,0,0,0
0.468,0,0.03002,4.24E-04,0,0,0,0,0
0.469,0,0.02252,5.07E-04,0,0,0,0,0
0.47,0,0.01725,6.18E-04,0,0,0,0,0
0.471,0,0.01333,6.80E-04,0,0,0,0,0
0.472,0,0.01055,7.89E-04,0,0,0,0,0
0.473,0,0.00859,9.76E-04,0,0,0,0,0
0.474,0,0.007,0.00127,0,0,0,0,0
0.475,0,0.00578,0.00156,0,0,0,0,0
0.476,0,0.00475,0.00203,0,0,0,0,0
0.477,0,0.00393,0.00272,0,0,0,0,0
0.478,0,0.00344,0.00351,0,0,0,0,0
0.479,0,0.00294,0.00473,0,0,0,0,0
0.48,0,0.00251,0.00655,0,0,0,0,0
0.481,0,0.00217,0.00929,0,0,0,0,0
0.482,0,0.00184,0.01334,0,0,0,0,0
0.483,0,0.00159,0.01967,0,0,0,0,0
0.484,0,0.00146,0.02947,0,0,0,0,0
0.485,0,0.00132,0.0448,0,0,0,0,0
0.486,0,0.00128,0.0695,0,0,0,0,0
0.487,0,1.16E-03,0.11006,0,0,0,0,0
0.488,0,9.98E-04,0.17508,0,0,0,0,0
0.489,0,8.90E-04,0.27688,0,0,0,0,0
0.49,0,7.98E-04,0.42353,0,0,0,0,0
0.491,0,6.78E-04,0.60456,0,0,0,0,0
0.492,0,6.06E-04,0.77754,0,0,0,0,0
0.493,0,5.69E-04,0.90413,0,0,0,0,0
0.494,0,5.54E-04,0.96821,0,0,0,0,0
0.495,0,5.88E-04,0.98695,0,0,0,0,0
0.496,0,6.43E-04,0.98459,0,0,0,0,0
0.497,0,5.56E-04,0.97846,0,0,0,0,0
0.498,0,4.45E-04,0.97708,0,0,0,0,0
0.499,0,3.95E-04,0.98203,0,0,0,0,0
0.5,0,3.12E-04,0.98817,0,0,0,0,0
0.501,0,0,0.99486,0,0,0,0,0
0.502,0,0,0.99802,0,0,0,0,0
0.503,0,0,1,0,0,0,0,0
0.504,0,0,0.99758,0,0,0,0,0
0.505,0,0,9.90E-01,0,0,0,0,0
0.506,0,0,9.70E-01,0,0,0,0,0
0.507,0,0,9.26E-01,0,0,0,0,0
0.508,0,0,8.51E-01,0,0,0,0,0
0.509,0,0,7.37E-01,0,0,0,0,0
0.51,0,0,0.59658,0,0,0,0,0
0.511,0,0,0.4537,0,0,0,0,0
0.512,0,0,0.32668,0,0,0,0,0
0.513,0,0,0.2283,0,0,0,0,0
0.514,0,0,0.15889,0,0,0,0,0
0.515,0,0,0.11011,0,0,0,0,0
0.516,0,0,0.0768,0,0,0,0,0
0.517,0,0,0.05472,0,0,0,0,0
0.518,0,0,0.03982,0,0,0,0,0
0.519,0,0,0.02909,0,0,0,0,0
0.52,0,0,0.02173,0,0,0,0,0
0.521,0,0,0.01656,0,0,0,0,0
0.522,0,0,0.01272,0,0,0,0,0
0.523,0,0,0.00991,0,0,0,0,0
0.524,0,0,0.0078,0,0,0,0,0
0.525,0,0,0.00619,0,0,0,0,0
0.526,0,0,0.00459,0,0,0,0,0
0.527,0,0,0.00416,0,0,0,0,0
0.528,0,0,0.00345,0,0,0,0,0
0.529,0,0,0.0029,0,0,0,0,0
0.53,0,0,0.00247,0,0,0,0,0
0.531,0,0,0.00212,0,0,0,0,0
0.532,0,0,0.00189,0,0,0,0,0
0.533,0,0,0.00166,0,0,0,0,0
0.534,0,0,0.00133,0,0,0,0,0
0.535,0,0,0.00131,0,0,0,0,0
0.536,0,0,0.00117,0,0,0,0,0
0.537,0,0,9.37E-04,0,0,0,0,0
0.538,0,0,8.35E-04,0,0,0,0,0
0.539,0,0,7.34E-04,0,0,0,0,0
0.54,0,0,6.49E-04,0,0,0,0,0
0.541,0,0,5.74E-04,0,0,0,0,0
0.542,0,0,5.27E-04,0,0,0,0,0
0.543,0,0,4.08E-04,0,0,0,0,0
0.544,0,0,4.17E-04,0,0,0,0,0
0.545,0,0,4.40E-04,0,0,0,0,0
0.546,0,0,4.42E-04,0,0,0,0,0
0.547,0,0,4.72E-04,0,0,0,0,0
0.548,0,0,2.57E-04,0,0,0,0,0
0.549,0,0,3.46E-04,0,0,0,0,0
0.55,0,0,2.59E-04,8.20E-05,0,0,0,0
0.551,0,0,0,1.07E-04,0,0,0,0
0.552,0,0,0,1.51E-04,0,0,0,0
0.553,0,0,0,2.50E-05,0,0,0,0
0.554,0,0,0,0.00E+00,0,0,0,0
0.555,0,0,0,2.99E-05,0,0,0,0
0.556,0,0,0,4.83E-05,0,0,0,0
0.557,0,0,0,1.15E-04,0,0,0,0
0.558,0,0,0,1.33E-04,0,0,0,0
0.559,0,0,0,1.67E-04,0,0,0,0
0.56,0,0,0,7.15E-05,0,0,0,0
0.561,0,0,0,5.71E-05,0,0,0,0
0.562,0,0,0,2.12E-04,0,0,0,0
0.563,0,0,0,2.97E-04,0,0,0,0
0.564,0,0,0,2.29E-04,0,0,0,0
0.565,0,0,0,2.25E-04,0,0,0,0
0.566,0,0,0,2.67E-04,0,0,0,0
0.567,0,0,0,3.20E-04,0,0,0,0
0.568,0,0,0,4.14E-04,0,0,0,0
0.569,0,0,0,5.15E-04,0,0,0,0
0.57,0,0,0,6.06E-04,0,0,0,0
0.571,0,0,0,7.01E-04,0,0,0,0
0.572,0,0,0,8.97E-04,0,0,0,0
0.573,0,0,0,1.08E-03,0,0,0,0
0.574,0,0,0,0.00117,0,0,0,0
0.575,0,0,0,0.00145,0,0,0,0
0.576,0,0,0,0.0018,0,0,0,0
0.577,0,0,0,0.00219,0,0,0,0
0.578,0,0,0,0.00273,0,0,0,0
0.579,0,0,0,0.00353,0,0,0,0
0.58,0,0,0,0.00455,0,0,0,0
0.581,0,0,0,0.00611,0,0,0,0
0.582,0,0,0,0.00841,0,0,0,0
0.583,0,0,0,0.01169,0,0,0,0
0.584,0,0,0,0.0166,0,0,0,0
0.585,0,0,0,0.02389,0,0,0,0
0.586,0,0,0,0.03525,0,0,0,0
0.587,0,0,0,0.05371,0,0,0,0
0.588,0,0,0,0.08397,0,0,0,0
0.589,0,0,0,0.13422,0,0,0,0
0.59,0,0,0,0.2176,0,0,0,0
0.591,0,0,0,0.34613,0,0,0,0
0.592,0,0,0,0.51097,0,0,0,0
0.593,0,0,0,0.68791,0,0,0,0
0.594,0,0,0,0.83578,0,0,0,0
0.595,0,0,0,0.92772,0,0,0,0
0.596,0,0,0,0.97092,0,0,0,0
0.597,0,0,0,0.98622,0,0,0,0
0.598,0,0,0,0.99036,0,0,0,0
0.599,0,0,0,0.99413,0,0,0,0
0.6,0,0,0,0.99757,0,0,0,0
0.601,0,0,0,1,0,0,0,0
0.602,0,0,0,0.99907,0,0,0,0
0.603,0,0,0,0.99471,0,0,0,0
0.604,0,0,0,0.98872,0,0,0,0
0.605,0,0,0,0.97938,0,0,0,0
0.606,0,0,0,0.96387,0,0,0,0
0.607,0,0,0,0.93012,0,0,0,0
0.608,0,0,0,0.85771,0,0,0,0
0.609,0,0,0,0.73915,0,0,0,0
0.61,0,0,0,0.58351,0,0,0,0
0.611,0,0,0,0.4229,0,0,0,0
0.612,0,0,0,0.28641,0,0,0,0
0.613,0,0,0,0.18875,0,0,0,0
0.614,0,0,0,0.12369,0,0,0,0
0.615,0,0,0,0.08159,0,0,0,0
0.616,0,0,0,0.05476,0,0,0,0
0.617,0,0,0,0.0377,0,0,0,0
0.618,0,0,0,0.02632,0,0,0,0
0.619,0,0,0,0.01886,0,0,0,0
0.62,0,0,0,0.01374,0,0,0,0
0.621,0,0,0,0.01018,0,0,0,0
0.622,0,0,0,0.00763,0,0,0,0
0.623,0,0,0,0.00583,0,0,0,0
0.624,0,0,0,0.00447,0,0,0,0
0.625,0,0,0,0.00356,3.69E-05,0,0,0
0.626,0,0,0,0.00289,8.06E-05,0,0,0
0.627,0,0,0,0.00234,1.52E-04,0,0,0
0.628,0,0,0,0.00195,1.80E-04,0,0,0
0.629,0,0,0,0.00165,1.54E-04,0,0,0
0.63,0,0,0,0.00136,9.40E-05,0,0,0
0.631,0,0,0,0.00117,7.79E-05,0,0,0
0.632,0,0,0,0.00106,1.13E-04,0,0,0
0.633,0,0,0,8.73E-04,1.91E-04,0,0,0
0.634,0,0,0,8.24E-04,2.63E-04,0,0,0
0.635,0,0,0,7.44E-04,2.79E-04,0,0,0
0.636,0,0,0,5.83E-04,1.89E-04,0,0,0
0.637,0,0,0,5.62E-04,1.38E-04,0,0,0
0.638,0,0,0,4.16E-04,2.14E-04,0,0,0
0.639,0,0,0,3.54E-04,3.53E-04,0,0,0
0.64,0,0,0,3.67E-04,4.57E-04,0,0,0
0.641,0,0,0,2.46E-04,4.97E-04,0,0,0
0.642,0,0,0,2.65E-04,4.83E-04,0,0,0
0.643,0,0,0,2.73E-04,5.36E-04,0,0,0
0.644,0,0,0,3.27E-04,7.22E-04,0,0,0
0.645,0,0,0,2.78E-04,9.64E-04,0,0,0
0.646,0,0,0,2.03E-04,1.25E-03,0,0,0
0.647,0,0,0,1.22E-04,1.42E-03,0,0,0
0.648,0,0,0,2.39E-04,1.63E-03,0,0,0
0.649,0,0,0,3.46E-04,0.00195,0,0,0
0.65,0,0,0,1.58E-04,0.00244,0,0,0
0.651,0,0,0,0,0.00317,0,0,0
0.652,0,0,0,0,0.00411,0,0,0
0.653,0,0,0,0,0.00527,0,0,0
0.654,0,0,0,0,0.00697,0,0,0
0.655,0,0,0,0,0.00942,0,0,0
0.656,0,0,0,0,0.01288,0,0,0
0.657,0,0,0,0,0.01783,0,0,0
0.658,0,0,0,0,0.02528,0,0,0
0.659,0,0,0,0,0.0367,0,0,0
0.66,0,0,0,0,0.05452,0,0,0
0.661,0,0,0,0,0.08245,0,0,0
0.662,0,0,0,0,0.12695,0,0,0
0.663,0,0,0,0,0.19356,0,0,0
0.664,0,0,0,0,0.28844,0,0,0
0.665,0,0,0,0,0.41434,0,0,0
0.666,0,0,0,0,0.55389,0,0,0
0.667,0,0,0,0,0.68193,0,0,0
0.668,0,0,0,0,0.77752,0,0,0
0.669,0,0,0,0,0.83564,0,0,0
0.67,0,0,0,0,0.8654,0,0,0
0.671,0,0,0,0,0.88284,0,0,0
0.672,0,0,0,0,0.89888,0,0,0
0.673,0,0,0,0,0.91726,0,0,0
0.674,0,0,0,0,0.93895,0,0,0
0.675,0,0,0,0,0.96106,0,0,0
0.676,0,0,0,0,0.98054,0,0,0
0.677,0,0,0,0,0.99505,0,0,0
0.678,0,0,0,0,1,0,0,0
0.679,0,0,0,0,0.99078,0,0,0
0.68,0,0,0,0,0.95543,0,0,0
0.681,0,0,0,0,0.88684,0,0,0
0.682,0,0,0,0,0.783,0,0,0
0.683,0,0,0,0,0.6494,0,0,0
0.684,0,0,0,0,0.50583,0,0,0
0.685,0,0,0,0,0.37433,0,0,0
0.686,0,0,0,0,0.26471,0,0,0
0.687,0,0,0,0,0.1818,0,0,0
0.688,0,0,0,0,0.12409,0,0,0
0.689,0,0,0,0,0.08521,0,0,0
0.69,0,0,0,0,0.05845,0,0,0
0.691,0,0,0,0,0.0406,0,0,0
0.692,0,0,0,0,0.02885,0,0,0
0.693,0,0,0,0,0.02097,0,0,0
0.694,0,0,0,0,0.0154,0,0,0
0.695,0,0,0,0,0.01148,0,0,0
0.696,0,0,0,0,0.00878,0,0,0
0.697,0,0,0,0,0.00665,0,0,0
0.698,0,0,0,0,0.00513,0,0,0
0.699,0,0,0,0,0.004,0,0,0
0.7,0,0,0,0,0.00319,0,0,0
0.701,0,0,0,0,0.00265,0,0,0
0.702,0,0,0,0,0.00209,0,0,0
0.703,0,0,0,0,0.00166,0,0,0
0.704,0,0,0,0,0.00134,0,0,0
0.705,0,0,0,0,0.00104,0,0,0
0.706,0,0,0,0,8.10E-04,0,0,0
0.707,0,0,0,0,6.93E-04,0,0,0
0.708,0,0,0,0,7.22E-04,0,0,0
0.709,0,0,0,0,6.05E-04,0,0,0
0.71,0,0,0,0,5.18E-04,0,0,0
0.711,0,0,0,0,3.62E-04,0,0,0
0.712,0,0,0,0,3.65E-04,0,0,0
0.713,0,0,0,0,4.08E-04,0,0,0
0.714,0,0,0,0,2.69E-04,0,0,0
0.715,0,0,0,0,2.08E-04,0,0,0
0.716,0,0,0,0,2.15E-04,0,0,0
0.717,0,0,0,0,1.43E-04,0,0,0
0.718,0,0,0,0,1.55E-04,0,0,0
0.719,0,0,0,0,1.48E-04,0,0,0
0.72,0,0,0,0,2.06E-04,0,0,0
0.721,0,0,0,0,6.54E-05,0,0,0
0.722,0,0,0,0,0.00E+00,0,0,0
0.723,0,0,0,0,4.09E-05,0,0,0
0.724,0,0,0,0,1.47E-04,0,0,0
0.725,0,0,0,0,1.96E-04,0,0,0
0.726,0,0,0,0,0,0,0,0
0.727,0,0,0,0,0,0,0,0
0.728,0,0,0,0,0,0,0,0
0.729,0,0,0,0,0,0,0,0
0.73,0,0,0,0,0,0,0,0
0.731,0,0,0,0,0,0,0,0
0.732,0,0,0,0,0,0,0,0
0.733,0,0,0,0,0,0,0,0
0.734,0,0,0,0,0,0,0,0
0.735,0,0,0,0,0,0,0,0
0.736,0,0,0,0,0,0,0,0
0.737,0,0,0,0,0,0,0,0
0.738,0,0,0,0,0,0,0,0
0.739,0,0,0,0,0,0,0,0
0.74,0,0,0,0,0,0,0,0
0.741,0,0,0,0,0,0,0,0
0.742,0,0,0,0,0,0,0,0
0.743,0,0,0,0,0,0,0,0
0.744,0,0,0,0,0,0,0,0
0.745,0,0,0,0,0,0,0,0
0.746,0,0,0,0,0,0,0,0
0.747,0,0,0,0,0,0,0,0
0.748,0,0,0,0,0,0,0,0
0.749,0,0,0,0,0,0,0,0
0.75,0,0,0,0,0,0,0,0
0.751,0,0,0,0,0,0,0,0
0.752,0,0,0,0,0,0,0,0
0.753,0,0,0,0,0,0,0,0
0.754,0,0,0,0,0,0,0,0
0.755,0,0,0,0,0,0,0,0
0.756,0,0,0,0,0,0,0,0
0.757,0,0,0,0,0,0,0,0
0.758,0,0,0,0,0,0,0,0
0.759,0,0,0,0,0,0,0,0
0.76,0,0,0,0,0,1.36E-04,0,0
0.761,0,0,0,0,0,2.08E-04,0,0
0.762,0,0,0,0,0,2.51E-04,0,0
0.763,0,0,0,0,0,1.33E-04,0,0
0.764,0,0,0,0,0,9.02E-05,0,0
0.765,0,0,0,0,0,1.09E-04,0,0
0.766,0,0,0,0,0,1.79E-04,0,0
0.767,0,0,0,0,0,2.68E-04,0,0
0.768,0,0,0,0,0,2.62E-04,0,0
0.769,0,0,0,0,0,1.98E-04,0,0
0.77,0,0,0,0,0,9.28E-05,0,0
0.771,0,0,0,0,0,1.46E-04,0,0
0.772,0,0,0,0,0,2.76E-04,0,0
0.773,0,0,0,0,0,3.56E-04,0,0
0.774,0,0,0,0,0,4.18E-04,0,0
0.775,0,0,0,0,0,5.01E-04,0,0
0.776,0,0,0,0,0,5.79E-04,0,0
0.777,0,0,0,0,0,7.43E-04,0,0
0.778,0,0,0,0,0,7.68E-04,0,0
0.779,0,0,0,0,0,9.61E-04,0,0
0.78,0,0,0,0,0,1.14E-03,0,0
0.781,0,0,0,0,0,1.20E-03,0,0
0.782,0,0,0,0,0,1.40E-03,0,0
0.783,0,0,0,0,0,1.68E-03,0,0
0.784,0,0,0,0,0,0.00204,0,0
0.785,0,0,0,0,0,0.00255,0,0
0.786,0,0,0,0,0,0.00318,0,0
0.787,0,0,0,0,0,0.00401,0,0
0.788,0,0,0,0,0,0.00527,0,0
0.789,0,0,0,0,0,0.00689,0,0
0.79,0,0,0,0,0,0.00915,0,0
0.791,0,0,0,0,0,0.01225,0,0
0.792,0,0,0,0,0,0.01668,0,0
0.793,0,0,0,0,0,0.02292,0,0
0.794,0,0,0,0,0,0.03206,0,0
0.795,0,0,0,0,0,0.04592,0,0
0.796,0,0,0,0,0,0.06601,0,0
0.797,0,0,0,0,0,0.09774,0,0
0.798,0,0,0,0,0,0.14523,0,0
0.799,0,0,0,0,0,0.2171,0,0
0.8,0,0,0,0,0,0.32,0,0
0.801,0,0,0,0,0,0.4527,0,0
0.802,0,0,0,0,0,0.59812,0,0
0.803,0,0,0,0,0,0.73308,0,0
0.804,0,0,0,0,0,0.83855,0,0
0.805,0,0,0,0,0,0.9051,0,0
0.806,0,0,0,0,0,0.94099,0,0
0.807,0,0,0,0,0,0.96042,0,0
0.808,0,0,0,0,0,0.97187,0,0
0.809,0,0,0,0,0,0.98184,0,0
0.81,0,0,0,0,0,0.98897,0,0
0.811,0,0,0,0,0,0.99636,0,0
0.812,0,0,0,0,0,1,0,0
0.813,0,0,0,0,0,0.99889,0,0
0.814,0,0,0,0,0,0.99639,0,0
0.815,0,0,0,0,0,0.99267,0,0
0.816,0,0,0,0,0,0.98823,0,0
0.817,0,0,0,0,0,0.98189,0,0
0.818,0,0,0,0,0,0.96898,0,0
0.819,0,0,0,0,0,0.93495,0,0
0.82,0,0,0,0,0,0.8637,0,0
0.821,0,0,0,0,0,0.74698,0,0
0.822,0,0,0,0,0,0.60044,0,0
0.823,0,0,0,0,0,0.45032,0,0
0.824,0,0,0,0,0,0.32005,0,0
0.825,0,0,0,0,0,0.21754,0,0
0.826,0,0,0,0,0,0.14533,0,0
0.827,0,0,0,0,0,0.09712,0,0
0.828,0,0,0,0,0,0.06551,0,0
0.829,0,0,0,0,0,0.04454,0,0
0.83,0,0,0,0,0,0.03059,0,0
0.831,0,0,0,0,0,0.02165,0,0
0.832,0,0,0,0,0,0.01564,0,0
0.833,0,0,0,0,0,0.01143,0,0
0.834,0,0,0,0,0,0.00829,0,0
0.835,0,0,0,0,0,0.00627,0,0
0.836,0,0,0,0,0,0.00484,0,0
0.837,0,0,0,0,0,0.00384,0,0
0.838,0,0,0,0,0,0.00309,0,0
0.839,0,0,0,0,0,0.00233,0,0
0.84,0,0,0,0,0,0.00184,0,0
0.841,0,0,0,0,0,0.00136,0,0
0.842,0,0,0,0,0,0.0011,0,0
0.843,0,0,0,0,0,8.63E-04,0,0
0.844,0,0,0,0,0,7.14E-04,0,0
0.845,0,0,0,0,0,5.34E-04,0,0
0.846,0,0,0,0,0,4.94E-04,0,0
0.847,0,0,0,0,0,4.89E-04,0,0
0.848,0,0,0,0,0,4.65E-04,0,0
0.849,0,0,0,0,0,3.97E-04,0,0
0.85,0,0,0,0,0,2.18E-04,0,0
0.851,0,0,0,0,0,6.02E-05,0,0
0.852,0,0,0,0,0,1.36E-04,0,0
0.853,0,0,0,0,0,2.15E-04,0,0
0.854,0,0,0,0,0,1.52E-04,0,0
0.855,0,0,0,0,0,1.51E-04,0,0
0.856,0,0,0,0,0,1.26E-04,0,0
0.857,0,0,0,0,0,3.50E-06,0,0
0.858,0,0,0,0,0,0.00E+00,0,0
0.859,0,0,0,0,0,5.18E-05,0,0
0.86,0,0,0,0,0,4.83E-03,0,0
0.861,0,0,0,0,0,0,0,0
0.862,0,0,0,0,0,0,0,0
0.863,0,0,0,0,0,0,0,0
0.864,0,0,0,0,0,0,0,0
0.865,0,0,0,0,0,0,0,0
0.866,0,0,0,0,0,0,0,0
0.867,0,0,0,0,0,0,0,0
0.868,0,0,0,0,0,0,0,0
0.869,0,0,0,0,0,0,0,0
0.87,0,0,0,0,0,0,0,0
0.871,0,0,0,0,0,0,0,0
0.872,0,0,0,0,0,0,0,0
0.873,0,0,0,0,0,0,0,0
0.874,0,0,0,0,0,0,0,0
0.875,0,0,0,0,0,0,0,0
0.876,0,0,0,0,0,0,0,0
0.877,0,0,0,0,0,0,0,0
0.878,0,0,0,0,0,0,0,0
0.879,0,0,0,0,0,0,0,0
0.88,0,0,0,0,0,0,0,0
0.881,0,0,0,0,0,0,0,0
0.882,0,0,0,0,0,0,0,0
0.883,0,0,0,0,0,0,0,0
0.884,0,0,0,0,0,0,0,0
0.885,0,0,0,0,0,0,0,0
0.886,0,0,0,0,0,0,0,0
0.887,0,0,0,0,0,0,0,0
0.888,0,0,0,0,0,0,0,0
0.889,0,0,0,0,0,0,0,0
0.89,0,0,0,0,0,0,0,0
0.891,0,0,0,0,0,0,0,0
0.892,0,0,0,0,0,0,0,0
0.893,0,0,0,0,0,0,0,0
0.894,0,0,0,0,0,0,0,0
0.895,0,0,0,0,0,0,0,0
0.896,0,0,0,0,0,0,0,0
0.897,0,0,0,0,0,0,0,0
0.898,0,0,0,0,0,0,0,0
0.899,0,0,0,0,0,0,0,0
0.9,0,0,0,0,0,0,0,0
0.901,0,0,0,0,0,0,0,0
0.902,0,0,0,0,0,0,0,0
0.903,0,0,0,0,0,0,0,0
0.904,0,0,0,0,0,0,0,0
0.905,0,0,0,0,0,0,0,0
0.906,0,0,0,0,0,0,0,0
0.907,0,0,0,0,0,0,0,0
0.908,0,0,0,0,0,0,0,0
0.909,0,0,0,0,0,0,0,0
0.91,0,0,0,0,0,0,0,0
0.911,0,0,0,0,0,0,0,0
0.912,0,0,0,0,0,0,0,0
0.913,0,0,0,0,0,0,0,0
0.914,0,0,0,0,0,0,0,0
0.915,0,0,0,0,0,0,0,0
0.916,0,0,0,0,0,0,0,0
0.917,0,0,0,0,0,0,0,0
0.918,0,0,0,0,0,0,0,0
0.919,0,0,0,0,0,0,0,0
0.92,0,0,0,0,0,0,0,0
0.921,0,0,0,0,0,0,0,0
0.922,0,0,0,0,0,0,0,0
0.923,0,0,0,0,0,0,0,0
0.924,0,0,0,0,0,0,0,0
0.925,0,0,0,0,0,0,0,0
0.926,0,0,0,0,0,0,0,0
0.927,0,0,0,0,0,0,0,0
0.928,0,0,0,0,0,0,0,0
0.929,0,0,0,0,0,0,0,0
0.93,0,0,0,0,0,0,0,0
0.931,0,0,0,0,0,0,0,0
0.932,0,0,0,0,0,0,0,0
0.933,0,0,0,0,0,0,0,0
0.934,0,0,0,0,0,0,0,0
0.935,0,0,0,0,0,0,0,0
0.936,0,0,0,0,0,0,0,0
0.937,0,0,0,0,0,0,0,0
0.938,0,0,0,0,0,0,0,0
0.939,0,0,0,0,0,0,0,0
0.94,0,0,0,0,0,0,0,0
0.941,0,0,0,0,0,0,0,0
0.942,0,0,0,0,0,0,0,0
0.943,0,0,0,0,0,0,0,0
0.944,0,0,0,0,0,0,0,0
0.945,0,0,0,0,0,0,0,0
0.946,0,0,0,0,0,0,0,0
0.947,0,0,0,0,0,0,0,0
0.948,0,0,0,0,0,0,0,0
0.949,0,0,0,0,0,0,0,0
0.95,0,0,0,0,0,0,2.65E-04,0
0.951,0,0,0,0,0,0,6.07E-06,0
0.952,0,0,0,0,0,0,2.67E-04,0
0.953,0,0,0,0,0,0,9.06E-04,0
0.954,0,0,0,0,0,0,1.11E-03,0
0.955,0,0,0,0,0,0,7.22E-04,0
0.956,0,0,0,0,0,0,2.24E-04,0
0.957,0,0,0,0,0,0,5.65E-04,0
0.958,0,0,0,0,0,0,1.16E-03,0
0.959,0,0,0,0,0,0,1.39E-03,0
0.96,0,0,0,0,0,0,1.09E-03,0
0.961,0,0,0,0,0,0,8.56E-04,0
0.962,0,0,0,0,0,0,0.00101,0
0.963,0,0,0,0,0,0,1.36E-03,0
0.964,0,0,0,0,0,0,1.43E-03,0
0.965,0,0,0,0,0,0,1.39E-03,0
0.966,0,0,0,0,0,0,1.49E-03,0
0.967,0,0,0,0,0,0,1.82E-03,0
0.968,0,0,0,0,0,0,2.24E-03,0
0.969,0,0,0,0,0,0,2.59E-03,0
0.97,0,0,0,0,0,0,3.00E-03,0
0.971,0,0,0,0,0,0,3.96E-03,0
0.972,0,0,0,0,0,0,5.17E-03,0
0.973,0,0,0,0,0,0,5.40E-03,0
0.974,0,0,0,0,0,0,0.00568,0
0.975,0,0,0,0,0,0,0.00662,0
0.976,0,0,0,0,0,0,0.0084,0
0.977,0,0,0,0,0,0,0.01054,0
0.978,0,0,0,0,0,0,0.01279,0
0.979,0,0,0,0,0,0,0.01528,0
0.98,0,0,0,0,0,0,0.02005,0
0.981,0,0,0,0,0,0,0.02666,0
0.982,0,0,0,0,0,0,0.03481,0
0.983,0,0,0,0,0,0,0.04535,0
0.984,0,0,0,0,0,0,0.06433,0
0.985,0,0,0,0,0,0,0.08981,0
0.986,0,0,0,0,0,0,0.13052,0
0.987,0,0,0,0,0,0,0.18691,0
0.988,0,0,0,0,0,0,0.25698,0
0.989,0,0,0,0,0,0,0.34928,0
0.99,0,0,0,0,0,0,0.45683,0
0.991,0,0,0,0,0,0,0.55832,0
0.992,0,0,0,0,0,0,0.67111,0
0.993,0,0,0,0,0,0,0.77036,0
0.994,0,0,0,0,0,0,0.85214,0
0.995,0,0,0,0,0,0,0.90995,0
0.996,0,0,0,0,0,0,0.95443,0
0.997,0,0,0,0,0,0,0.98136,0
0.998,0,0,0,0,0,0,0.99596,0
0.999,0,0,0,0,0,0,1,0
1,0,0,0,0,0,0,0.99869,0
1.001,0,0,0,0,0,0,0.99381,0
1.002,0,0,0,0,0,0,0.9868,0
1.003,0,0,0,0,0,0,0.97594,0
1.004,0,0,0,0,0,0,0.952,0
1.005,0,0,0,0,0,0,0.91294,0
1.006,0,0,0,0,0,0,0.85181,0
1.007,0,0,0,0,0,0,0.77916,0
1.008,0,0,0,0,0,0,0.68565,0
1.009,0,0,0,0,0,0,0.57287,0
1.01,0,0,0,0,0,0,0.45775,0
1.011,0,0,0,0,0,0,0.35258,0
1.012,0,0,0,0,0,0,0.2641,0
1.013,0,0,0,0,0,0,0.18493,0
1.014,0,0,0,0,0,0,0.12815,0
1.015,0,0,0,0,0,0,0.08563,0
1.016,0,0,0,0,0,0,0.05655,0
1.017,0,0,0,0,0,0,0.03762,0
1.018,0,0,0,0,0,0,0.02615,0
1.019,0,0,0,0,0,0,0.01836,0
1.02,0,0,0,0,0,0,0.01244,0
1.021,0,0,0,0,0,0,0.00917,0
1.022,0,0,0,0,0,0,0.0067,0
1.023,0,0,0,0,0,0,0.00498,0
1.024,0,0,0,0,0,0,0.00346,0
1.025,0,0,0,0,0,0,0.00286,0
1.026,0,0,0,0,0,0,0.0025,0
1.027,0,0,0,0,0,0,0.00149,0
1.028,0,0,0,0,0,0,0.0012,0
1.029,0,0,0,0,0,0,0.00102,0
1.03,0,0,0,0,0,0,0.00106,0
1.031,0,0,0,0,0,0,8.12E-04,0
1.032,0,0,0,0,0,0,7.89E-04,0
1.033,0,0,0,0,0,0,0.00116,0
1.034,0,0,0,0,0,0,8.66E-04,0
1.035,0,0,0,0,0,0,6.30E-04,0
1.036,0,0,0,0,0,0,3.49E-04,0
1.037,0,0,0,0,0,0,5.69E-04,0
1.038,0,0,0,0,0,0,6.19E-04,0
1.039,0,0,0,0,0,0,2.07E-04,0
1.04,0,0,0,0,0,0,0.00E+00,0
1.041,0,0,0,0,0,0,2.57E-04,0
1.042,0,0,0,0,0,0,7.95E-04,0
1.043,0,0,0,0,0,0,1.69E-04,0
1.044,0,0,0,0,0,0,3.98E-05,0
1.045,0,0,0,0,0,0,2.36E-04,0
1.046,0,0,0,0,0,0,7.13E-04,0
1.047,0,0,0,0,0,0,5.57E-04,0
1.048,0,0,0,0,0,0,2.91E-04,0
1.049,0,0,0,0,0,0,6.07E-05,0
1.05,0,0,0,0,0,0,2.51E-04,0
1.051,0,0,0,0,0,0,0,0
1.052,0,0,0,0,0,0,0,0
1.053,0,0,0,0,0,0,0,0
1.054,0,0,0,0,0,0,0,0
1.055,0,0,0,0,0,0,0,0
1.056,0,0,0,0,0,0,0,0
1.057,0,0,0,0,0,0,0,0
1.058,0,0,0,0,0,0,0,0
1.059,0,0,0,0,0,0,0,0
1.06,0,0,0,0,0,0,0,0
1.061,0,0,0,0,0,0,0,0
1.062,0,0,0,0,0,0,0,0
1.063,0,0,0,0,0,0,0,0
1.064,0,0,0,0,0,0,0,0
1.065,0,0,0,0,0,0,0,0
1.066,0,0,0,0,0,0,0,0
1.067,0,0,0,0,0,0,0,0
1.068,0,0,0,0,0,0,0,0
1.069,0,0,0,0,0,0,0,0
1.07,0,0,0,0,0,0,0,0
1.071,0,0,0,0,0,0,0,0
1.072,0,0,0,0,0,0,0,0
1.073,0,0,0,0,0,0,0,0
1.074,0,0,0,0,0,0,0,0
1.075,0,0,0,0,0,0,0,0
1.076,0,0,0,0,0,0,0,0
1.077,0,0,0,0,0,0,0,0
1.078,0,0,0,0,0,0,0,0
1.079,0,0,0,0,0,0,0,0
1.08,0,0,0,0,0,0,0,0
1.081,0,0,0,0,0,0,0,0
1.082,0,0,0,0,0,0,0,0
1.083,0,0,0,0,0,0,0,0
1.084,0,0,0,0,0,0,0,0
1.085,0,0,0,0,0,0,0,0
1.086,0,0,0,0,0,0,0,0
1.087,0,0,0,0,0,0,0,0
1.088,0,0,0,0,0,0,0,0
1.089,0,0,0,0,0,0,0,0
1.09,0,0,0,0,0,0,0,0
1.091,0,0,0,0,0,0,0,0
1.092,0,0,0,0,0,0,0,0
1.093,0,0,0,0,0,0,0,0
1.094,0,0,0,0,0,0,0,0
1.095,0,0,0,0,0,0,0,0
1.096,0,0,0,0,0,0,0,0
1.097,0,0,0,0,0,0,0,0
1.098,0,0,0,0,0,0,0,0
1.099,0,0,0,0,0,0,0,0
1.1,0,0,0,0,0,0,0,0
1.101,0,0,0,0,0,0,0,0
1.102,0,0,0,0,0,0,0,0
1.103,0,0,0,0,0,0,0,0
1.104,0,0,0,0,0,0,0,0
1.105,0,0,0,0,0,0,0,0
1.106,0,0,0,0,0,0,0,0
1.107,0,0,0,0,0,0,0,0
1.108,0,0,0,0,0,0,0,0
1.109,0,0,0,0,0,0,0,0
1.11,0,0,0,0,0,0,0,0
1.111,0,0,0,0,0,0,0,0
1.112,0,0,0,0,0,0,0,0
1.113,0,0,0,0,0,0,0,0
1.114,0,0,0,0,0,0,0,0
1.115,0,0,0,0,0,0,0,0
1.116,0,0,0,0,0,0,0,0
1.117,0,0,0,0,0,0,0,0
1.118,0,0,0,0,0,0,0,0
1.119,0,0,0,0,0,0,0,0
1.12,0,0,0,0,0,0,0,0
1.121,0,0,0,0,0,0,0,0
1.122,0,0,0,0,0,0,0,0
1.123,0,0,0,0,0,0,0,0
1.124,0,0,0,0,0,0,0,0
1.125,0,0,0,0,0,0,0,0
1.126,0,0,0,0,0,0,0,0
1.127,0,0,0,0,0,0,0,0
1.128,0,0,0,0,0,0,0,0
1.129,0,0,0,0,0,0,0,0
1.13,0,0,0,0,0,0,0,0
1.131,0,0,0,0,0,0,0,0
1.132,0,0,0,0,0,0,0,0
1.133,0,0,0,0,0,0,0,0
1.134,0,0,0,0,0,0,0,0
1.135,0,0,0,0,0,0,0,0
1.136,0,0,0,0,0,0,0,0
1.137,0,0,0,0,0,0,0,0
1.138,0,0,0,0,0,0,0,0
1.139,0,0,0,0,0,0,0,0
1.14,0,0,0,0,0,0,0,0
1.141,0,0,0,0,0,0,0,0
1.142,0,0,0,0,0,0,0,0
1.143,0,0,0,0,0,0,0,0
1.144,0,0,0,0,0,0,0,0
1.145,0,0,0,0,0,0,0,0
1.146,0,0,0,0,0,0,0,0
1.147,0,0,0,0,0,0,0,0
1.148,0,0,0,0,0,0,0,0
1.149,0,0,0,0,0,0,0,0
1.15,0,0,0,0,0,0,0,0
1.151,0,0,0,0,0,0,0,0
1.152,0,0,0,0,0,0,0,0
1.153,0,0,0,0,0,0,0,0
1.154,0,0,0,0,0,0,0,0
1.155,0,0,0,0,0,0,0,0
1.156,0,0,0,0,0,0,0,0
1.157,0,0,0,0,0,0,0,0
1.158,0,0,0,0,0,0,0,0
1.159,0,0,0,0,0,0,0,0
1.16,0,0,0,0,0,0,0,0
1.161,0,0,0,0,0,0,0,0
1.162,0,0,0,0,0,0,0,0
1.163,0,0,0,0,0,0,0,0
1.164,0,0,0,0,0,0,0,0
1.165,0,0,0,0,0,0,0,0
1.166,0,0,0,0,0,0,0,0
1.167,0,0,0,0,0,0,0,0
1.168,0,0,0,0,0,0,0,0
1.169,0,0,0,0,0,0,0,0
1.17,0,0,0,0,0,0,0,0
1.171,0,0,0,0,0,0,0,0
1.172,0,0,0,0,0,0,0,0
1.173,0,0,0,0,0,0,0,0
1.174,0,0,0,0,0,0,0,0
1.175,0,0,0,0,0,0,0,0
1.176,0,0,0,0,0,0,0,0
1.177,0,0,0,0,0,0,0,0
1.178,0,0,0,0,0,0,0,0
1.179,0,0,0,0,0,0,0,0
1.18,0,0,0,0,0,0,0,0
1.181,0,0,0,0,0,0,0,0
1.182,0,0,0,0,0,0,0,0
1.183,0,0,0,0,0,0,0,0
1.184,0,0,0,0,0,0,0,0
1.185,0,0,0,0,0,0,0,0
1.186,0,0,0,0,0,0,0,0
1.187,0,0,0,0,0,0,0,0
1.188,0,0,0,0,0,0,0,0
1.189,0,0,0,0,0,0,0,0
1.19,0,0,0,0,0,0,0,0
1.191,0,0,0,0,0,0,0,0
1.192,0,0,0,0,0,0,0,0
1.193,0,0,0,0,0,0,0,0
1.194,0,0,0,0,0,0,0,0
1.195,0,0,0,0,0,0,0,0
1.196,0,0,0,0,0,0,0,0
1.197,0,0,0,0,0,0,0,0
1.198,0,0,0,0,0,0,0,0
1.199,0,0,0,0,0,0,0,0
1.2,0,0,0,0,0,0,0,0
1.201,0,0,0,0,0,0,0,0
1.202,0,0,0,0,0,0,0,0
1.203,0,0,0,0,0,0,0,0
1.204,0,0,0,0,0,0,0,0
1.205,0,0,0,0,0,0,0,0
1.206,0,0,0,0,0,0,0,0
1.207,0,0,0,0,0,0,0,0
1.208,0,0,0,0,0,0,0,0
1.209,0,0,0,0,0,0,0,0
1.21,0,0,0,0,0,0,0,0
1.211,0,0,0,0,0,0,0,0
1.212,0,0,0,0,0,0,0,0
1.213,0,0,0,0,0,0,0,0
1.214,0,0,0,0,0,0,0,0
1.215,0,0,0,0,0,0,0,0
1.216,0,0,0,0,0,0,0,0
1.217,0,0,0,0,0,0,0,0
1.218,0,0,0,0,0,0,0,0
1.219,0,0,0,0,0,0,0,0
1.22,0,0,0,0,0,0,0,0
1.221,0,0,0,0,0,0,0,0
1.222,0,0,0,0,0,0,0,0
1.223,0,0,0,0,0,0,0,0
1.224,0,0,0,0,0,0,0,0
1.225,0,0,0,0,0,0,0,0
1.226,0,0,0,0,0,0,0,0
1.227,0,0,0,0,0,0,0,0
1.228,0,0,0,0,0,0,0,0
1.229,0,0,0,0,0,0,0,0
1.23,0,0,0,0,0,0,0,0
1.231,0,0,0,0,0,0,0,0
1.232,0,0,0,0,0,0,0,0
1.233,0,0,0,0,0,0,0,0
1.234,0,0,0,0,0,0,0,0
1.235,0,0,0,0,0,0,0,0
1.236,0,0,0,0,0,0,0,0
1.237,0,0,0,0,0,0,0,0
1.238,0,0,0,0,0,0,0,0
1.239,0,0,0,0,0,0,0,0
1.24,0,0,0,0,0,0,0,0
1.241,0,0,0,0,0,0,0,0
1.242,0,0,0,0,0,0,0,0
1.243,0,0,0,0,0,0,0,0
1.244,0,0,0,0,0,0,0,0
1.245,0,0,0,0,0,0,0,0
1.246,0,0,0,0,0,0,0,0
1.247,0,0,0,0,0,0,0,0
1.248,0,0,0,0,0,0,0,0
1.249,0,0,0,0,0,0,0,0
1.25,0,0,0,0,0,0,0,0
1.251,0,0,0,0,0,0,0,0
1.252,0,0,0,0,0,0,0,0
1.253,0,0,0,0,0,0,0,0
1.254,0,0,0,0,0,0,0,0
1.255,0,0,0,0,0,0,0,0
1.256,0,0,0,0,0,0,0,0
1.257,0,0,0,0,0,0,0,0
1.258,0,0,0,0,0,0,0,0
1.259,0,0,0,0,0,0,0,0
1.26,0,0,0,0,0,0,0,0
1.261,0,0,0,0,0,0,0,0
1.262,0,0,0,0,0,0,0,0
1.263,0,0,0,0,0,0,0,0
1.264,0,0,0,0,0,0,0,0
1.265,0,0,0,0,0,0,0,0
1.266,0,0,0,0,0,0,0,0
1.267,0,0,0,0,0,0,0,0
1.268,0,0,0,0,0,0,0,0
1.269,0,0,0,0,0,0,0,0
1.27,0,0,0,0,0,0,0,0
1.271,0,0,0,0,0,0,0,0
1.272,0,0,0,0,0,0,0,0
1.273,0,0,0,0,0,0,0,0
1.274,0,0,0,0,0,0,0,0
1.275,0,0,0,0,0,0,0,0
1.276,0,0,0,0,0,0,0,0
1.277,0,0,0,0,0,0,0,0
1.278,0,0,0,0,0,0,0,0
1.279,0,0,0,0,0,0,0,0
1.28,0,0,0,0,0,0,0,0
1.281,0,0,0,0,0,0,0,0
1.282,0,0,0,0,0,0,0,0
1.283,0,0,0,0,0,0,0,0
1.284,0,0,0,0,0,0,0,0
1.285,0,0,0,0,0,0,0,0
1.286,0,0,0,0,0,0,0,0
1.287,0,0,0,0,0,0,0,0
1.288,0,0,0,0,0,0,0,0
1.289,0,0,0,0,0,0,0,0
1.29,0,0,0,0,0,0,0,0
1.291,0,0,0,0,0,0,0,0
1.292,0,0,0,0,0,0,0,0
1.293,0,0,0,0,0,0,0,0
1.294,0,0,0,0,0,0,0,0
1.295,0,0,0,0,0,0,0,0
1.296,0,0,0,0,0,0,0,0
1.297,0,0,0,0,0,0,0,0
1.298,0,0,0,0,0,0,0,0
1.299,0,0,0,0,0,0,0,0
1.3,0,0,0,0,0,0,0,0
1.301,0,0,0,0,0,0,0,0
1.302,0,0,0,0,0,0,0,0
1.303,0,0,0,0,0,0,0,0
1.304,0,0,0,0,0,0,0,0
1.305,0,0,0,0,0,0,0,0
1.306,0,0,0,0,0,0,0,0
1.307,0,0,0,0,0,0,0,0
1.308,0,0,0,0,0,0,0,0
1.309,0,0,0,0,0,0,0,0
1.31,0,0,0,0,0,0,0,0
1.311,0,0,0,0,0,0,0,0
1.312,0,0,0,0,0,0,0,0
1.313,0,0,0,0,0,0,0,0
1.314,0,0,0,0,0,0,0,0
1.315,0,0,0,0,0,0,0,0
1.316,0,0,0,0,0,0,0,0
1.317,0,0,0,0,0,0,0,0
1.318,0,0,0,0,0,0,0,0
1.319,0,0,0,0,0,0,0,0
1.32,0,0,0,0,0,0,0,0
1.321,0,0,0,0,0,0,0,0
1.322,0,0,0,0,0,0,0,0
1.323,0,0,0,0,0,0,0,0
1.324,0,0,0,0,0,0,0,0
1.325,0,0,0,0,0,0,0,0
1.326,0,0,0,0,0,0,0,0
1.327,0,0,0,0,0,0,0,0
1.328,0,0,0,0,0,0,0,0
1.329,0,0,0,0,0,0,0,0
1.33,0,0,0,0,0,0,0,0
1.331,0,0,0,0,0,0,0,0
1.332,0,0,0,0,0,0,0,0
1.333,0,0,0,0,0,0,0,0
1.334,0,0,0,0,0,0,0,0
1.335,0,0,0,0,0,0,0,0
1.336,0,0,0,0,0,0,0,0
1.337,0,0,0,0,0,0,0,0
1.338,0,0,0,0,0,0,0,0
1.339,0,0,0,0,0,0,0,0
1.34,0,0,0,0,0,0,0,0
1.341,0,0,0,0,0,0,0,0
1.342,0,0,0,0,0,0,0,0
1.343,0,0,0,0,0,0,0,0
1.344,0,0,0,0,0,0,0,0
1.345,0,0,0,0,0,0,0,0
1.346,0,0,0,0,0,0,0,0
1.347,0,0,0,0,0,0,0,0
1.348,0,0,0,0,0,0,0,0
1.349,0,0,0,0,0,0,0,0
1.35,0,0,0,0,0,0,0,0
1.351,0,0,0,0,0,0,0,0
1.352,0,0,0,0,0,0,0,0
1.353,0,0,0,0,0,0,0,0
1.354,0,0,0,0,0,0,0,0
1.355,0,0,0,0,0,0,0,0
1.356,0,0,0,0,0,0,0,0
1.357,0,0,0,0,0,0,0,0
1.358,0,0,0,0,0,0,0,0
1.359,0,0,0,0,0,0,0,0
1.36,0,0,0,0,0,0,0,0
1.361,0,0,0,0,0,0,0,0
1.362,0,0,0,0,0,0,0,0
1.363,0,0,0,0,0,0,0,0
1.364,0,0,0,0,0,0,0,0
1.365,0,0,0,0,0,0,0,0
1.366,0,0,0,0,0,0,0,0
1.367,0,0,0,0,0,0,0,0
1.368,0,0,0,0,0,0,0,0
1.369,0,0,0,0,0,0,0,0
1.37,0,0,0,0,0,0,0,0
1.371,0,0,0,0,0,0,0,0
1.372,0,0,0,0,0,0,0,0
1.373,0,0,0,0,0,0,0,0
1.374,0,0,0,0,0,0,0,0
1.375,0,0,0,0,0,0,0,0
1.376,0,0,0,0,0,0,0,0
1.377,0,0,0,0,0,0,0,0
1.378,0,0,0,0,0,0,0,0
1.379,0,0,0,0,0,0,0,0
1.38,0,0,0,0,0,0,0,0
1.381,0,0,0,0,0,0,0,0
1.382,0,0,0,0,0,0,0,0
1.383,0,0,0,0,0,0,0,0
1.384,0,0,0,0,0,0,0,0
1.385,0,0,0,0,0,0,0,0
1.386,0,0,0,0,0,0,0,0
1.387,0,0,0,0,0,0,0,0
1.388,0,0,0,0,0,0,0,0
1.389,0,0,0,0,0,0,0,0
1.39,0,0,0,0,0,0,0,0
1.391,0,0,0,0,0,0,0,0
1.392,0,0,0,0,0,0,0,0
1.393,0,0,0,0,0,0,0,0
1.394,0,0,0,0,0,0,0,0
1.395,0,0,0,0,0,0,0,0
1.396,0,0,0,0,0,0,0,0
1.397,0,0,0,0,0,0,0,0
1.398,0,0,0,0,0,0,0,0
1.399,0,0,0,0,0,0,0,0
1.4,0,0,0,0,0,0,0,0
1.401,0,0,0,0,0,0,0,0
1.402,0,0,0,0,0,0,0,0
1.403,0,0,0,0,0,0,0,0
1.404,0,0,0,0,0,0,0,0
1.405,0,0,0,0,0,0,0,0
1.406,0,0,0,0,0,0,0,0
1.407,0,0,0,0,0,0,0,0
1.408,0,0,0,0,0,0,0,0
1.409,0,0,0,0,0,0,0,0
1.41,0,0,0,0,0,0,0,0
1.411,0,0,0,0,0,0,0,0
1.412,0,0,0,0,0,0,0,0
1.413,0,0,0,0,0,0,0,0
1.414,0,0,0,0,0,0,0,0
1.415,0,0,0,0,0,0,0,0
1.416,0,0,0,0,0,0,0,0
1.417,0,0,0,0,0,0,0,0
1.418,0,0,0,0,0,0,0,0
1.419,0,0,0,0,0,0,0,0
1.42,0,0,0,0,0,0,0,0
1.421,0,0,0,0,0,0,0,0
1.422,0,0,0,0,0,0,0,0
1.423,0,0,0,0,0,0,0,0
1.424,0,0,0,0,0,0,0,0
1.425,0,0,0,0,0,0,0,0
1.426,0,0,0,0,0,0,0,0
1.427,0,0,0,0,0,0,0,0
1.428,0,0,0,0,0,0,0,0
1.429,0,0,0,0,0,0,0,0
1.43,0,0,0,0,0,0,0,0
1.431,0,0,0,0,0,0,0,0
1.432,0,0,0,0,0,0,0,0
1.433,0,0,0,0,0,0,0,0
1.434,0,0,0,0,0,0,0,0
1.435,0,0,0,0,0,0,0,0
1.436,0,0,0,0,0,0,0,0
1.437,0,0,0,0,0,0,0,0
1.438,0,0,0,0,0,0,0,0
1.439,0,0,0,0,0,0,0,0
1.44,0,0,0,0,0,0,0,0
1.441,0,0,0,0,0,0,0,0
1.442,0,0,0,0,0,0,0,0
1.443,0,0,0,0,0,0,0,0
1.444,0,0,0,0,0,0,0,0
1.445,0,0,0,0,0,0,0,0
1.446,0,0,0,0,0,0,0,0
1.447,0,0,0,0,0,0,0,0
1.448,0,0,0,0,0,0,0,0
1.449,0,0,0,0,0,0,0,0
1.45,0,0,0,0,0,0,0,0
1.451,0,0,0,0,0,0,0,0
1.452,0,0,0,0,0,0,0,0
1.453,0,0,0,0,0,0,0,0
1.454,0,0,0,0,0,0,0,0
1.455,0,0,0,0,0,0,0,0
1.456,0,0,0,0,0,0,0,0
1.457,0,0,0,0,0,0,0,0
1.458,0,0,0,0,0,0,0,0
1.459,0,0,0,0,0,0,0,0
1.46,0,0,0,0,0,0,0,0
1.461,0,0,0,0,0,0,0,0
1.462,0,0,0,0,0,0,0,0
1.463,0,0,0,0,0,0,0,0
1.464,0,0,0,0,0,0,0,0
1.465,0,0,0,0,0,0,0,0
1.466,0,0,0,0,0,0,0,0
1.467,0,0,0,0,0,0,0,0
1.468,0,0,0,0,0,0,0,0
1.469,0,0,0,0,0,0,0,0
1.47,0,0,0,0,0,0,0,0
1.471,0,0,0,0,0,0,0,0
1.472,0,0,0,0,0,0,0,0
1.473,0,0,0,0,0,0,0,0
1.474,0,0,0,0,0,0,0,0
1.475,0,0,0,0,0,0,0,0
1.476,0,0,0,0,0,0,0,0
1.477,0,0,0,0,0,0,0,0
1.478,0,0,0,0,0,0,0,0
1.479,0,0,0,0,0,0,0,0
1.48,0,0,0,0,0,0,0,0
1.481,0,0,0,0,0,0,0,0
1.482,0,0,0,0,0,0,0,0
1.483,0,0,0,0,0,0,0,0
1.484,0,0,0,0,0,0,0,0
1.485,0,0,0,0,0,0,0,0
1.486,0,0,0,0,0,0,0,0
1.487,0,0,0,0,0,0,0,0
1.488,0,0,0,0,0,0,0,0
1.489,0,0,0,0,0,0,0,0
1.49,0,0,0,0,0,0,0,0
1.491,0,0,0,0,0,0,0,0
1.492,0,0,0,0,0,0,0,0
1.493,0,0,0,0,0,0,0,0
1.494,0,0,0,0,0,0,0,0
1.495,0,0,0,0,0,0,0,0
1.496,0,0,0,0,0,0,0,0
1.497,0,0,0,0,0,0,0,0
1.498,0,0,0,0,0,0,0,0
1.499,0,0,0,0,0,0,0,0
1.5,0,0,0,0,0,0,0,1.85E-03
1.501,0,0,0,0,0,0,0,1.65E-03
1.502,0,0,0,0,0,0,0,8.70E-04
1.503,0,0,0,0,0,0,0,7.65E-04
1.504,0,0,0,0,0,0,0,1.13E-03
1.505,0,0,0,0,0,0,0,1.26E-03
1.506,0,0,0,0,0,0,0,1.29E-03
1.507,0,0,0,0,0,0,0,1.52E-03
1.508,0,0,0,0,0,0,0,2.08E-03
1.509,0,0,0,0,0,0,0,2.47E-03
1.51,0,0,0,0,0,0,0,2.40E-03
1.511,0,0,0,0,0,0,0,3.23E-03
1.512,0,0,0,0,0,0,0,0.00347
1.513,0,0,0,0,0,0,0,3.19E-03
1.514,0,0,0,0,0,0,0,3.01E-03
1.515,0,0,0,0,0,0,0,2.99E-03
1.516,0,0,0,0,0,0,0,3.32E-03
1.517,0,0,0,0,0,0,0,4.19E-03
1.518,0,0,0,0,0,0,0,4.88E-03
1.519,0,0,0,0,0,0,0,5.57E-03
1.52,0,0,0,0,0,0,0,6.62E-03
1.521,0,0,0,0,0,0,0,7.53E-03
1.522,0,0,0,0,0,0,0,9.13E-03
1.523,0,0,0,0,0,0,0,1.05E-02
1.524,0,0,0,0,0,0,0,0.01183
1.525,0,0,0,0,0,0,0,0.01386
1.526,0,0,0,0,0,0,0,0.01676
1.527,0,0,0,0,0,0,0,0.02059
1.528,0,0,0,0,0,0,0,0.02553
1.529,0,0,0,0,0,0,0,0.03247
1.53,0,0,0,0,0,0,0,0.04226
1.531,0,0,0,0,0,0,0,0.05607
1.532,0,0,0,0,0,0,0,0.07536
1.533,0,0,0,0,0,0,0,0.10579
1.534,0,0,0,0,0,0,0,0.14909
1.535,0,0,0,0,0,0,0,0.20567
1.536,0,0,0,0,0,0,0,0.29344
1.537,0,0,0,0,0,0,0,0.39606
1.538,0,0,0,0,0,0,0,0.50566
1.539,0,0,0,0,0,0,0,0.61968
1.54,0,0,0,0,0,0,0,0.72631
1.541,0,0,0,0,0,0,0,0.81528
1.542,0,0,0,0,0,0,0,0.88942
1.543,0,0,0,0,0,0,0,0.94174
1.544,0,0,0,0,0,0,0,0.97359
1.545,0,0,0,0,0,0,0,0.99143
1.546,0,0,0,0,0,0,0,0.99887
1.547,0,0,0,0,0,0,0,1
1.548,0,0,0,0,0,0,0,0.99878
1.549,0,0,0,0,0,0,0,0.99614
1.55,0,0,0,0,0,0,0,0.99322
1.551,0,0,0,0,0,0,0,0.98876
1.552,0,0,0,0,0,0,0,0.98508
1.553,0,0,0,0,0,0,0,0.97736
1.554,0,0,0,0,0,0,0,0.96151
1.555,0,0,0,0,0,0,0,0.93394
1.556,0,0,0,0,0,0,0,0.89019
1.557,0,0,0,0,0,0,0,0.82534
1.558,0,0,0,0,0,0,0,0.74039
1.559,0,0,0,0,0,0,0,0.63896
1.56,0,0,0,0,0,0,0,0.53161
1.561,0,0,0,0,0,0,0,0.42447
1.562,0,0,0,0,0,0,0,0.32704
1.563,0,0,0,0,0,0,0,0.24285
1.564,0,0,0,0,0,0,0,0.17856
1.565,0,0,0,0,0,0,0,0.12843
1.566,0,0,0,0,0,0,0,0.0922
1.567,0,0,0,0,0,0,0,0.06626
1.568,0,0,0,0,0,0,0,0.04866
1.569,0,0,0,0,0,0,0,0.03603
1.57,0,0,0,0,0,0,0,0.02586
1.571,0,0,0,0,0,0,0,0.01948
1.572,0,0,0,0,0,0,0,0.01488
1.573,0,0,0,0,0,0,0,0.01171
1.574,0,0,0,0,0,0,0,0.00916
1.575,0,0,0,0,0,0,0,0.0076
1.576,0,0,0,0,0,0,0,0.00591
1.577,0,0,0,0,0,0,0,0.00481
1.578,0,0,0,0,0,0,0,0.00431
1.579,0,0,0,0,0,0,0,0.00359
1.58,0,0,0,0,0,0,0,0.00315
1.581,0,0,0,0,0,0,0,0.00268
1.582,0,0,0,0,0,0,0,0.0018
1.583,0,0,0,0,0,0,0,0.00114
1.584,0,0,0,0,0,0,0,0.00145
1.585,0,0,0,0,0,0,0,0.00115
1.586,0,0,0,0,0,0,0,0.00116
1.587,0,0,0,0,0,0,0,1.04E-03
1.588,0,0,0,0,0,0,0,1.24E-03
1.589,0,0,0,0,0,0,0,1.31E-03
1.59,0,0,0,0,0,0,0,1.06E-03
1.591,0,0,0,0,0,0,0,1.30E-03
1.592,0,0,0,0,0,0,0,1.50E-03
1.593,0,0,0,0,0,0,0,1.18E-03
1.594,0,0,0,0,0,0,0,1.14E-03
1.595,0,0,0,0,0,0,0,3.57E-04
1.596,0,0,0,0,0,0,0,0.00E+00
1.597,0,0,0,0,0,0,0,3.94E-04
1.598,0,0,0,0,0,0,0,4.45E-04
1.599,0,0,0,0,0,0,0,1.03E-03
1.6,0,0,0,0,0,0,0,5.83E-04
1.601,0,0,0,0,0,0,0,0
1.602,0,0,0,0,0,0,0,0
1.603,0,0,0,0,0,0,0,0
1.604,0,0,0,0,0,0,0,0
1.605,0,0,0,0,0,0,0,0
1.606,0,0,0,0,0,0,0,0
1.607,0,0,0,0,0,0,0,0
1.608,0,0,0,0,0,0,0,0
1.609,0,0,0,0,0,0,0,0
1.61,0,0,0,0,0,0,0,0
1.611,0,0,0,0,0,0,0,0
1.612,0,0,0,0,0,0,0,0
1.613,0,0,0,0,0,0,0,0
1.614,0,0,0,0,0,0,0,0
1.615,0,0,0,0,0,0,0,0
1.616,0,0,0,0,0,0,0,0
1.617,0,0,0,0,0,0,0,0
1.618,0,0,0,0,0,0,0,0
1.619,0,0,0,0,0,0,0,0
1.62,0,0,0,0,0,0,0,0
1.621,0,0,0,0,0,0,0,0
1.622,0,0,0,0,0,0,0,0
1.623,0,0,0,0,0,0,0,0
1.624,0,0,0,0,0,0,0,0
1.625,0,0,0,0,0,0,0,0
1.626,0,0,0,0,0,0,0,0
1.627,0,0,0,0,0,0,0,0
1.628,0,0,0,0,0,0,0,0
1.629,0,0,0,0,0,0,0,0
1.63,0,0,0,0,0,0,0,0
1.631,0,0,0,0,0,0,0,0
1.632,0,0,0,0,0,0,0,0
1.633,0,0,0,0,0,0,0,0
1.634,0,0,0,0,0,0,0,0
1.635,0,0,0,0,0,0,0,0
1.636,0,0,0,0,0,0,0,0
1.637,0,0,0,0,0,0,0,0
1.638,0,0,0,0,0,0,0,0
1.639,0,0,0,0,0,0,0,0
1.64,0,0,0,0,0,0,0,0
1.641,0,0,0,0,0,0,0,0
1.642,0,0,0,0,0,0,0,0
1.643,0,0,0,0,0,0,0,0
1.644,0,0,0,0,0,0,0,0
1.645,0,0,0,0,0,0,0,0
1.646,0,0,0,0,0,0,0,0
1.647,0,0,0,0,0,0,0,0
1.648,0,0,0,0,0,0,0,0
1.649,0,0,0,0,0,0,0,0
1.65,0,0,0,0,0,0,0,0
1.651,0,0,0,0,0,0,0,0
1.652,0,0,0,0,0,0,0,0
1.653,0,0,0,0,0,0,0,0
1.654,0,0,0,0,0,0,0,0
1.655,0,0,0,0,0,0,0,0
1.656,0,0,0,0,0,0,0,0
1.657,0,0,0,0,0,0,0,0
1.658,0,0,0,0,0,0,0,0
1.659,0,0,0,0,0,0,0,0
1.66,0,0,0,0,0,0,0,0
1.661,0,0,0,0,0,0,0,0
1.662,0,0,0,0,0,0,0,0
1.663,0,0,0,0,0,0,0,0
1.664,0,0,0,0,0,0,0,0
1.665,0,0,0,0,0,0,0,0
1.666,0,0,0,0,0,0,0,0
1.667,0,0,0,0,0,0,0,0
1.668,0,0,0,0,0,0,0,0
1.669,0,0,0,0,0,0,0,0
1.67,0,0,0,0,0,0,0,0
1.671,0,0,0,0,0,0,0,0
1.672,0,0,0,0,0,0,0,0
1.673,0,0,0,0,0,0,0,0
1.674,0,0,0,0,0,0,0,0
1.675,0,0,0,0,0,0,0,0
1.676,0,0,0,0,0,0,0,0
1.677,0,0,0,0,0,0,0,0
1.678,0,0,0,0,0,0,0,0
1.679,0,0,0,0,0,0,0,0
1.68,0,0,0,0,0,0,0,0
1.681,0,0,0,0,0,0,0,0
1.682,0,0,0,0,0,0,0,0
1.683,0,0,0,0,0,0,0,0
1.684,0,0,0,0,0,0,0,0
1.685,0,0,0,0,0,0,0,0
1.686,0,0,0,0,0,0,0,0
1.687,0,0,0,0,0,0,0,0
1.688,0,0,0,0,0,0,0,0
1.689,0,0,0,0,0,0,0,0
1.69,0,0,0,0,0,0,0,0
1.691,0,0,0,0,0,0,0,0
1.692,0,0,0,0,0,0,0,0
1.693,0,0,0,0,0,0,0,0
1.694,0,0,0,0,0,0,0,0
1.695,0,0,0,0,0,0,0,0
1.696,0,0,0,0,0,0,0,0
1.697,0,0,0,0,0,0,0,0
1.698,0,0,0,0,0,0,0,0
1.699,0,0,0,0,0,0,0,0
1.7,0,0,0,0,0,0,0,0
1.701,0,0,0,0,0,0,0,0
1.702,0,0,0,0,0,0,0,0
1.703,0,0,0,0,0,0,0,0
1.704,0,0,0,0,0,0,0,0
1.705,0,0,0,0,0,0,0,0
1.706,0,0,0,0,0,0,0,0
1.707,0,0,0,0,0,0,0,0
1.708,0,0,0,0,0,0,0,0
1.709,0,0,0,0,0,0,0,0
1.71,0,0,0,0,0,0,0,0
1.711,0,0,0,0,0,0,0,0
1.712,0,0,0,0,0,0,0,0
1.713,0,0,0,0,0,0,0,0
1.714,0,0,0,0,0,0,0,0
1.715,0,0,0,0,0,0,0,0
1.716,0,0,0,0,0,0,0,0
1.717,0,0,0,0,0,0,0,0
1.718,0,0,0,0,0,0,0,0
1.719,0,0,0,0,0,0,0,0
1.72,0,0,0,0,0,0,0,0
1.721,0,0,0,0,0,0,0,0
1.722,0,0,0,0,0,0,0,0
1.723,0,0,0,0,0,0,0,0
1.724,0,0,0,0,0,0,0,0
1.725,0,0,0,0,0,0,0,0
1.726,0,0,0,0,0,0,0,0
1.727,0,0,0,0,0,0,0,0
1.728,0,0,0,0,0,0,0,0
1.729,0,0,0,0,0,0,0,0
1.73,0,0,0,0,0,0,0,0
1.731,0,0,0,0,0,0,0,0
1.732,0,0,0,0,0,0,0,0
1.733,0,0,0,0,0,0,0,0
1.734,0,0,0,0,0,0,0,0
1.735,0,0,0,0,0,0,0,0
1.736,0,0,0,0,0,0,0,0
1.737,0,0,0,0,0,0,0,0
1.738,0,0,0,0,0,0,0,0
1.739,0,0,0,0,0,0,0,0
1.74,0,0,0,0,0,0,0,0
1.741,0,0,0,0,0,0,0,0
1.742,0,0,0,0,0,0,0,0
1.743,0,0,0,0,0,0,0,0
1.744,0,0,0,0,0,0,0,0
1.745,0,0,0,0,0,0,0,0
1.746,0,0,0,0,0,0,0,0
1.747,0,0,0,0,0,0,0,0
1.748,0,0,0,0,0,0,0,0
1.749,0,0,0,0,0,0,0,0
1.75,0,0,0,0,0,0,0,0
1.751,0,0,0,0,0,0,0,0
1.752,0,0,0,0,0,0,0,0
1.753,0,0,0,0,0,0,0,0
1.754,0,0,0,0,0,0,0,0
1.755,0,0,0,0,0,0,0,0
1.756,0,0,0,0,0,0,0,0
1.757,0,0,0,0,0,0,0,0
1.758,0,0,0,0,0,0,0,0
1.759,0,0,0,0,0,0,0,0
1.76,0,0,0,0,0,0,0,0
1.761,0,0,0,0,0,0,0,0
1.762,0,0,0,0,0,0,0,0
1.763,0,0,0,0,0,0,0,0
1.764,0,0,0,0,0,0,0,0
1.765,0,0,0,0,0,0,0,0
1.766,0,0,0,0,0,0,0,0
1.767,0,0,0,0,0,0,0,0
1.768,0,0,0,0,0,0,0,0
1.769,0,0,0,0,0,0,0,0
1.77,0,0,0,0,0,0,0,0
1.771,0,0,0,0,0,0,0,0
1.772,0,0,0,0,0,0,0,0
1.773,0,0,0,0,0,0,0,0
1.774,0,0,0,0,0,0,0,0
1.775,0,0,0,0,0,0,0,0
1.776,0,0,0,0,0,0,0,0
1.777,0,0,0,0,0,0,0,0
1.778,0,0,0,0,0,0,0,0
1.779,0,0,0,0,0,0,0,0
1.78,0,0,0,0,0,0,0,0
1.781,0,0,0,0,0,0,0,0
1.782,0,0,0,0,0,0,0,0
1.783,0,0,0,0,0,0,0,0
1.784,0,0,0,0,0,0,0,0
1.785,0,0,0,0,0,0,0,0
1.786,0,0,0,0,0,0,0,0
1.787,0,0,0,0,0,0,0,0
1.788,0,0,0,0,0,0,0,0
1.789,0,0,0,0,0,0,0,0
1.79,0,0,0,0,0,0,0,0
1.791,0,0,0,0,0,0,0,0
1.792,0,0,0,0,0,0,0,0
1.793,0,0,0,0,0,0,0,0
1.794,0,0,0,0,0,0,0,0
1.795,0,0,0,0,0,0,0,0
1.796,0,0,0,0,0,0,0,0
1.797,0,0,0,0,0,0,0,0
1.798,0,0,0,0,0,0,0,0
1.799,0,0,0,0,0,0,0,0
1.8,0,0,0,0,0,0,0,0
1.801,0,0,0,0,0,0,0,0
1.802,0,0,0,0,0,0,0,0
1.803,0,0,0,0,0,0,0,0
1.804,0,0,0,0,0,0,0,0
1.805,0,0,0,0,0,0,0,0
1.806,0,0,0,0,0,0,0,0
1.807,0,0,0,0,0,0,0,0
1.808,0,0,0,0,0,0,0,0
1.809,0,0,0,0,0,0,0,0
1.81,0,0,0,0,0,0,0,0
1.811,0,0,0,0,0,0,0,0
1.812,0,0,0,0,0,0,0,0
1.813,0,0,0,0,0,0,0,0
1.814,0,0,0,0,0,0,0,0
1.815,0,0,0,0,0,0,0,0
1.816,0,0,0,0,0,0,0,0
1.817,0,0,0,0,0,0,0,0
1.818,0,0,0,0,0,0,0,0
1.819,0,0,0,0,0,0,0,0
1.82,0,0,0,0,0,0,0,0
1.821,0,0,0,0,0,0,0,0
1.822,0,0,0,0,0,0,0,0
1.823,0,0,0,0,0,0,0,0
1.824,0,0,0,0,0,0,0,0
1.825,0,0,0,0,0,0,0,0
1.826,0,0,0,0,0,0,0,0
1.827,0,0,0,0,0,0,0,0
1.828,0,0,0,0,0,0,0,0
1.829,0,0,0,0,0,0,0,0
1.83,0,0,0,0,0,0,0,0
1.831,0,0,0,0,0,0,0,0
1.832,0,0,0,0,0,0,0,0
1.833,0,0,0,0,0,0,0,0
1.834,0,0,0,0,0,0,0,0
1.835,0,0,0,0,0,0,0,0
1.836,0,0,0,0,0,0,0,0
1.837,0,0,0,0,0,0,0,0
1.838,0,0,0,0,0,0,0,0
1.839,0,0,0,0,0,0,0,0
1.84,0,0,0,0,0,0,0,0
1.841,0,0,0,0,0,0,0,0
1.842,0,0,0,0,0,0,0,0
1.843,0,0,0,0,0,0,0,0
1.844,0,0,0,0,0,0,0,0
1.845,0,0,0,0,0,0,0,0
1.846,0,0,0,0,0,0,0,0
1.847,0,0,0,0,0,0,0,0
1.848,0,0,0,0,0,0,0,0
1.849,0,0,0,0,0,0,0,0
1.85,0,0,0,0,0,0,0,0
1.851,0,0,0,0,0,0,0,0
1.852,0,0,0,0,0,0,0,0
1.853,0,0,0,0,0,0,0,0
1.854,0,0,0,0,0,0,0,0
1.855,0,0,0,0,0,0,0,0
1.856,0,0,0,0,0,0,0,0
1.857,0,0,0,0,0,0,0,0
1.858,0,0,0,0,0,0,0,0
1.859,0,0,0,0,0,0,0,0
1.86,0,0,0,0,0,0,0,0
1.861,0,0,0,0,0,0,0,0
1.862,0,0,0,0,0,0,0,0
1.863,0,0,0,0,0,0,0,0
1.864,0,0,0,0,0,0,0,0
1.865,0,0,0,0,0,0,0,0
1.866,0,0,0,0,0,0,0,0
1.867,0,0,0,0,0,0,0,0
1.868,0,0,0,0,0,0,0,0
1.869,0,0,0,0,0,0,0,0
1.87,0,0,0,0,0,0,0,0
1.871,0,0,0,0,0,0,0,0
1.872,0,0,0,0,0,0,0,0
1.873,0,0,0,0,0,0,0,0
1.874,0,0,0,0,0,0,0,0
1.875,0,0,0,0,0,0,0,0
1.876,0,0,0,0,0,0,0,0
1.877,0,0,0,0,0,0,0,0
1.878,0,0,0,0,0,0,0,0
1.879,0,0,0,0,0,0,0,0
1.88,0,0,0,0,0,0,0,0
1.881,0,0,0,0,0,0,0,0
1.882,0,0,0,0,0,0,0,0
1.883,0,0,0,0,0,0,0,0
1.884,0,0,0,0,0,0,0,0
1.885,0,0,0,0,0,0,0,0
1.886,0,0,0,0,0,0,0,0
1.887,0,0,0,0,0,0,0,0
1.888,0,0,0,0,0,0,0,0
1.889,0,0,0,0,0,0,0,0
1.89,0,0,0,0,0,0,0,0
1.891,0,0,0,0,0,0,0,0
1.892,0,0,0,0,0,0,0,0
1.893,0,0,0,0,0,0,0,0
1.894,0,0,0,0,0,0,0,0
1.895,0,0,0,0,0,0,0,0
1.896,0,0,0,0,0,0,0,0
1.897,0,0,0,0,0,0,0,0
1.898,0,0,0,0,0,0,0,0
1.899,0,0,0,0,0,0,0,0
1.9,0,0,0,0,0,0,0,0
1.901,0,0,0,0,0,0,0,0
1.902,0,0,0,0,0,0,0,0
1.903,0,0,0,0,0,0,0,0
1.904,0,0,0,0,0,0,0,0
1.905,0,0,0,0,0,0,0,0
1.906,0,0,0,0,0,0,0,0
1.907,0,0,0,0,0,0,0,0
1.908,0,0,0,0,0,0,0,0
1.909,0,0,0,0,0,0,0,0
1.91,0,0,0,0,0,0,0,0
1.911,0,0,0,0,0,0,0,0
1.912,0,0,0,0,0,0,0,0
1.913,0,0,0,0,0,0,0,0
1.914,0,0,0,0,0,0,0,0
1.915,0,0,0,0,0,0,0,0
1.916,0,0,0,0,0,0,0,0
1.917,0,0,0,0,0,0,0,0
1.918,0,0,0,0,0,0,0,0
1.919,0,0,0,0,0,0,0,0
1.92,0,0,0,0,0,0,0,0
1.921,0,0,0,0,0,0,0,0
1.922,0,0,0,0,0,0,0,0
1.923,0,0,0,0,0,0,0,0
1.924,0,0,0,0,0,0,0,0
1.925,0,0,0,0,0,0,0,0
1.926,0,0,0,0,0,0,0,0
1.927,0,0,0,0,0,0,0,0
1.928,0,0,0,0,0,0,0,0
1.929,0,0,0,0,0,0,0,0
1.93,0,0,0,0,0,0,0,0
1.931,0,0,0,0,0,0,0,0
1.932,0,0,0,0,0,0,0,0
1.933,0,0,0,0,0,0,0,0
1.934,0,0,0,0,0,0,0,0
1.935,0,0,0,0,0,0,0,0
1.936,0,0,0,0,0,0,0,0
1.937,0,0,0,0,0,0,0,0
1.938,0,0,0,0,0,0,0,0
1.939,0,0,0,0,0,0,0,0
1.94,0,0,0,0,0,0,0,0
1.941,0,0,0,0,0,0,0,0
1.942,0,0,0,0,0,0,0,0
1.943,0,0,0,0,0,0,0,0
1.944,0,0,0,0,0,0,0,0
1.945,0,0,0,0,0,0,0,0
1.946,0,0,0,0,0,0,0,0
1.947,0,0,0,0,0,0,0,0
1.948,0,0,0,0,0,0,0,0
1.949,0,0,0,0,0,0,0,0
1.95,0,0,0,0,0,0,0,0
1.951,0,0,0,0,0,0,0,0
1.952,0,0,0,0,0,0,0,0
1.953,0,0,0,0,0,0,0,0
1.954,0,0,0,0,0,0,0,0
1.955,0,0,0,0,0,0,0,0
1.956,0,0,0,0,0,0,0,0
1.957,0,0,0,0,0,0,0,0
1.958,0,0,0,0,0,0,0,0
1.959,0,0,0,0,0,0,0,0
1.96,0,0,0,0,0,0,0,0
1.961,0,0,0,0,0,0,0,0
1.962,0,0,0,0,0,0,0,0
1.963,0,0,0,0,0,0,0,0
1.964,0,0,0,0,0,0,0,0
1.965,0,0,0,0,0,0,0,0
1.966,0,0,0,0,0,0,0,0
1.967,0,0,0,0,0,0,0,0
1.968,0,0,0,0,0,0,0,0
1.969,0,0,0,0,0,0,0,0
1.97,0,0,0,0,0,0,0,0
1.971,0,0,0,0,0,0,0,0
1.972,0,0,0,0,0,0,0,0
1.973,0,0,0,0,0,0,0,0
1.974,0,0,0,0,0,0,0,0
1.975,0,0,0,0,0,0,0,0
1.976,0,0,0,0,0,0,0,0
1.977,0,0,0,0,0,0,0,0
1.978,0,0,0,0,0,0,0,0
1.979,0,0,0,0,0,0,0,0
1.98,0,0,0,0,0,0,0,0
1.981,0,0,0,0,0,0,0,0
1.982,0,0,0,0,0,0,0,0
1.983,0,0,0,0,0,0,0,0
1.984,0,0,0,0,0,0,0,0
1.985,0,0,0,0,0,0,0,0
1.986,0,0,0,0,0,0,0,0
1.987,0,0,0,0,0,0,0,0
1.988,0,0,0,0,0,0,0,0
1.989,0,0,0,0,0,0,0,0
1.99,0,0,0,0,0,0,0,0
1.991,0,0,0,0,0,0,0,0
1.992,0,0,0,0,0,0,0,0
1.993,0,0,0,0,0,0,0,0
1.994,0,0,0,0,0,0,0,0
1.995,0,0,0,0,0,0,0,0
1.996,0,0,0,0,0,0,0,0
1.997,0,0,0,0,0,0,0,0
1.998,0,0,0,0,0,0,0,0
1.999,0,0,0,0,0,0,0,0
2,0,0,0,0,0,0,0,0
2.001,0,0,0,0,0,0,0,0
2.002,0,0,0,0,0,0,0,0
2.003,0,0,0,0,0,0,0,0
2.004,0,0,0,0,0,0,0,0
2.005,0,0,0,0,0,0,0,0
2.006,0,0,0,0,0,0,0,0
2.007,0,0,0,0,0,0,0,0
2.008,0,0,0,0,0,0,0,0
2.009,0,0,0,0,0,0,0,0
2.01,0,0,0,0,0,0,0,0
2.011,0,0,0,0,0,0,0,0
2.012,0,0,0,0,0,0,0,0
2.013,0,0,0,0,0,0,0,0
2.014,0,0,0,0,0,0,0,0
2.015,0,0,0,0,0,0,0,0
2.016,0,0,0,0,0,0,0,0
2.017,0,0,0,0,0,0,0,0
2.018,0,0,0,0,0,0,0,0
2.019,0,0,0,0,0,0,0,0
2.02,0,0,0,0,0,0,0,0
2.021,0,0,0,0,0,0,0,0
2.022,0,0,0,0,0,0,0,0
2.023,0,0,0,0,0,0,0,0
2.024,0,0,0,0,0,0,0,0
2.025,0,0,0,0,0,0,0,0
2.026,0,0,0,0,0,0,0,0
2.027,0,0,0,0,0,0,0,0
2.028,0,0,0,0,0,0,0,0
2.029,0,0,0,0,0,0,0,0
2.03,0,0,0,0,0,0,0,0
2.031,0,0,0,0,0,0,0,0
2.032,0,0,0,0,0,0,0,0
2.033,0,0,0,0,0,0,0,0
2.034,0,0,0,0,0,0,0,0
2.035,0,0,0,0,0,0,0,0
2.036,0,0,0,0,0,0,0,0
2.037,0,0,0,0,0,0,0,0
2.038,0,0,0,0,0,0,0,0
2.039,0,0,0,0,0,0,0,0
2.04,0,0,0,0,0,0,0,0
2.041,0,0,0,0,0,0,0,0
2.042,0,0,0,0,0,0,0,0
2.043,0,0,0,0,0,0,0,0
2.044,0,0,0,0,0,0,0,0
2.045,0,0,0,0,0,0,0,0
2.046,0,0,0,0,0,0,0,0
2.047,0,0,0,0,0,0,0,0
2.048,0,0,0,0,0,0,0,0
2.049,0,0,0,0,0,0,0,0
2.05,0,0,0,0,0,0,0,0
2.051,0,0,0,0,0,0,0,0
2.052,0,0,0,0,0,0,0,0
2.053,0,0,0,0,0,0,0,0
2.054,0,0,0,0,0,0,0,0
2.055,0,0,0,0,0,0,0,0
2.056,0,0,0,0,0,0,0,0
2.057,0,0,0,0,0,0,0,0
2.058,0,0,0,0,0,0,0,0
2.059,0,0,0,0,0,0,0,0
2.06,0,0,0,0,0,0,0,0
2.061,0,0,0,0,0,0,0,0
2.062,0,0,0,0,0,0,0,0
2.063,0,0,0,0,0,0,0,0
2.064,0,0,0,0,0,0,0,0
2.065,0,0,0,0,0,0,0,0
2.066,0,0,0,0,0,0,0,0
2.067,0,0,0,0,0,0,0,0
2.068,0,0,0,0,0,0,0,0
2.069,0,0,0,0,0,0,0,0
2.07,0,0,0,0,0,0,0,0
2.071,0,0,0,0,0,0,0,0
2.072,0,0,0,0,0,0,0,0
2.073,0,0,0,0,0,0,0,0
2.074,0,0,0,0,0,0,0,0
2.075,0,0,0,0,0,0,0,0
2.076,0,0,0,0,0,0,0,0
2.077,0,0,0,0,0,0,0,0
2.078,0,0,0,0,0,0,0,0
2.079,0,0,0,0,0,0,0,0
2.08,0,0,0,0,0,0,0,0
2.081,0,0,0,0,0,0,0,0
2.082,0,0,0,0,0,0,0,0
2.083,0,0,0,0,0,0,0,0
2.084,0,0,0,0,0,0,0,0
2.085,0,0,0,0,0,0,0,0
2.086,0,0,0,0,0,0,0,0
2.087,0,0,0,0,0,0,0,0
2.088,0,0,0,0,0,0,0,0
2.089,0,0,0,0,0,0,0,0
2.09,0,0,0,0,0,0,0,0
2.091,0,0,0,0,0,0,0,0
2.092,0,0,0,0,0,0,0,0
2.093,0,0,0,0,0,0,0,0
2.094,0,0,0,0,0,0,0,0
2.095,0,0,0,0,0,0,0,0
2.096,0,0,0,0,0,0,0,0
2.097,0,0,0,0,0,0,0,0
2.098,0,0,0,0,0,0,0,0
2.099,0,0,0,0,0,0,0,0
2.1,0,0,0,0,0,0,0,0
2.101,0,0,0,0,0,0,0,0
2.102,0,0,0,0,0,0,0,0
2.103,0,0,0,0,0,0,0,0
2.104,0,0,0,0,0,0,0,0
2.105,0,0,0,0,0,0,0,0
2.106,0,0,0,0,0,0,0,0
2.107,0,0,0,0,0,0,0,0
2.108,0,0,0,0,0,0,0,0
2.109,0,0,0,0,0,0,0,0
2.11,0,0,0,0,0,0,0,0
2.111,0,0,0,0,0,0,0,0
2.112,0,0,0,0,0,0,0,0
2.113,0,0,0,0,0,0,0,0
2.114,0,0,0,0,0,0,0,0
2.115,0,0,0,0,0,0,0,0
2.116,0,0,0,0,0,0,0,0
2.117,0,0,0,0,0,0,0,0
2.118,0,0,0,0,0,0,0,0
2.119,0,0,0,0,0,0,0,0
2.12,0,0,0,0,0,0,0,0
2.121,0,0,0,0,0,0,0,0
2.122,0,0,0,0,0,0,0,0
2.123,0,0,0,0,0,0,0,0
2.124,0,0,0,0,0,0,0,0
2.125,0,0,0,0,0,0,0,0
2.126,0,0,0,0,0,0,0,0
2.127,0,0,0,0,0,0,0,0
2.128,0,0,0,0,0,0,0,0
2.129,0,0,0,0,0,0,0,0
2.13,0,0,0,0,0,0,0,0
2.131,0,0,0,0,0,0,0,0
2.132,0,0,0,0,0,0,0,0
2.133,0,0,0,0,0,0,0,0
2.134,0,0,0,0,0,0,0,0
2.135,0,0,0,0,0,0,0,0
2.136,0,0,0,0,0,0,0,0
2.137,0,0,0,0,0,0,0,0
2.138,0,0,0,0,0,0,0,0
2.139,0,0,0,0,0,0,0,0
2.14,0,0,0,0,0,0,0,0
2.141,0,0,0,0,0,0,0,0
2.142,0,0,0,0,0,0,0,0
2.143,0,0,0,0,0,0,0,0
2.144,0,0,0,0,0,0,0,0
2.145,0,0,0,0,0,0,0,0
2.146,0,0,0,0,0,0,0,0
2.147,0,0,0,0,0,0,0,0
2.148,0,0,0,0,0,0,0,0
2.149,0,0,0,0,0,0,0,0
2.15,0,0,0,0,0,0,0,0
2.151,0,0,0,0,0,0,0,0
2.152,0,0,0,0,0,0,0,0
2.153,0,0,0,0,0,0,0,0
2.154,0,0,0,0,0,0,0,0
2.155,0,0,0,0,0,0,0,0
2.156,0,0,0,0,0,0,0,0
2.157,0,0,0,0,0,0,0,0
2.158,0,0,0,0,0,0,0,0
2.159,0,0,0,0,0,0,0,0
2.16,0,0,0,0,0,0,0,0
2.161,0,0,0,0,0,0,0,0
2.162,0,0,0,0,0,0,0,0
2.163,0,0,0,0,0,0,0,0
2.164,0,0,0,0,0,0,0,0
2.165,0,0,0,0,0,0,0,0
2.166,0,0,0,0,0,0,0,0
2.167,0,0,0,0,0,0,0,0
2.168,0,0,0,0,0,0,0,0
2.169,0,0,0,0,0,0,0,0
2.17,0,0,0,0,0,0,0,0
2.171,0,0,0,0,0,0,0,0
2.172,0,0,0,0,0,0,0,0
2.173,0,0,0,0,0,0,0,0
2.174,0,0,0,0,0,0,0,0
2.175,0,0,0,0,0,0,0,0
2.176,0,0,0,0,0,0,0,0
2.177,0,0,0,0,0,0,0,0
2.178,0,0,0,0,0,0,0,0
2.179,0,0,0,0,0,0,0,0
2.18,0,0,0,0,0,0,0,0
2.181,0,0,0,0,0,0,0,0
2.182,0,0,0,0,0,0,0,0
2.183,0,0,0,0,0,0,0,0
2.184,0,0,0,0,0,0,0,0
2.185,0,0,0,0,0,0,0,0
2.186,0,0,0,0,0,0,0,0
2.187,0,0,0,0,0,0,0,0
2.188,0,0,0,0,0,0,0,0
2.189,0,0,0,0,0,0,0,0
2.19,0,0,0,0,0,0,0,0
2.191,0,0,0,0,0,0,0,0
2.192,0,0,0,0,0,0,0,0
2.193,0,0,0,0,0,0,0,0
2.194,0,0,0,0,0,0,0,0
2.195,0,0,0,0,0,0,0,0
2.196,0,0,0,0,0,0,0,0
2.197,0,0,0,0,0,0,0,0
2.198,0,0,0,0,0,0,0,0
2.199,0,0,0,0,0,0,0,0
2.2,0,0,0,0,0,0,0,0
2.201,0,0,0,0,0,0,0,0
2.202,0,0,0,0,0,0,0,0
2.203,0,0,0,0,0,0,0,0
2.204,0,0,0,0,0,0,0,0
2.205,0,0,0,0,0,0,0,0
2.206,0,0,0,0,0,0,0,0
2.207,0,0,0,0,0,0,0,0
2.208,0,0,0,0,0,0,0,0
2.209,0,0,0,0,0,0,0,0
2.21,0,0,0,0,0,0,0,0
2.211,0,0,0,0,0,0,0,0
2.212,0,0,0,0,0,0,0,0
2.213,0,0,0,0,0,0,0,0
2.214,0,0,0,0,0,0,0,0
2.215,0,0,0,0,0,0,0,0
2.216,0,0,0,0,0,0,0,0
2.217,0,0,0,0,0,0,0,0
2.218,0,0,0,0,0,0,0,0
2.219,0,0,0,0,0,0,0,0
2.22,0,0,0,0,0,0,0,0
2.221,0,0,0,0,0,0,0,0
2.222,0,0,0,0,0,0,0,0
2.223,0,0,0,0,0,0,0,0
2.224,0,0,0,0,0,0,0,0
2.225,0,0,0,0,0,0,0,0
2.226,0,0,0,0,0,0,0,0
2.227,0,0,0,0,0,0,0,0
2.228,0,0,0,0,0,0,0,0
2.229,0,0,0,0,0,0,0,0
2.23,0,0,0,0,0,0,0,0
2.231,0,0,0,0,0,0,0,0
2.232,0,0,0,0,0,0,0,0
2.233,0,0,0,0,0,0,0,0
2.234,0,0,0,0,0,0,0,0
2.235,0,0,0,0,0,0,0,0
2.236,0,0,0,0,0,0,0,0
2.237,0,0,0,0,0,0,0,0
2.238,0,0,0,0,0,0,0,0
2.239,0,0,0,0,0,0,0,0
2.24,0,0,0,0,0,0,0,0
2.241,0,0,0,0,0,0,0,0
2.242,0,0,0,0,0,0,0,0
2.243,0,0,0,0,0,0,0,0
2.244,0,0,0,0,0,0,0,0
2.245,0,0,0,0,0,0,0,0
2.246,0,0,0,0,0,0,0,0
2.247,0,0,0,0,0,0,0,0
2.248,0,0,0,0,0,0,0,0
2.249,0,0,0,0,0,0,0,0
2.25,0,0,0,0,0,0,0,0
2.251,0,0,0,0,0,0,0,0
2.252,0,0,0,0,0,0,0,0
2.253,0,0,0,0,0,0,0,0
2.254,0,0,0,0,0,0,0,0
2.255,0,0,0,0,0,0,0,0
2.256,0,0,0,0,0,0,0,0
2.257,0,0,0,0,0,0,0,0
2.258,0,0,0,0,0,0,0,0
2.259,0,0,0,0,0,0,0,0
2.26,0,0,0,0,0,0,0,0
2.261,0,0,0,0,0,0,0,0
2.262,0,0,0,0,0,0,0,0
2.263,0,0,0,0,0,0,0,0
2.264,0,0,0,0,0,0,0,0
2.265,0,0,0,0,0,0,0,0
2.266,0,0,0,0,0,0,0,0
2.267,0,0,0,0,0,0,0,0
2.268,0,0,0,0,0,0,0,0
2.269,0,0,0,0,0,0,0,0
2.27,0,0,0,0,0,0,0,0
2.271,0,0,0,0,0,0,0,0
2.272,0,0,0,0,0,0,0,0
2.273,0,0,0,0,0,0,0,0
2.274,0,0,0,0,0,0,0,0
2.275,0,0,0,0,0,0,0,0
2.276,0,0,0,0,0,0,0,0
2.277,0,0,0,0,0,0,0,0
2.278,0,0,0,0,0,0,0,0
2.279,0,0,0,0,0,0,0,0
2.28,0,0,0,0,0,0,0,0
2.281,0,0,0,0,0,0,0,0
2.282,0,0,0,0,0,0,0,0
2.283,0,0,0,0,0,0,0,0
2.284,0,0,0,0,0,0,0,0
2.285,0,0,0,0,0,0,0,0
2.286,0,0,0,0,0,0,0,0
2.287,0,0,0,0,0,0,0,0
2.288,0,0,0,0,0,0,0,0
2.289,0,0,0,0,0,0,0,0
2.29,0,0,0,0,0,0,0,0
2.291,0,0,0,0,0,0,0,0
2.292,0,0,0,0,0,0,0,0
2.293,0,0,0,0,0,0,0,0
2.294,0,0,0,0,0,0,0,0
2.295,0,0,0,0,0,0,0,0
2.296,0,0,0,0,0,0,0,0
2.297,0,0,0,0,0,0,0,0
2.298,0,0,0,0,0,0,0,0
2.299,0,0,0,0,0,0,0,0
2.3,0,0,0,0,0,0,0,0
2.301,0,0,0,0,0,0,0,0
2.302,0,0,0,0,0,0,0,0
2.303,0,0,0,0,0,0,0,0
2.304,0,0,0,0,0,0,0,0
2.305,0,0,0,0,0,0,0,0
2.306,0,0,0,0,0,0,0,0
2.307,0,0,0,0,0,0,0,0
2.308,0,0,0,0,0,0,0,0
2.309,0,0,0,0,0,0,0,0
2.31,0,0,0,0,0,0,0,0
2.311,0,0,0,0,0,0,0,0
2.312,0,0,0,0,0,0,0,0
2.313,0,0,0,0,0,0,0,0
2.314,0,0,0,0,0,0,0,0
2.315,0,0,0,0,0,0,0,0
2.316,0,0,0,0,0,0,0,0
2.317,0,0,0,0,0,0,0,0
2.318,0,0,0,0,0,0,0,0
2.319,0,0,0,0,0,0,0,0
2.32,0,0,0,0,0,0,0,0
2.321,0,0,0,0,0,0,0,0
2.322,0,0,0,0,0,0,0,0
2.323,0,0,0,0,0,0,0,0
2.324,0,0,0,0,0,0,0,0
2.325,0,0,0,0,0,0,0,0
2.326,0,0,0,0,0,0,0,0
2.327,0,0,0,0,0,0,0,0
2.328,0,0,0,0,0,0,0,0
2.329,0,0,0,0,0,0,0,0
2.33,0,0,0,0,0,0,0,0
2.331,0,0,0,0,0,0,0,0
2.332,0,0,0,0,0,0,0,0
2.333,0,0,0,0,0,0,0,0
2.334,0,0,0,0,0,0,0,0
2.335,0,0,0,0,0,0,0,0
2.336,0,0,0,0,0,0,0,0
2.337,0,0,0,0,0,0,0,0
2.338,0,0,0,0,0,0,0,0
2.339,0,0,0,0,0,0,0,0
2.34,0,0,0,0,0,0,0,0
2.341,0,0,0,0,0,0,0,0
2.342,0,0,0,0,0,0,0,0
2.343,0,0,0,0,0,0,0,0
2.344,0,0,0,0,0,0,0,0
2.345,0,0,0,0,0,0,0,0
2.346,0,0,0,0,0,0,0,0
2.347,0,0,0,0,0,0,0,0
2.348,0,0,0,0,0,0,0,0
2.349,0,0,0,0,0,0,0,0
2.35,0,0,0,0,0,0,0,0
2.351,0,0,0,0,0,0,0,0
2.352,0,0,0,0,0,0,0,0
2.353,0,0,0,0,0,0,0,0
2.354,0,0,0,0,0,0,0,0
2.355,0,0,0,0,0,0,0,0
2.356,0,0,0,0,0,0,0,0
2.357,0,0,0,0,0,0,0,0
2.358,0,0,0,0,0,0,0,0
2.359,0,0,0,0,0,0,0,0
2.36,0,0,0,0,0,0,0,0
2.361,0,0,0,0,0,0,0,0
2.362,0,0,0,0,0,0,0,0
2.363,0,0,0,0,0,0,0,0
2.364,0,0,0,0,0,0,0,0
2.365,0,0,0,0,0,0,0,0
2.366,0,0,0,0,0,0,0,0
2.367,0,0,0,0,0,0,0,0
2.368,0,0,0,0,0,0,0,0
2.369,0,0,0,0,0,0,0,0
2.37,0,0,0,0,0,0,0,0
2.371,0,0,0,0,0,0,0,0
2.372,0,0,0,0,0,0,0,0
2.373,0,0,0,0,0,0,0,0
2.374,0,0,0,0,0,0,0,0
2.375,0,0,0,0,0,0,0,0
2.376,0,0,0,0,0,0,0,0
2.377,0,0,0,0,0,0,0,0
2.378,0,0,0,0,0,0,0,0
2.379,0,0,0,0,0,0,0,0
2.38,0,0,0,0,0,0,0,0
2.381,0,0,0,0,0,0,0,0
2.382,0,0,0,0,0,0,0,0
2.383,0,0,0,0,0,0,0,0
2.384,0,0,0,0,0,0,0,0
2.385,0,0,0,0,0,0,0,0
2.386,0,0,0,0,0,0,0,0
2.387,0,0,0,0,0,0,0,0
2.388,0,0,0,0,0,0,0,0
2.389,0,0,0,0,0,0,0,0
2.39,0,0,0,0,0,0,0,0
2.391,0,0,0,0,0,0,0,0
2.392,0,0,0,0,0,0,0,0
2.393,0,0,0,0,0,0,0,0
2.394,0,0,0,0,0,0,0,0
2.395,0,0,0,0,0,0,0,0
2.396,0,0,0,0,0,0,0,0
2.397,0,0,0,0,0,0,0,0
2.398,0,0,0,0,0,0,0,0
2.399,0,0,0,0,0,0,0,0
2.4,0,0,0,0,0,0,0,0
2.401,0,0,0,0,0,0,0,0
2.402,0,0,0,0,0,0,0,0
2.403,0,0,0,0,0,0,0,0
2.404,0,0,0,0,0,0,0,0
2.405,0,0,0,0,0,0,0,0
2.406,0,0,0,0,0,0,0,0
2.407,0,0,0,0,0,0,0,0
2.408,0,0,0,0,0,0,0,0
2.409,0,0,0,0,0,0,0,0
2.41,0,0,0,0,0,0,0,0
2.411,0,0,0,0,0,0,0,0
2.412,0,0,0,0,0,0,0,0
2.413,0,0,0,0,0,0,0,0
2.414,0,0,0,0,0,0,0,0
2.415,0,0,0,0,0,0,0,0
2.416,0,0,0,0,0,0,0,0
2.417,0,0,0,0,0,0,0,0
2.418,0,0,0,0,0,0,0,0
2.419,0,0,0,0,0,0,0,0
2.42,0,0,0,0,0,0,0,0
2.421,0,0,0,0,0,0,0,0
2.422,0,0,0,0,0,0,0,0
2.423,0,0,0,0,0,0,0,0
2.424,0,0,0,0,0,0,0,0
2.425,0,0,0,0,0,0,0,0
2.426,0,0,0,0,0,0,0,0
2.427,0,0,0,0,0,0,0,0
2.428,0,0,0,0,0,0,0,0
2.429,0,0,0,0,0,0,0,0
2.43,0,0,0,0,0,0,0,0
2.431,0,0,0,0,0,0,0,0
2.432,0,0,0,0,0,0,0,0
2.433,0,0,0,0,0,0,0,0
2.434,0,0,0,0,0,0,0,0
2.435,0,0,0,0,0,0,0,0
2.436,0,0,0,0,0,0,0,0
2.437,0,0,0,0,0,0,0,0
2.438,0,0,0,0,0,0,0,0
2.439,0,0,0,0,0,0,0,0
2.44,0,0,0,0,0,0,0,0
2.441,0,0,0,0,0,0,0,0
2.442,0,0,0,0,0,0,0,0
2.443,0,0,0,0,0,0,0,0
2.444,0,0,0,0,0,0,0,0
2.445,0,0,0,0,0,0,0,0
2.446,0,0,0,0,0,0,0,0
2.447,0,0,0,0,0,0,0,0
2.448,0,0,0,0,0,0,0,0
2.449,0,0,0,0,0,0,0,0
2.45,0,0,0,0,0,0,0,0
2.451,0,0,0,0,0,0,0,0
2.452,0,0,0,0,0,0,0,0
2.453,0,0,0,0,0,0,0,0
2.454,0,0,0,0,0,0,0,0
2.455,0,0,0,0,0,0,0,0
2.456,0,0,0,0,0,0,0,0
2.457,0,0,0,0,0,0,0,0
2.458,0,0,0,0,0,0,0,0
2.459,0,0,0,0,0,0,0,0
2.46,0,0,0,0,0,0,0,0
2.461,0,0,0,0,0,0,0,0
2.462,0,0,0,0,0,0,0,0
2.463,0,0,0,0,0,0,0,0
2.464,0,0,0,0,0,0,0,0
2.465,0,0,0,0,0,0,0,0
2.466,0,0,0,0,0,0,0,0
2.467,0,0,0,0,0,0,0,0
2.468,0,0,0,0,0,0,0,0
2.469,0,0,0,0,0,0,0,0
2.47,0,0,0,0,0,0,0,0
2.471,0,0,0,0,0,0,0,0
2.472,0,0,0,0,0,0,0,0
2.473,0,0,0,0,0,0,0,0
2.474,0,0,0,0,0,0,0,0
2.475,0,0,0,0,0,0,0,0
2.476,0,0,0,0,0,0,0,0
2.477,0,0,0,0,0,0,0,0
2.478,0,0,0,0,0,0,0,0
2.479,0,0,0,0,0,0,0,0
2.48,0,0,0,0,0,0,0,0
2.481,0,0,0,0,0,0,0,0
2.482,0,0,0,0,0,0,0,0
2.483,0,0,0,0,0,0,0,0
2.484,0,0,0,0,0,0,0,0
2.485,0,0,0,0,0,0,0,0
2.486,0,0,0,0,0,0,0,0
2.487,0,0,0,0,0,0,0,0
2.488,0,0,0,0,0,0,0,0
2.489,0,0,0,0,0,0,0,0
2.49,0,0,0,0,0,0,0,0
2.491,0,0,0,0,0,0,0,0
2.492,0,0,0,0,0,0,0,0
2.493,0,0,0,0,0,0,0,0
2.494,0,0,0,0,0,0,0,0
2.495,0,0,0,0,0,0,0,0
2.496,0,0,0,0,0,0,0,0
2.497,0,0,0,0,0,0,0,0
2.498,0,0,0,0,0,0,0,0
2.499,0,0,0,0,0,0,0,0
2.5,0,0,0,0,0,0,0,0
