wavelength,ch1,ch2,ch3,ch4,ch5,ch6,ch7,ch8,ch9,ch10
350,0,0,0,0,0,0,0,0,0,0
351,0,0,0,0,0,0,0,0,0,0
352,0,0,0,0,0,0,0,0,0,0
353,0,0,0,0,0,0,0,0,0,0
354,0,0,0,0,0,0,0,0,0,0
355,0,0,0,0,0,0,0,0,0,0
356,0,0,0,0,0,0,0,0,0,0
357,0,0,0,0,0,0,0,0,0,0
358,0,0,0,0,0,0,0,0,0,0
359,0,0,0,0,0,0,0,0,0,0
360,0,0,0,0,0,0,0,0,0,0
361,0.0000813,2.76E-05,5.69E-05,9.06E-06,0,0,0,1.92E-05,2.44E-06,9.46E-06
362,0.0001626,5.53E-05,0.000113894,1.81E-05,0,0,0,3.84E-05,4.88E-06,1.89E-05
363,0.0002439,8.29E-05,0.000170841,2.72E-05,0,0,0,5.77E-05,7.32E-06,2.84E-05
364,0.0003252,0.000110543,0.000227788,0.000036259,0,0,0,7.69E-05,9.77E-06,3.79E-05
365,0.0004065,0.000138179,0.000284735,4.53E-05,0,0,0,9.61E-05,1.22E-05,4.73E-05
366,0.0004878,0.000165815,0.000341681,5.44E-05,0,0,0,0.000115324,1.46E-05,5.68E-05
367,0.0005691,0.000193451,0.000398628,6.35E-05,0,0,0,0.000134545,1.71E-05,6.62E-05
368,0.0006504,0.000221086,0.000455575,0.000072518,0,0,0,0.000153766,1.95E-05,7.57E-05
369,0.0007317,0.000248722,0.000512522,8.16E-05,0,0,0,0.000172986,2.20E-05,8.52E-05
370,0.000813,0.000276358,0.000569469,9.06E-05,0,0,0,0.000192207,2.44E-05,9.46E-05
371,0.00073905,0.000268703,0.000550755,8.49E-05,0,0,0,0.000179472,3.14E-05,8.59E-05
372,0.0006651,0.000261048,0.000532041,7.91E-05,0,0,0,0.000166736,3.84E-05,7.71E-05
373,0.00059115,0.000253392,0.000513326,7.33E-05,0,0,0,0.000154001,4.53E-05,6.83E-05
374,0.0005172,0.000245737,0.000494612,6.75E-05,0,0,0,0.000141265,5.23E-05,5.95E-05
375,0.00044325,0.000238082,0.000475898,6.17E-05,0,0,0,0.00012853,0.000059276,5.07E-05
376,0.0003693,0.000230427,0.000457184,5.59E-05,0,0,0,0.000115794,6.62E-05,4.20E-05
377,0.00029535,0.000222772,0.00043847,5.01E-05,0,0,0,0.000103059,7.32E-05,3.32E-05
378,0.0002214,0.000215116,0.000419755,4.43E-05,0,0,0,9.03E-05,8.02E-05,2.44E-05
379,0.00014745,0.000207461,0.000401041,3.86E-05,0,0,0,7.76E-05,8.72E-05,1.56E-05
380,0.0000735,0.000199806,0.000382327,3.28E-05,0,0,0,6.49E-05,9.41E-05,6.84E-06
381,0.00011245,0.000201803,0.000370855,5.01E-05,0,0,0,6.88E-05,9.25E-05,8.55E-06
382,0.0001514,0.000203799,0.000359383,6.75E-05,0,0,0,7.28E-05,9.10E-05,1.03E-05
383,0.00019035,0.000205796,0.000347911,8.49E-05,0,0,0,7.68E-05,8.94E-05,1.20E-05
384,0.0002293,0.000207792,0.000336439,0.000102234,0,0,0,8.08E-05,0.000087783,1.37E-05
385,0.00026825,0.000209789,0.000324967,0.0001196,0,0,0,8.48E-05,8.62E-05,1.54E-05
386,0.0003072,0.000211786,0.000313494,0.000136966,0,0,0,8.88E-05,8.46E-05,1.71E-05
387,0.00034615,0.000213782,0.000302022,0.000154332,0,0,0,9.28E-05,8.30E-05,1.88E-05
388,0.0003851,0.000215779,0.00029055,0.000171699,0,0,0,9.68E-05,8.14E-05,2.05E-05
389,0.00042405,0.000217775,0.000279078,0.000189065,0,0,0,0.000100826,7.98E-05,2.22E-05
390,0.000463,0.000219772,0.000267606,0.000206431,0,0,0,0.000104823,7.83E-05,2.39E-05
391,0.0004642,0.000206303,0.000382557,0.000190671,0,0,0,0.00010882,7.25E-05,3.17E-05
392,0.0004654,0.000192833,0.000497509,0.000174912,0,0,0,9.39E-05,6.67E-05,3.95E-05
393,0.0004666,0.000179364,0.00061246,0.000159152,0,0,0,0.000146412,6.09E-05,4.74E-05
394,0.0004678,0.000165894,0.000727412,0.000143393,0,0,0,0.000292044,5.51E-05,5.52E-05
395,0.000469,0.000152425,0.000842363,0.000127633,0,0,0,0.000207939,4.94E-05,6.30E-05
396,0.0004702,0.000138956,0.000957314,0.000111874,0,0,0,0.000452254,4.36E-05,7.08E-05
397,0.0004714,0.000125486,0.001072266,9.61E-05,0,0,0,0.000830508,3.78E-05,7.86E-05
398,0.0004726,0.000112017,0.001187217,8.04E-05,0,0,0,0.001540577,3.20E-05,8.64E-05
399,0.0004738,9.85E-05,0.001302169,6.46E-05,0,0,0,0.003404646,2.62E-05,9.42E-05
400,0.000475,8.51E-05,0.00141712,4.88E-05,0,0,0,0.00710817,2.05E-05,0.000101964
401,0.0004429,7.76E-05,0.001385438,4.40E-05,0,0,0,0.014805682,2.69E-05,0.000289003
402,0.0004108,7.01E-05,0.001353756,3.91E-05,0,0,0,0.040718242,3.33E-05,0.000476041
403,0.0003787,6.26E-05,0.001322074,3.42E-05,0,0,0,0.138400335,3.97E-05,0.00066308
404,0.0003466,5.50E-05,0.001290392,2.93E-05,0,0,0,0.327281311,4.61E-05,0.000850118
405,0.0003145,4.75E-05,0.00125871,2.44E-05,0,0,0,0.500788422,5.25E-05,0.001037157
406,0.0002824,4.00E-05,0.001227028,1.95E-05,0,0,0,0.613986632,5.89E-05,0.001224196
407,0.0002503,3.25E-05,0.001195346,1.47E-05,0,0,0,0.616897618,6.54E-05,0.001411234
408,0.0002182,2.50E-05,0.001163664,9.78E-06,0,0,0,0.633829248,7.18E-05,0.001598273
409,0.0001861,1.75E-05,0.001131982,4.89E-06,0,0,0,0.683789729,7.82E-05,0.001785311
410,0.000154,9.99E-06,0.0011003,0.00000001,0,0,0,0.732832545,8.46E-05,0.00197235
411,0.00014619,1.27E-05,0.001068618,3.39E-06,0,0,0,0.739694114,9.10E-05,0.002240196
412,0.00013838,1.54E-05,0.001036936,6.78E-06,0,0,0,0.561686362,9.74E-05,0.002508042
413,0.00013057,1.80E-05,0.001005253,1.02E-05,0,0,0,0.493672782,0.000103851,0.002775888
414,0.00012276,2.07E-05,0.000973571,1.35E-05,0,0,0,0.587970641,0.000110265,0.003043734
415,0.00011495,2.34E-05,0.000941889,1.69E-05,0,0,0,0.823845104,0.00011668,0.00331158
416,0.00010714,2.61E-05,0.000910207,2.03E-05,0,0,0,0.972989881,0.000123095,0.003579426
417,0.00009933,2.88E-05,0.000878525,2.37E-05,0,0,0,0.959516128,0.00012951,0.003847272
418,0.00009152,3.15E-05,0.000846843,2.71E-05,0,0,0,0.821240004,0.000135924,0.004115118
419,0.00008371,3.42E-05,0.000815161,3.05E-05,0,0,0,0.592833488,0.000142339,0.004382964
420,0.0000759,3.68E-05,0.000783479,3.38E-05,0,0,0,0.326322644,0.000148754,0.00465081
421,0.00007861,3.66E-05,0.000751797,3.90E-05,0,0,0,0.15627176,0.000155168,0.004281258
422,0.00008132,3.63E-05,0.000720115,4.42E-05,0,0,0,0.061290695,0.000161583,0.003911707
423,0.00008403,3.61E-05,0.000688433,4.93E-05,0,0,0,0.021136572,0.000167998,0.003542155
424,0.00008674,3.58E-05,0.000656751,5.45E-05,0,0,0,0.009074963,0.000174412,0.003172604
425,0.00008945,3.56E-05,0.000625069,5.96E-05,0,0,0,0.003643154,0.000180827,0.002803052
426,0.00009216,3.54E-05,0.000593387,6.48E-05,0,0,0,0.001744849,0.000187242,0.0024335
427,0.00009487,3.51E-05,0.000561705,7.00E-05,0,0,0,0.000853023,0.000193657,0.002063949
428,0.00009758,3.49E-05,0.000530023,7.51E-05,0,0,0,0.000466099,0.0002012,0.001694397
429,0.00010029,3.46E-05,0.000498341,8.03E-05,0,0,0,0.00035075,0.000309297,0.001324846
430,0.000103,3.44E-05,0.000466659,8.55E-05,0,0,0,0.000166231,0.000682291,0.000955294
431,0.00010206,3.36E-05,0.000434977,7.80E-05,0,0,0,0.000106764,0.001077235,0.000928847
432,0.00010112,3.29E-05,0.000403295,0.000070451,0,0,0,0.000102115,0.002291221,0.000902401
433,0.00010018,3.22E-05,0.000371613,6.29E-05,0,0,0,9.75E-05,0.007975371,0.000875954
434,0.00009924,3.15E-05,0.000339931,5.54E-05,0,0,0,9.28E-05,0.030660917,0.000849508
435,0.0000983,3.08E-05,0.000308249,4.79E-05,0,0,0,8.82E-05,0.101779552,0.000823061
436,0.00009736,3.01E-05,0.000276567,0.000040444,0,0,0,8.35E-05,0.243678552,0.000796614
437,9.64E-05,2.94E-05,0.000244885,3.29E-05,0,0,0,7.89E-05,0.429426281,0.000770168
438,9.55E-05,2.87E-05,0.000213203,2.54E-05,0,0,0,7.42E-05,0.58971653,0.000743721
439,9.45E-05,2.80E-05,0.00018152,1.79E-05,0,0,0,6.96E-05,0.762307894,0.000717275
440,9.36E-05,2.73E-05,0.00015,1.04E-05,0,0,0,6.49E-05,0.922379104,0.000690828
441,8.52E-05,2.65E-05,0.00015,1.07E-05,0,0,0,6.59E-05,0.991335254,0.000719072
442,7.69E-05,2.57E-05,0.000211187,1.10E-05,0,0,0,6.70E-05,0.999431319,0.000747316
443,6.85E-05,2.49E-05,0.000320055,1.13E-05,0,0,0,6.80E-05,0.999898733,0.00077556
444,6.01E-05,2.41E-05,0.000399083,1.16E-05,0,0,0,6.90E-05,0.995550874,0.000803804
445,5.18E-05,2.33E-05,0.000459945,1.19E-05,0,0,0,7.00E-05,0.943830942,0.000832047
446,4.34E-05,2.25E-05,0.0005915,1.21E-05,0,0,0,7.10E-05,0.781972712,0.000860291
447,3.50E-05,2.17E-05,0.00089186,1.24E-05,0,0,0,7.20E-05,0.522175143,0.000888535
448,2.67E-05,2.09E-05,0.001249571,1.27E-05,0,0,0,7.31E-05,0.254589859,0.000916779
449,1.83E-05,2.01E-05,0.002113381,1.30E-05,0,0,0,7.41E-05,0.09856762,0.000945023
450,9.93E-06,1.93E-05,0.00389822,1.33E-05,0,0,0,7.51E-05,0.037393207,0.000973267
451,1.50E-05,1.77E-05,0.007930573,2.35E-05,0,0,0,7.93E-05,0.012122607,0.001029796
452,2.01E-05,1.61E-05,0.014650118,3.38E-05,0,0,0,8.34E-05,0.00210303,0.001086326
453,2.51E-05,1.45E-05,0.033432051,4.40E-05,0,0,0,8.76E-05,0.000774584,0.001142855
454,3.02E-05,1.29E-05,0.082047748,5.43E-05,0,0,0,9.18E-05,0.000319783,0.001199384
455,3.53E-05,1.13E-05,0.184836816,6.45E-05,0,0,0,9.59E-05,0.000122271,0.001255914
456,4.03E-05,9.73E-06,0.353964169,7.48E-05,0,0,0,0.0001001,4.99E-05,0.001312443
457,4.54E-05,8.14E-06,0.568713519,8.50E-05,0,0,0,0.000104269,3.02E-05,0.001368972
458,5.05E-05,6.55E-06,0.771715866,9.53E-05,0,0,0,0.000108437,3.25E-05,0.001425501
459,5.55E-05,4.95E-06,0.918233415,0.000105546,0,0,0,0.000112606,3.49E-05,0.001482031
460,6.06E-05,3.36E-06,0.988318904,0.000115798,0,0,0,0.000116774,3.74E-05,0.00153856
461,6.19E-05,5.89E-06,0.99399304,0.000248645,0,0,0,0.000124864,3.58E-05,0.001548673
462,0.0000632,8.41E-06,0.956035835,0.000381492,0,0,0,0.000132954,3.42E-05,0.001558786
463,0.0000645,1.09E-05,0.905529147,0.00051434,0,0,0,0.000141044,3.26E-05,0.001568899
464,0.0000658,1.35E-05,0.868671297,0.000647187,0,0,0,0.000149134,3.09E-05,0.001579011
465,0.0000671,1.60E-05,0.855325962,0.000780034,0,0,0,0.000157225,2.93E-05,0.001589124
466,0.0000684,1.85E-05,0.854022678,0.000912881,0,0,0,0.000165315,2.77E-05,0.001599237
467,0.0000697,2.10E-05,0.860221303,0.001045728,0,0,0,0.000173405,2.61E-05,0.00160935
468,0.000071,2.35E-05,0.874829802,0.001178576,0,0,0,0.000181495,2.45E-05,0.001619463
469,0.0000723,2.61E-05,0.89887888,0.001311423,0,0,0,0.000189585,2.28E-05,0.001629576
470,0.0000736,2.86E-05,0.918168677,0.00144427,0,0,0,0.000197675,2.12E-05,0.001639689
471,0.00007138,2.62E-05,0.917410256,0.0013832,0,0,0,0.000209655,2.09E-05,0.001649802
472,0.00006916,2.39E-05,0.888184312,0.001322131,0,0,0,0.000221635,2.07E-05,0.001659914
473,0.00006694,2.15E-05,0.827579824,0.001261061,0,0,0,0.000233615,2.04E-05,0.001670824
474,0.00006472,1.92E-05,0.725291557,0.001199992,0,0,0,0.000245595,2.01E-05,0.001910082
475,0.0000625,1.68E-05,0.58881285,0.001138922,0,0,0,0.000257575,1.99E-05,0.002180894
476,0.00006028,1.44E-05,0.425178612,0.001077852,0,0,0,0.000269554,1.96E-05,0.003066386
477,0.00005806,1.21E-05,0.268321548,0.001016783,0,0,0,0.000281534,1.93E-05,0.004909528
478,0.00005584,9.71E-06,0.144422081,0.000955713,0,0,0,0.000293514,1.91E-05,0.009553174
479,0.00005362,7.35E-06,0.067465313,0.000894644,0,0,0,0.000305494,1.88E-05,0.030478906
480,0.0000514,4.99E-06,0.029059087,0.000833574,0,0,0,0.000317474,0.000018516,0.095702624
481,0.00005018,4.71E-06,0.012800532,0.000931455,0,0,0,0.000364106,2.02E-05,0.231788992
482,0.00004896,4.43E-06,0.004980118,0.001029335,0,0,0,0.000410737,2.18E-05,0.457431817
483,0.00004774,4.15E-06,0.002577094,0.001127216,0,0,0,0.000457369,2.35E-05,0.711700058
484,0.00004652,3.87E-06,0.001427177,0.001225096,0,0,0,0.000504,2.51E-05,0.894203044
485,0.0000453,3.58E-06,0.000799968,0.001322977,0,0,0,0.000550632,2.68E-05,0.954454261
486,0.00004408,3.30E-06,0.000480224,0.001420858,0,0,0,0.000597264,2.84E-05,0.976302468
487,0.00004286,3.02E-06,0.000289434,0.001518738,0,0,0,0.000643895,3.01E-05,0.985001587
488,0.00004164,2.74E-06,0.000119871,0.001616619,0,0,0,0.000690527,3.17E-05,0.989665392
489,0.00004042,2.46E-06,0.000109849,0.001714499,0,0,0,0.000737158,3.34E-05,0.998347598
490,0.0000392,2.18E-06,3.02E-05,0.00181238,0,0,0,0.00078379,3.50E-05,0.989294085
491,0.00003778,3.13E-06,0.00003,0.001643195,0,0,0,0.000884378,3.89E-05,0.912111581
492,0.00003636,4.08E-06,3.01E-05,0.00147401,0,0,0,0.000984966,4.28E-05,0.730464056
493,0.00003494,5.02E-06,4.00E-05,0.001304825,0,0,0,0.001085554,4.66E-05,0.453035956
494,0.00003352,5.97E-06,3.01E-05,0.00113564,0,0,0,0.001186142,5.05E-05,0.181227936
495,0.0000321,6.92E-06,2.04E-07,0.000966455,0,0,0,0.00128673,5.44E-05,0.041369135
496,0.00003068,7.87E-06,9.94E-06,0.00079727,0,0,0,0.001387318,5.82E-05,0.008669544
497,0.00002926,8.82E-06,1.99E-05,0.000628085,0,0,0,0.001487906,6.21E-05,0.001676518
498,0.00002784,9.77E-06,0.00002,0.0004589,0,0,0,0.001588494,6.60E-05,0.000467875
499,0.00002642,1.07E-05,1.01E-05,0.000289715,0,0,0,0.001689082,6.99E-05,0.000207843
500,0.000025,1.17E-05,8.01E-06,0.00012053,0,0,0,0.00178967,7.37E-05,0.000197194
501,0.00002387,1.10E-05,1.36E-05,0.000121309,0,0,0,0.001864101,7.72E-05,0.000186545
502,0.00002274,1.04E-05,1.92E-05,0.000122088,0,0,0,0.001938532,8.07E-05,0.000175895
503,0.00002161,9.76E-06,2.48E-05,0.000122867,0,0,0,0.002012963,8.41E-05,0.000165246
504,0.00002048,9.13E-06,3.04E-05,0.000123646,0,0,0,0.002087394,8.76E-05,0.000154596
505,0.00001935,8.50E-06,3.60E-05,0.000124425,0,0,0,0.002161825,9.11E-05,0.000143947
506,0.00001822,7.86E-06,4.16E-05,0.000125205,0,0,0,0.002236256,9.45E-05,0.000133297
507,0.00001709,7.23E-06,4.72E-05,0.000125984,0,0,0,0.002310687,9.80E-05,0.000122648
508,0.00001596,6.60E-06,5.28E-05,0.000126763,0,0,0,0.002385118,0.000101456,0.000111999
509,0.00001483,5.96E-06,5.85E-05,0.000127542,0,0,0,0.002459549,0.000104921,0.000101349
510,0.0000137,5.33E-06,6.41E-05,0.000128321,0,0,0,0.00253398,0.000108385,9.07E-05
511,0.000012751,6.10E-06,6.07E-05,0.0001291,0,0,0,0.002401372,0.00012158,9.03E-05
512,0.000011802,6.88E-06,5.73E-05,0.000129879,0,0,0,0.002268764,0.000134775,8.99E-05
513,0.000010853,7.65E-06,5.39E-05,0.000130658,0,0,0,0.002136156,0.00014797,8.96E-05
514,0.000009904,8.42E-06,5.05E-05,0.000131437,0,0,0,0.002003548,0.000161165,8.92E-05
515,0.000008955,9.20E-06,4.72E-05,0.000132216,0,0,0,0.00187094,0.00017436,8.88E-05
516,0.000008006,9.97E-06,4.38E-05,0.000132995,0,0,0,0.001738332,0.000187555,8.84E-05
517,0.000007057,1.07E-05,4.04E-05,0.000133775,0,0,0,0.001605724,0.00020075,8.80E-05
518,0.000006108,1.15E-05,3.70E-05,0.000134554,0,0,0,0.001473116,0.000213945,8.77E-05
519,0.000005159,1.23E-05,3.37E-05,0.000135333,0,0,0,0.001340508,0.00022714,8.73E-05
520,0.00000421,0.000013064,3.03E-05,0.000136112,0,0,0,0.0012079,0.000240335,0.000086898
521,0.000005369,1.33E-05,3.30E-05,0.000136891,0,0,0,0.001116455,0.000240136,8.86E-05
522,0.000006528,1.35E-05,3.56E-05,0.00013767,0,0,0,0.00102501,0.000239937,9.02E-05
523,0.000007687,1.38E-05,3.83E-05,0.000138449,0,0,0,0.000933564,0.000239738,9.19E-05
524,0.000008846,1.40E-05,4.10E-05,0.000139228,0,0,0,0.000842119,0.000239539,9.36E-05
525,1.00E-05,1.42E-05,4.37E-05,0.000140094,0,0,0,0.000750674,0.00023934,9.52E-05
526,0.000011164,1.45E-05,4.63E-05,0.00015024,0,0,0,0.000659229,0.00023914,9.69E-05
527,1.23E-05,1.47E-05,4.90E-05,0.000170205,0,0,0,0.000567784,0.000238941,9.86E-05
528,0.000013482,1.49E-05,5.17E-05,0.000190148,0,0,0,0.000476338,0.000238742,0.000100235
529,1.46E-05,1.51E-05,5.44E-05,0.000239472,0,0,0,0.000384893,0.000238543,0.000101902
530,0.0000158,1.54E-05,5.70E-05,0.000259909,0,0,0,0.000293448,0.000238344,0.000103569
531,1.46E-05,1.44E-05,5.58E-05,0.000299808,0,0,0,0.000293282,0.000241069,0.00010727
532,0.000013402,1.35E-05,5.45E-05,0.000379086,0,0,0,0.000293116,0.000243794,0.000110971
533,1.22E-05,1.25E-05,5.32E-05,0.000480535,0,0,0,0.000292949,0.000246518,0.000114672
534,0.000011004,1.16E-05,5.19E-05,0.000637845,0,0,0,0.000292783,0.000249243,0.000118373
535,9.81E-06,1.07E-05,5.06E-05,0.000927985,0,0,0,0.000292617,0.000251968,0.000122075
536,0.000008606,9.70E-06,4.94E-05,0.001498797,0,0,0,0.000292451,0.000254693,0.000125776
537,7.41E-06,8.76E-06,4.81E-05,0.00271629,0,0,0,0.000292285,0.000257418,0.000129477
538,0.000006208,7.81E-06,4.68E-05,0.005884352,0,0,0,0.000292118,0.000260142,0.000133178
539,5.01E-06,6.87E-06,4.55E-05,0.013193532,0,0,0,0.000291952,0.000262867,0.000136879
540,0.00000381,0.000005924,4.43E-05,0.033292093,0,0,0,0.000291786,0.000265592,0.00014058
541,4.89E-06,6.75E-06,4.58E-05,0.079389255,0,0,0,0.000294917,0.000262596,0.000150349
542,0.000005968,7.58E-06,4.74E-05,0.167027272,0,0,0,0.000298047,0.000259601,0.000160118
543,7.05E-06,8.41E-06,4.90E-05,0.303756382,0,0,0,0.000301178,0.000256605,0.000169887
544,0.000008126,9.23E-06,5.05E-05,0.479053449,0,0,0,0.000304308,0.000253609,0.000179656
545,9.21E-06,1.01E-05,5.21E-05,0.666600563,0,0,0,0.000307439,0.000250614,0.000189424
546,0.000010284,1.09E-05,5.37E-05,0.823396258,0,0,0,0.00031057,0.000247618,0.000199193
547,1.14E-05,1.17E-05,5.53E-05,0.926386205,0,0,0,0.0003137,0.000244622,0.000208962
548,0.000012442,1.25E-05,5.68E-05,0.977030711,0,0,0,0.000316831,0.000241626,0.000218731
549,1.35E-05,1.34E-05,5.84E-05,0.991971186,0,0,0,0.000319961,0.000238631,0.0002285
550,0.0000146,1.42E-05,6.00E-05,0.997083579,0,0,0,0.000323092,0.000235635,0.000238269
551,0.00001458,1.35E-05,9.13E-05,0.999627146,0,0,0,0.000317874,0.000216264,0.000244873
552,0.00001456,1.28E-05,0.000122569,0.995456357,0,0,0,0.000312657,0.000196894,0.000251477
553,0.00001454,1.20E-05,0.00015386,0.987640734,0,0,0,0.000307439,0.000177523,0.000258081
554,0.00001452,1.13E-05,0.000185151,0.984877583,0,0,0,0.000302221,0.000158152,0.000264685
555,0.0000145,1.06E-05,0.000216442,0.983095298,0,0,0,0.000297004,0.000138782,0.000271289
556,0.00001448,9.89E-06,0.000247734,0.983349271,0,0,0,0.000291786,0.000119411,0.000277893
557,0.00001446,9.17E-06,0.000279025,0.984516694,0,0,0,0.000286568,0.00010004,0.000284497
558,0.00001444,8.45E-06,0.000310316,0.982665215,0,0,0,0.00028135,8.07E-05,0.000291101
559,0.00001442,7.73E-06,0.000341607,0.969094673,0,0,0,0.000276133,6.13E-05,0.000297705
560,0.0000144,7.01E-06,0.000372898,0.944834107,0,0,0,0.000270915,4.19E-05,0.000304309
561,1.60E-05,7.04E-06,0.000466384,0.888744027,0,0,0,0.000267796,3.83E-05,0.000321695
562,1.75E-05,7.07E-06,0.00055987,0.791716832,0,0,0,0.000264678,3.47E-05,0.00033908
563,1.91E-05,7.09E-06,0.000653357,0.650404586,0,0,0,0.000261559,3.11E-05,0.000356466
564,2.06E-05,7.12E-06,0.000746843,0.478279003,0,0,0,0.00025844,2.76E-05,0.000373851
565,2.22E-05,7.14E-06,0.000840329,0.298525426,0,0,0,0.000255322,2.40E-05,0.000391237
566,2.38E-05,7.17E-06,0.000933815,0.154472794,0,0,0,0.000252203,2.04E-05,0.000408623
567,2.53E-05,7.19E-06,0.001027301,0.066060862,0,0,0,0.000249084,1.68E-05,0.000426008
568,0.00002688,7.22E-06,0.001120788,0.024713972,0,0,0,0.000245965,1.32E-05,0.000443394
569,0.00002844,7.25E-06,0.001214274,0.009536523,0,0,0,0.000242847,9.59E-06,0.000460779
570,0.00003,7.27E-06,0.00130776,0.00294417,0,0,0,0.000239728,5.99E-06,0.000478165
571,0.00003098,7.39E-06,0.001188124,0.001409972,0,0,0,0.000218034,5.51E-06,0.000441658
572,0.00003196,7.50E-06,0.001068489,0.000716535,0,0,0,0.00019634,5.03E-06,0.000405151
573,0.00003294,7.62E-06,0.000948853,0.00042163,0,0,0,0.000174646,4.54E-06,0.000368644
574,0.00003392,7.73E-06,0.000829217,0.000229676,0,0,0,0.000152952,4.06E-06,0.000332137
575,0.0000349,7.85E-06,0.000709582,0.000150585,0,0,0,0.000131259,3.58E-06,0.00029563
576,0.00003588,7.96E-06,0.000589946,8.94E-05,0,0,0,0.000109565,3.09E-06,0.000259123
577,0.00003686,8.08E-06,0.00047031,0.00003,0,0,0,8.79E-05,2.61E-06,0.000222616
578,0.00003784,8.19E-06,0.000350674,0.00003,0,0,0,6.62E-05,2.13E-06,0.000186109
579,0.00003882,8.31E-06,0.000231039,0.00003,0,0,0,4.45E-05,1.64E-06,0.000149602
580,0.0000398,8.43E-06,0.000111403,6.05E-09,0,0,0,0.000022789,1.16E-06,0.000113095
581,0.00003918,7.73E-06,0.000145111,1.01E-05,0,0,0,2.72E-05,1.10E-06,0.000159416
582,0.00003856,7.03E-06,0.000178819,1.99E-05,0,0,0,3.15E-05,1.05E-06,0.000205737
583,0.00003794,6.33E-06,0.000212528,9.93E-06,0,0,0,3.59E-05,9.90E-07,0.000252058
584,0.00003732,5.64E-06,0.000246236,4.05E-08,0,0,0,4.02E-05,9.34E-07,0.000298379
585,0.0000367,4.94E-06,0.000279944,1.00E-05,0,0,0,4.46E-05,8.78E-07,0.0003447
586,0.00003608,4.24E-06,0.000313652,1.00E-05,0,0,0,4.90E-05,8.22E-07,0.000391021
587,0.00003546,3.54E-06,0.00034736,1.00E-05,0,0,0,5.33E-05,7.66E-07,0.000437342
588,0.00003484,2.85E-06,0.000381069,1.00E-05,0,0,0,5.77E-05,7.10E-07,0.000483663
589,0.00003422,2.15E-06,0.000414777,1.00E-05,0,0,0,6.20E-05,6.54E-07,0.000529984
590,0.0000336,1.45E-06,0.000448485,9.99E-06,0,0,0,6.64E-05,5.98E-07,0.000576305
591,0.00003324,1.76E-06,0.000412595,1.17E-05,0,0,0,5.98E-05,6.62E-07,0.00052525
592,0.00003288,2.06E-06,0.000376704,1.35E-05,0,0,0,5.32E-05,7.26E-07,0.000474195
593,0.00003252,2.36E-06,0.000340814,1.53E-05,0,0,0,4.66E-05,7.90E-07,0.000423141
594,0.00003216,2.67E-06,0.000304923,1.70E-05,0,0,0,4.00E-05,8.53E-07,0.000372086
595,0.0000318,2.97E-06,0.000269033,1.88E-05,0,0,0,3.34E-05,9.17E-07,0.000321031
596,0.00003144,3.28E-06,0.000233143,2.05E-05,0,0,0,2.69E-05,9.81E-07,0.000269976
597,0.00003108,3.58E-06,0.000197252,2.23E-05,0,0,0,2.03E-05,1.04E-06,0.000218921
598,0.00003072,3.89E-06,0.000161362,2.40E-05,0,0,0,1.37E-05,1.11E-06,0.000167866
599,0.00003036,4.19E-06,0.000125472,2.58E-05,0,0,0,7.08E-06,1.17E-06,0.000116812
600,0.00003,4.50E-06,8.96E-05,0.000027535,0,0,0,4.87E-07,1.24E-06,6.58E-05
601,3.33E-05,7.51E-06,8.26E-05,2.70E-05,0,0,0,1.20E-06,1.31E-06,6.38E-05
602,3.67E-05,1.05E-05,7.56E-05,2.64E-05,0,0,0,1.92E-06,1.38E-06,6.19E-05
603,0.00004,1.35E-05,6.85E-05,2.58E-05,0,0,0,2.64E-06,1.45E-06,6.00E-05
604,0.000075,1.66E-05,6.15E-05,2.52E-05,0,0,0,3.36E-06,1.52E-06,5.80E-05
605,0.00011,1.96E-05,5.45E-05,2.46E-05,0,0,0,4.08E-06,1.59E-06,5.61E-05
606,0.000216667,2.26E-05,4.75E-05,2.40E-05,0,0,0,4.79E-06,1.66E-06,5.42E-05
607,0.000323333,2.56E-05,4.05E-05,2.34E-05,0,0,0,5.51E-06,1.73E-06,5.22E-05
608,0.00043,2.86E-05,3.35E-05,2.29E-05,0,0,0,6.23E-06,1.81E-06,5.03E-05
609,0.00076,3.16E-05,2.65E-05,2.23E-05,0,0,0,6.95E-06,1.88E-06,4.84E-05
610,0.00109,3.46E-05,1.95E-05,2.17E-05,0,0,0,7.67E-06,1.95E-06,4.64E-05
611,0.002733333,3.52E-05,1.77E-05,2.03E-05,0,0,0,7.44E-06,2.06E-06,5.24E-05
612,0.004376667,3.57E-05,1.59E-05,1.89E-05,0,0,0,7.21E-06,2.17E-06,5.83E-05
613,0.00602,3.62E-05,1.41E-05,1.75E-05,0,0,0,6.98E-06,2.29E-06,6.43E-05
614,0.015660865,3.67E-05,1.24E-05,1.61E-05,0,0,0,6.76E-06,2.40E-06,7.02E-05
615,0.025932804,3.72E-05,1.06E-05,1.47E-05,0,0,0,6.53E-06,2.51E-06,7.62E-05
616,0.069841791,3.78E-05,8.81E-06,1.33E-05,0,0,0,6.30E-06,2.63E-06,8.21E-05
617,0.120455597,3.83E-05,7.04E-06,1.18E-05,0,0,0,6.07E-06,2.74E-06,8.80E-05
618,0.171069402,3.88E-05,5.26E-06,1.04E-05,0,0,0,5.85E-06,2.85E-06,9.40E-05
619,0.274894045,3.93E-05,3.49E-06,9.03E-06,0,0,0,5.62E-06,2.97E-06,9.99E-05
620,0.387932577,3.99E-05,1.71E-06,7.63E-06,0,0,0,5.39E-06,3.08E-06,0.000105891
621,0.491278404,4.33E-05,1.90E-06,9.69E-06,0,0,0,5.42E-06,3.03E-06,9.78E-05
622,0.592648819,4.67E-05,2.09E-06,1.18E-05,0,0,0,5.46E-06,2.97E-06,8.98E-05
623,0.694019234,5.01E-05,2.29E-06,1.38E-05,0,0,0,5.49E-06,2.92E-06,8.17E-05
624,0.734542492,5.35E-05,2.48E-06,1.59E-05,0,0,0,5.52E-06,2.86E-06,7.37E-05
625,0.764621569,5.69E-05,2.67E-06,1.80E-05,0,0,0,5.55E-06,2.81E-06,6.56E-05
626,0.771948708,6.03E-05,2.86E-06,2.00E-05,0,0,0,5.58E-06,2.76E-06,5.75E-05
627,0.77503213,6.37E-05,3.05E-06,2.21E-05,0,0,0,5.62E-06,2.70E-06,4.95E-05
628,0.778115552,6.71E-05,3.24E-06,2.42E-05,0,0,0,5.65E-06,2.65E-06,4.14E-05
629,0.781066131,7.05E-05,3.44E-06,2.62E-05,0,0,0,5.68E-06,2.59E-06,3.34E-05
630,0.783990726,7.39E-05,3.63E-06,2.83E-05,0,0,0,5.71E-06,2.54E-06,2.53E-05
631,0.785913209,7.87E-05,3.46E-06,2.63E-05,0,0,0,5.70E-06,2.76E-06,2.29E-05
632,0.787658572,8.34E-05,3.30E-06,2.44E-05,0,0,0,5.70E-06,2.98E-06,2.04E-05
633,0.789403935,8.81E-05,3.13E-06,2.25E-05,0,0,0,5.69E-06,3.21E-06,1.80E-05
634,0.792748851,9.29E-05,2.97E-06,2.05E-05,0,0,0,5.68E-06,3.43E-06,1.56E-05
635,0.796407326,9.76E-05,2.81E-06,1.86E-05,0,0,0,5.67E-06,3.65E-06,1.31E-05
636,0.801346069,0.000102306,2.64E-06,1.66E-05,0,0,0,5.66E-06,3.87E-06,1.07E-05
637,0.806517504,0.000107034,2.48E-06,1.47E-05,0,0,0,5.65E-06,4.09E-06,8.24E-06
638,0.811688939,0.000111761,2.31E-06,1.27E-05,0,0,0,5.64E-06,4.32E-06,5.80E-06
639,0.81764468,0.000116489,2.15E-06,1.08E-05,0,0,0,5.63E-06,4.54E-06,3.36E-06
640,0.823737852,0.000121216,1.98E-06,8.84E-06,0,0,0,5.62E-06,4.76E-06,9.22E-07
641,0.831404509,0.000124358,4.22E-06,8.69E-06,0,0,0,5.62E-06,4.90E-06,1.40E-06
642,0.839348185,0.0001275,6.46E-06,8.55E-06,0,0,0,5.61E-06,5.05E-06,1.87E-06
643,0.847291862,0.000130641,8.70E-06,8.41E-06,0,0,0,5.61E-06,5.19E-06,2.35E-06
644,0.858472055,0.000133783,1.09E-05,8.26E-06,0,0,0,5.61E-06,5.34E-06,2.82E-06
645,0.87027286,0.000136925,1.32E-05,8.12E-06,0,0,0,5.60E-06,5.48E-06,3.30E-06
646,0.883291684,0.000140067,1.54E-05,7.98E-06,0,0,0,5.60E-06,5.63E-06,3.77E-06
647,0.8965236,0.000143209,1.77E-05,7.83E-06,0,0,0,5.59E-06,5.77E-06,4.24E-06
648,0.909755517,0.00014635,1.99E-05,7.69E-06,0,0,0,5.59E-06,5.91E-06,4.72E-06
649,0.917868168,0.000149492,2.21E-05,7.55E-06,0,0,0,5.59E-06,6.06E-06,5.19E-06
650,0.925056087,0.000152634,2.44E-05,7.40E-06,0,0,0,5.58E-06,6.20E-06,5.67E-06
651,0.938955832,0.0001701,2.43E-05,6.66E-06,0,0,0,6.89E-06,5.94E-06,5.72E-06
652,0.954192469,0.000187567,2.42E-05,5.93E-06,0,0,0,8.19E-06,5.67E-06,5.77E-06
653,0.969429106,0.000205033,2.42E-05,5.19E-06,0,0,0,9.50E-06,5.41E-06,5.83E-06
654,0.981019327,0.0002225,2.41E-05,4.45E-06,0,0,0,1.08E-05,5.14E-06,5.88E-06
655,0.991858983,0.000239966,2.40E-05,3.71E-06,0,0,0,1.21E-05,4.88E-06,5.93E-06
656,0.995312457,0.000257432,2.39E-05,2.97E-06,0,0,0,1.34E-05,4.61E-06,5.98E-06
657,0.997485936,0.000274899,2.39E-05,2.23E-06,0,0,0,1.47E-05,4.35E-06,6.04E-06
658,0.999659416,0.000292365,2.38E-05,1.49E-06,0,0,0,1.60E-05,4.08E-06,6.09E-06
659,0.984319269,0.000309832,2.37E-05,7.49E-07,0,0,0,1.73E-05,3.82E-06,6.14E-06
660,0.965724782,0.000327298,2.37E-05,1.00E-08,0,0,0,1.86E-05,3.55E-06,6.19E-06
661,0.919839335,0.000330059,2.21E-05,5.75E-07,0,0,0,1.73E-05,3.60E-06,5.75E-06
662,0.868356248,0.000332821,2.05E-05,1.14E-06,0,0,0,1.59E-05,3.65E-06,5.31E-06
663,0.816873162,0.000335582,1.89E-05,1.70E-06,0,0,0,1.45E-05,3.70E-06,4.87E-06
664,0.77168711,0.000338343,1.72E-05,2.27E-06,0,0,0,1.31E-05,3.76E-06,4.43E-06
665,0.72758711,0.000341105,1.56E-05,2.83E-06,0,0,0,1.17E-05,3.81E-06,3.98E-06
666,0.669093972,0.000343866,1.40E-05,3.40E-06,0,0,0,1.03E-05,3.86E-06,3.54E-06
667,0.608118443,0.000346627,1.24E-05,3.96E-06,0,0,0,8.95E-06,3.91E-06,3.10E-06
668,0.547142914,0.000349388,1.08E-05,4.53E-06,0,0,0,7.57E-06,3.96E-06,2.66E-06
669,0.472751858,0.00035215,9.22E-06,5.09E-06,0,0,0,6.18E-06,4.01E-06,2.21E-06
670,0.395905601,0.000354911,7.62E-06,5.66E-06,0,0,0,4.80E-06,4.06E-06,1.77E-06
671,0.324430619,0.000351456,8.22E-06,5.53E-06,0,0,0,4.75E-06,3.85E-06,2.00E-06
672,0.253959006,0.000348002,8.83E-06,5.40E-06,0,0,0,4.70E-06,3.64E-06,2.24E-06
673,0.183487393,0.000344547,9.43E-06,5.27E-06,0,0,0,4.65E-06,3.43E-06,2.47E-06
674,0.137602517,0.000341093,1.00E-05,5.14E-06,0,0,0,4.60E-06,3.22E-06,2.70E-06
675,0.096176076,0.000337638,1.06E-05,5.01E-06,0,0,0,4.55E-06,3.01E-06,2.93E-06
676,0.072810168,0.000334183,1.13E-05,4.88E-06,0,0,0,4.50E-06,2.80E-06,3.16E-06
677,0.053026067,0.000330729,1.19E-05,4.74E-06,0,0,0,4.45E-06,2.59E-06,3.39E-06
678,0.033241966,0.000327274,1.25E-05,4.61E-06,0,0,0,4.41E-06,2.38E-06,3.63E-06
679,0.023315631,0.00032382,1.31E-05,4.48E-06,0,0,0,4.36E-06,2.16E-06,3.86E-06
680,0.015364162,0.000320365,1.37E-05,4.35E-06,0,0,0,4.31E-06,1.95E-06,4.09E-06
681,0.011488862,0.000293669,1.63E-05,5.26E-06,0,0,0,4.20E-06,1.76E-06,3.80E-06
682,0.008829035,0.000266973,1.88E-05,6.16E-06,0,0,0,4.10E-06,1.56E-06,3.51E-06
683,0.006569356,0.000240277,2.14E-05,7.07E-06,0,0,0,3.99E-06,1.37E-06,3.22E-06
684,0.004309678,0.00021358,2.40E-05,7.98E-06,0,0,0,3.88E-06,1.18E-06,2.93E-06
685,0.00205,0.000186884,2.66E-05,8.88E-06,0,0,0,3.78E-06,9.82E-07,2.64E-06
686,0.00163,0.000160188,2.92E-05,9.79E-06,0,0,0,3.67E-06,7.87E-07,2.36E-06
687,0.00121,0.000133492,3.18E-05,1.07E-05,0,0,0,3.57E-06,5.93E-07,2.07E-06
688,0.00079,0.000106796,3.44E-05,1.16E-05,0,0,0,3.46E-06,3.99E-07,1.78E-06
689,0.00062,8.01E-05,3.70E-05,1.25E-05,0,0,0,3.36E-06,2.04E-07,1.49E-06
690,0.00045,5.34E-05,3.95E-05,1.34E-05,0,0,0,3.25E-06,0.00000001,1.20E-06
691,0.000373333,6.95E-05,3.66E-05,1.26E-05,0,0,0,3.46E-06,3.80E-07,1.86E-06
692,0.000296667,8.56E-05,3.37E-05,1.19E-05,0,0,0,3.66E-06,7.50E-07,2.53E-06
693,0.00022,0.000101701,3.07E-05,1.11E-05,0,0,0,3.87E-06,1.12E-06,3.19E-06
694,0.00016,0.0001178,2.78E-05,1.03E-05,0,0,0,4.07E-06,1.49E-06,3.86E-06
695,1.00E-04,0.000133899,2.48E-05,9.52E-06,0,0,0,4.28E-06,1.86E-06,4.52E-06
696,0.00008,0.000149998,2.19E-05,8.75E-06,0,0,0,4.49E-06,2.23E-06,5.19E-06
697,6.00E-05,0.000166097,1.89E-05,7.97E-06,0,0,0,4.69E-06,2.60E-06,5.85E-06
698,0.00004,0.000182196,1.60E-05,7.19E-06,0,0,0,4.90E-06,2.97E-06,6.52E-06
699,3.50E-05,0.000198295,1.31E-05,6.41E-06,0,0,0,5.11E-06,3.34E-06,7.18E-06
700,0.00003,0.000214394,1.01E-05,5.64E-06,0,0,0,5.31E-06,3.71E-06,7.85E-06
701,2.33E-05,0.000196726,1.10E-05,5.27E-06,0,0,0,5.23E-06,3.73E-06,7.10E-06
702,1.67E-05,0.000179059,1.20E-05,4.90E-06,0,0,0,5.14E-06,3.75E-06,6.36E-06
703,0.00001,0.000161391,1.29E-05,4.54E-06,0,0,0,5.05E-06,3.76E-06,5.62E-06
704,0.00001,0.000143724,1.38E-05,4.17E-06,0,0,0,4.97E-06,3.78E-06,4.87E-06
705,0.00001,0.000126056,0.000014774,3.80E-06,0,0,0,4.88E-06,3.80E-06,4.13E-06
706,0.000008002,0.000108389,1.57E-05,3.44E-06,0,0,0,4.80E-06,3.82E-06,3.38E-06
707,0.000006004,9.07E-05,1.66E-05,3.07E-06,0,0,0,4.71E-06,3.83E-06,2.64E-06
708,0.000004006,7.31E-05,1.76E-05,2.70E-06,0,0,0,4.62E-06,3.85E-06,1.90E-06
709,0.000002008,5.54E-05,1.85E-05,2.34E-06,0,0,0,4.54E-06,3.87E-06,1.15E-06
710,0.00000001,3.77E-05,1.94E-05,1.97E-06,0,0,0,4.45E-06,3.89E-06,4.11E-07
711,0.000001959,3.72E-05,1.85E-05,2.86E-06,0,0,0,4.01E-06,3.89E-06,5.97E-07
712,0.000003908,0.00003661,1.75E-05,3.75E-06,0,0,0,3.56E-06,3.89E-06,7.82E-07
713,0.000005857,3.61E-05,1.65E-05,4.64E-06,0,0,0,3.12E-06,3.89E-06,9.68E-07
714,0.000007806,3.55E-05,1.56E-05,5.53E-06,0,0,0,2.68E-06,3.89E-06,1.15E-06
715,0.000009755,3.49E-05,1.46E-05,6.42E-06,0,0,0,2.23E-06,3.89E-06,1.34E-06
716,0.000011704,3.44E-05,1.36E-05,7.31E-06,0,0,0,1.79E-06,3.90E-06,1.53E-06
717,0.000013653,3.38E-05,1.27E-05,8.20E-06,0,0,0,1.34E-06,3.90E-06,1.71E-06
718,0.000015602,3.33E-05,1.17E-05,9.09E-06,0,0,0,8.98E-07,3.90E-06,1.90E-06
719,0.000017551,3.27E-05,1.07E-05,9.98E-06,0,0,0,4.54E-07,3.90E-06,2.08E-06
720,0.0000195,3.22E-05,9.75E-06,1.09E-05,0,0,0,0.00000001,3.90E-06,2.27E-06
721,0.000018094,3.34E-05,1.14E-05,1.17E-05,0,0,0,7.75E-08,3.60E-06,2.19E-06
722,0.000016688,3.46E-05,1.30E-05,1.26E-05,0,0,0,1.45E-07,3.30E-06,2.12E-06
723,0.000015282,3.58E-05,1.47E-05,1.34E-05,0,0,0,2.13E-07,2.99E-06,2.04E-06
724,0.000013876,3.70E-05,1.63E-05,1.43E-05,0,0,0,2.80E-07,2.69E-06,1.97E-06
725,0.00001247,3.83E-05,1.79E-05,1.51E-05,0,0,0,3.48E-07,2.39E-06,1.89E-06
726,0.000011064,3.95E-05,1.96E-05,1.60E-05,0,0,0,4.15E-07,2.08E-06,1.82E-06
727,0.000009658,4.07E-05,2.12E-05,1.68E-05,0,0,0,4.83E-07,1.78E-06,1.74E-06
728,0.000008252,4.19E-05,2.28E-05,1.77E-05,0,0,0,5.50E-07,1.48E-06,1.67E-06
729,0.000006846,4.31E-05,2.45E-05,1.85E-05,0,0,0,6.18E-07,1.17E-06,1.59E-06
730,0.00000544,4.43E-05,2.61E-05,1.94E-05,0,0,0,6.85E-07,8.70E-07,1.52E-06
731,0.000009866,4.26E-05,2.87E-05,1.83E-05,0,0,0,9.30E-07,9.82E-07,1.60E-06
732,0.000014292,4.08E-05,3.13E-05,1.72E-05,0,0,0,1.17E-06,1.09E-06,1.68E-06
733,0.000018718,3.90E-05,3.39E-05,1.61E-05,0,0,0,1.42E-06,1.21E-06,1.76E-06
734,0.000023144,3.72E-05,3.65E-05,1.50E-05,0,0,0,1.66E-06,1.32E-06,1.84E-06
735,0.00002757,3.54E-05,3.91E-05,1.38E-05,0,0,0,1.91E-06,1.43E-06,1.91E-06
736,0.000031996,3.36E-05,4.17E-05,1.27E-05,0,0,0,2.15E-06,1.54E-06,1.99E-06
737,0.000036422,3.19E-05,4.43E-05,1.16E-05,0,0,0,2.40E-06,1.65E-06,2.07E-06
738,0.000040848,3.01E-05,4.69E-05,1.05E-05,0,0,0,2.64E-06,1.76E-06,2.15E-06
739,0.000045274,2.83E-05,4.96E-05,9.41E-06,0,0,0,2.89E-06,1.88E-06,2.23E-06
740,0.0000497,2.65E-05,5.22E-05,8.30E-06,0,0,0,3.13E-06,1.99E-06,2.31E-06
741,0.0000476,2.83E-05,4.81E-05,8.11E-06,0,0,0,3.36E-06,2.59E-06,3.15E-06
742,0.0000455,3.01E-05,4.40E-05,7.92E-06,0,0,0,3.59E-06,3.20E-06,3.98E-06
743,0.0000434,3.19E-05,4.00E-05,7.73E-06,0,0,0,3.82E-06,3.80E-06,4.82E-06
744,0.0000413,3.37E-05,3.59E-05,7.54E-06,0,0,0,4.04E-06,4.40E-06,5.65E-06
745,0.0000392,3.55E-05,3.18E-05,7.34E-06,0,0,0,4.27E-06,5.01E-06,6.49E-06
746,0.0000371,3.73E-05,2.77E-05,7.15E-06,0,0,0,4.50E-06,5.61E-06,7.33E-06
747,0.000035,3.91E-05,2.37E-05,6.96E-06,0,0,0,4.73E-06,6.22E-06,8.16E-06
748,0.0000329,4.09E-05,1.96E-05,6.77E-06,0,0,0,4.96E-06,6.82E-06,9.00E-06
749,0.0000308,4.27E-05,1.55E-05,6.58E-06,0,0,0,5.19E-06,7.42E-06,9.83E-06
750,0.0000287,4.45E-05,1.15E-05,6.39E-06,0,0,0,5.42E-06,8.03E-06,1.07E-05
751,0.00002998,5.46E-05,1.63E-05,1.02E-05,0,0,0,7.60E-06,7.23E-06,9.60E-06
752,0.00003126,6.46E-05,2.11E-05,1.40E-05,0,0,0,9.78E-06,6.42E-06,8.54E-06
753,0.00003254,7.47E-05,2.60E-05,1.78E-05,0,0,0,1.20E-05,5.62E-06,7.47E-06
754,0.00003382,8.48E-05,3.08E-05,2.16E-05,0,0,0,1.41E-05,4.82E-06,6.40E-06
755,0.0000351,9.49E-05,3.57E-05,2.54E-05,0,0,0,1.63E-05,4.02E-06,5.34E-06
756,0.00003638,0.000104923,4.05E-05,2.92E-05,0,0,0,1.85E-05,3.22E-06,4.27E-06
757,0.00003766,0.000114992,4.53E-05,3.30E-05,0,0,0,2.07E-05,2.42E-06,3.21E-06
758,0.00003894,0.000125061,5.02E-05,3.68E-05,0,0,0,2.29E-05,1.61E-06,2.14E-06
759,0.00004022,0.000135131,5.50E-05,4.06E-05,0,0,0,2.50E-05,8.12E-07,1.08E-06
760,0.0000415,0.0001452,5.98E-05,4.45E-05,0,0,0,2.72E-05,0.00000001,0.00000001
761,0.000037351,0.000152987,5.46E-05,4.04E-05,0,0,0,2.59E-05,7.88E-07,5.53E-07
762,0.000033202,0.000160774,4.94E-05,3.64E-05,0,0,0,2.45E-05,1.57E-06,1.10E-06
763,0.000029053,0.00016856,4.42E-05,3.24E-05,0,0,0,2.31E-05,2.34E-06,1.64E-06
764,0.000024904,0.000176347,3.90E-05,2.84E-05,0,0,0,2.17E-05,3.12E-06,2.18E-06
765,0.000020755,0.000184134,3.38E-05,2.44E-05,0,0,0,2.04E-05,3.90E-06,2.72E-06
766,0.000016606,0.000191921,2.86E-05,2.04E-05,0,0,0,1.90E-05,4.68E-06,3.27E-06
767,1.25E-05,0.000199708,2.34E-05,1.64E-05,0,0,0,1.76E-05,5.46E-06,3.81E-06
768,0.000008308,0.000207494,1.82E-05,1.24E-05,0,0,0,1.62E-05,6.24E-06,4.35E-06
769,4.16E-06,0.000215281,1.30E-05,8.35E-06,0,0,0,1.49E-05,7.01E-06,4.89E-06
770,0.00000001,0.000223068,7.79E-06,4.34E-06,0,0,0,1.35E-05,7.79E-06,5.44E-06
771,2.29E-06,0.000246741,7.92E-06,5.94E-06,0,0,0,1.21E-05,7.11E-06,5.00E-06
772,0.000004568,0.000270414,8.05E-06,7.53E-06,0,0,0,1.08E-05,6.42E-06,4.56E-06
773,6.85E-06,0.000294087,8.19E-06,9.13E-06,0,0,0,9.45E-06,5.73E-06,4.12E-06
774,0.000009126,0.00031776,8.32E-06,1.07E-05,0,0,0,8.10E-06,5.04E-06,3.69E-06
775,1.14E-05,0.000341433,8.45E-06,1.23E-05,0,0,0,6.75E-06,4.35E-06,3.25E-06
776,0.000013684,0.000365106,8.58E-06,1.39E-05,0,0,0,5.41E-06,3.66E-06,2.81E-06
777,1.60E-05,0.000388779,8.71E-06,1.55E-05,0,0,0,4.06E-06,2.98E-06,2.37E-06
778,0.000018242,0.000412452,8.85E-06,1.71E-05,0,0,0,2.71E-06,2.29E-06,1.94E-06
779,2.05E-05,0.000436125,8.98E-06,1.87E-05,0,0,0,1.36E-06,1.60E-06,1.50E-06
780,0.0000228,0.000459798,9.11E-06,2.03E-05,0,0,0,0.00000001,9.11E-07,1.06E-06
781,3.65E-05,0.00047684,8.20E-06,1.95E-05,0,0,0,6.80E-07,1.99E-06,2.07E-06
782,0.00005024,0.000493881,7.29E-06,1.86E-05,0,0,0,1.35E-06,3.07E-06,3.08E-06
783,6.40E-05,0.000510923,6.38E-06,1.78E-05,0,0,0,2.02E-06,4.15E-06,4.08E-06
784,0.00007768,0.000527964,5.47E-06,1.69E-05,0,0,0,2.69E-06,5.23E-06,5.09E-06
785,9.14E-05,0.000545006,4.56E-06,1.61E-05,0,0,0,3.36E-06,6.31E-06,6.10E-06
786,0.00010512,0.000562048,3.65E-06,1.52E-05,0,0,0,4.03E-06,7.39E-06,7.11E-06
787,0.00011884,0.000579089,2.74E-06,1.44E-05,0,0,0,4.70E-06,8.47E-06,8.12E-06
788,0.00013256,0.000596131,1.83E-06,1.35E-05,0,0,0,5.37E-06,9.55E-06,9.13E-06
789,0.00014628,0.000613172,9.20E-07,1.27E-05,0,0,0,6.04E-06,1.06E-05,1.01E-05
790,0.00016,0.000630214,0.00000001,1.19E-05,0,0,0,6.71E-06,0.000011713,1.11E-05
791,0.00014554,0.000694297,1.05E-05,1.27E-05,0,0,0,6.42E-06,1.21E-05,1.13E-05
792,0.00013108,0.000758379,2.09E-05,1.36E-05,0,0,0,6.14E-06,1.26E-05,1.15E-05
793,0.00011662,0.000822462,3.14E-05,1.45E-05,0,0,0,5.86E-06,1.30E-05,1.17E-05
794,0.00010216,0.000886544,4.18E-05,1.53E-05,0,0,0,5.57E-06,1.34E-05,1.18E-05
795,8.77E-05,0.000950627,5.23E-05,1.62E-05,0,0,0,5.29E-06,1.39E-05,1.20E-05
796,0.00007324,0.00101471,6.27E-05,1.71E-05,0,0,0,5.01E-06,1.43E-05,1.22E-05
797,5.88E-05,0.001078792,7.32E-05,1.79E-05,0,0,0,4.72E-06,1.47E-05,1.24E-05
798,0.00004432,0.001142875,8.36E-05,1.88E-05,0,0,0,4.44E-06,1.51E-05,1.25E-05
799,2.99E-05,0.001206957,9.41E-05,1.97E-05,0,0,0,4.16E-06,1.56E-05,1.27E-05
800,0.0000154,0.00127104,0.000104517,0.000020551,0,0,0,3.87E-06,1.60E-05,1.29E-05
801,0.0000156,0.001220946,0.000104518,2.08E-05,0,0,0,4.36E-06,1.44E-05,1.16E-05
802,0.0000158,0.001170852,0.000104519,2.11E-05,0,0,0,4.86E-06,1.28E-05,1.03E-05
803,0.000016,0.001120759,0.000104521,2.14E-05,0,0,0,5.35E-06,1.12E-05,9.01E-06
804,0.0000162,0.001070665,0.000104522,0.000021648,0,0,0,5.84E-06,9.60E-06,7.73E-06
805,0.0000164,0.001020571,0.000104523,2.19E-05,0,0,0,6.33E-06,8.00E-06,6.44E-06
806,0.0000166,0.00117581,0.000104524,2.22E-05,0,0,0,6.82E-06,6.40E-06,5.16E-06
807,0.0000168,0.001333417,0.000104525,2.25E-05,0,0,0,7.31E-06,4.80E-06,3.87E-06
808,0.000017,0.001490904,0.000104527,0.000022745,0,0,0,7.80E-06,3.21E-06,2.58E-06
809,0.0000172,0.00162991,0.000104528,2.30E-05,0,0,0,8.29E-06,1.61E-06,1.30E-06
810,0.0000174,0.001768916,0.000104529,2.33E-05,0,0,0,8.78E-06,0.00000001,0.00000001
811,0.00001759,0.001898857,0.000111861,2.53E-05,0,0,0,8.39E-06,6.28E-07,2.17E-06
812,0.00001778,0.002028727,0.000119192,2.73E-05,0,0,0,8.00E-06,1.25E-06,4.33E-06
813,0.00001797,0.002158597,0.000126524,2.92E-05,0,0,0,7.61E-06,1.86E-06,6.48E-06
814,0.00001816,0.002512152,0.000133856,3.12E-05,0,0,0,7.22E-06,2.48E-06,8.64E-06
815,0.00001835,0.002868149,0.000141188,3.32E-05,0,0,0,6.83E-06,3.10E-06,1.08E-05
816,0.00001854,0.00389362,0.000148519,3.52E-05,0,0,0,6.44E-06,3.72E-06,1.30E-05
817,0.00001873,0.004922591,0.000155851,3.71E-05,0,0,0,6.04E-06,4.33E-06,1.51E-05
818,0.00001892,0.005951562,0.000163183,3.91E-05,0,0,0,5.65E-06,4.95E-06,1.73E-05
819,0.00001911,0.008123421,0.000170514,4.11E-05,0,0,0,5.26E-06,5.57E-06,1.94E-05
820,1.93E-05,0.010374324,0.000177846,4.31E-05,0,0,0,4.87E-06,6.19E-06,2.16E-05
821,0.00003567,0.014859621,0.000162506,3.97E-05,0,0,0,4.90E-06,5.90E-06,1.94E-05
822,5.20E-05,0.020313864,0.000147167,3.63E-05,0,0,0,4.92E-06,5.60E-06,1.73E-05
823,0.00006841,0.025768107,0.000131827,3.29E-05,0,0,0,4.95E-06,5.31E-06,1.51E-05
824,8.48E-05,0.03453735,0.000116487,2.95E-05,0,0,0,4.98E-06,5.02E-06,1.30E-05
825,0.00010115,0.045124761,0.000101147,2.61E-05,0,0,0,5.00E-06,4.72E-06,1.08E-05
826,0.00011752,0.059042181,8.58E-05,2.27E-05,0,0,0,5.03E-06,4.43E-06,8.64E-06
827,0.00013389,0.074774846,7.05E-05,1.93E-05,0,0,0,5.06E-06,4.14E-06,6.48E-06
828,0.00015026,0.090507511,5.51E-05,1.59E-05,0,0,0,5.08E-06,3.85E-06,4.33E-06
829,0.00016663,0.109185433,3.98E-05,1.25E-05,0,0,0,5.11E-06,3.55E-06,2.17E-06
830,0.000183,0.129416733,2.44E-05,9.08E-06,0,0,0,5.13E-06,3.26E-06,0.00000001
831,0.000197,0.153959032,2.29E-05,1.20E-05,0,0,0,7.87E-06,4.48E-06,1.81E-06
832,0.000211,0.180748978,2.13E-05,1.49E-05,0,0,0,1.06E-05,5.71E-06,3.61E-06
833,0.000225,0.207538924,1.97E-05,1.79E-05,0,0,0,1.34E-05,6.93E-06,5.41E-06
834,0.000239,0.243936333,1.81E-05,2.08E-05,0,0,0,1.61E-05,8.15E-06,7.21E-06
835,0.000253,0.285252228,1.65E-05,2.37E-05,0,0,0,1.88E-05,9.38E-06,9.02E-06
836,0.000267,0.344758544,1.50E-05,2.66E-05,0,0,0,2.16E-05,1.06E-05,1.08E-05
837,0.000281,0.413395589,1.34E-05,2.96E-05,0,0,0,2.43E-05,1.18E-05,1.26E-05
838,0.000295,0.482032633,1.18E-05,3.25E-05,0,0,0,2.70E-05,1.30E-05,1.44E-05
839,0.000309,0.564372227,1.02E-05,3.54E-05,0,0,0,2.98E-05,1.43E-05,1.62E-05
840,0.000323,0.653729897,8.63E-06,3.83E-05,0,0,0,3.25E-05,1.55E-05,1.80E-05
841,0.0003386,0.732388554,1.18E-05,3.63E-05,0,0,0,3.48E-05,1.55E-05,1.81E-05
842,0.0003542,0.805439238,1.49E-05,3.42E-05,0,0,0,3.71E-05,1.56E-05,1.81E-05
843,0.0003698,0.878489921,1.80E-05,3.22E-05,0,0,0,3.94E-05,1.56E-05,1.82E-05
844,0.0003854,0.932400661,2.11E-05,3.01E-05,0,0,0,4.16E-05,1.57E-05,1.82E-05
845,0.000401,0.976059539,2.43E-05,2.81E-05,0,0,0,4.39E-05,1.57E-05,1.83E-05
846,0.0004166,0.993270306,2.74E-05,2.60E-05,0,0,0,4.62E-05,1.58E-05,1.84E-05
847,0.0004322,0.996139377,3.05E-05,2.40E-05,0,0,0,4.85E-05,1.58E-05,1.84E-05
848,0.0004478,0.999008449,3.37E-05,2.19E-05,0,0,0,5.08E-05,1.59E-05,1.85E-05
849,0.0004634,0.995830029,3.68E-05,1.98E-05,0,0,0,5.31E-05,1.59E-05,1.85E-05
850,0.000479,0.989457824,3.99E-05,1.78E-05,0,0,0,5.53E-05,1.60E-05,1.86E-05
851,0.000466,0.983450931,4.55E-05,1.77E-05,0,0,0,5.30E-05,1.54E-05,2.05E-05
852,0.000453,0.977632398,5.11E-05,1.75E-05,0,0,0,5.08E-05,1.48E-05,2.24E-05
853,0.00044,0.971813864,5.66E-05,1.74E-05,0,0,0,4.85E-05,1.43E-05,2.43E-05
854,0.000427,0.968008043,6.22E-05,1.72E-05,0,0,0,4.62E-05,1.37E-05,2.62E-05
855,0.000414,0.965219792,6.78E-05,1.71E-05,0,0,0,4.39E-05,1.31E-05,2.81E-05
856,0.000401,0.966222516,7.33E-05,1.69E-05,0,0,0,4.16E-05,1.26E-05,3.00E-05
857,0.000388,0.969279123,7.89E-05,1.68E-05,0,0,0,3.93E-05,1.20E-05,3.19E-05
858,0.000375,0.972335731,8.45E-05,1.67E-05,0,0,0,3.70E-05,1.14E-05,3.38E-05
859,0.000362,0.97317074,9.00E-05,1.65E-05,0,0,0,3.47E-05,1.09E-05,3.57E-05
860,0.000349,0.972886096,9.56E-05,1.64E-05,0,0,0,3.24E-05,1.03E-05,3.76E-05
861,0.0003306,0.978360602,8.73E-05,2.58E-05,0,0,0,3.23E-05,9.80E-06,3.42E-05
862,0.0003122,0.986770327,7.91E-05,3.52E-05,0,0,0,3.22E-05,9.30E-06,3.07E-05
863,0.0002938,0.995180052,7.09E-05,4.47E-05,0,0,0,3.21E-05,8.80E-06,2.73E-05
864,0.0002754,0.995071552,6.26E-05,5.41E-05,0,0,0,3.20E-05,8.30E-06,2.38E-05
865,0.000257,0.990408496,5.44E-05,6.35E-05,0,0,0,3.19E-05,7.80E-06,2.04E-05
866,0.0002386,0.983207697,4.62E-05,7.29E-05,0,0,0,3.17E-05,7.30E-06,1.69E-05
867,0.0002202,0.974683194,3.79E-05,8.24E-05,0,0,0,3.16E-05,6.80E-06,1.34E-05
868,0.0002018,0.966158691,2.97E-05,9.18E-05,0,0,0,3.15E-05,6.30E-06,9.99E-06
869,0.0001834,0.947384766,2.15E-05,0.000101215,0,0,0,3.14E-05,5.80E-06,6.54E-06
870,0.000165,0.923077353,1.32E-05,0.00011064,0,0,0,3.13E-05,5.30E-06,3.08E-06
871,0.00014995,0.880401344,2.29E-05,0.000104739,0,0,0,3.05E-05,4.77E-06,3.58E-06
872,0.0001349,0.828583677,3.26E-05,9.88E-05,0,0,0,2.98E-05,4.24E-06,4.08E-06
873,0.00011985,0.77676601,4.23E-05,9.29E-05,0,0,0,2.90E-05,3.71E-06,4.58E-06
874,0.0001048,0.704769352,5.20E-05,8.70E-05,0,0,0,2.83E-05,3.18E-06,5.08E-06
875,0.00008975,0.622680171,6.16E-05,0.000081137,0,0,0,2.75E-05,2.65E-06,5.58E-06
876,0.0000747,0.532312125,7.13E-05,7.52E-05,0,0,0,2.67E-05,2.13E-06,6.08E-06
877,0.00005965,0.437625766,8.10E-05,6.93E-05,0,0,0,2.60E-05,1.60E-06,6.58E-06
878,0.0000446,0.342939407,9.07E-05,6.34E-05,0,0,0,2.52E-05,1.07E-06,7.08E-06
879,0.00002955,0.265014219,0.000100373,5.75E-05,0,0,0,2.45E-05,5.39E-07,7.59E-06
880,0.0000145,0.196346443,0.000110055,0.000051634,0,0,0,2.37E-05,0.00000001,8.09E-06
881,0.00001687,0.152096288,0.000104138,4.76E-05,0,0,0,2.22E-05,1.43E-06,8.46E-06
882,0.00001924,0.120408098,9.82E-05,4.36E-05,0,0,0,2.06E-05,2.86E-06,8.84E-06
883,0.00002161,0.088719907,9.23E-05,3.95E-05,0,0,0,1.90E-05,4.28E-06,9.21E-06
884,0.00002398,0.06962653,8.64E-05,3.55E-05,0,0,0,1.74E-05,5.71E-06,9.59E-06
885,0.00002635,0.056917866,8.05E-05,3.15E-05,0,0,0,1.59E-05,7.13E-06,9.96E-06
886,0.00002872,0.048701427,7.46E-05,2.75E-05,0,0,0,1.43E-05,8.56E-06,1.03E-05
887,0.00003109,0.042895385,6.86E-05,2.34E-05,0,0,0,1.27E-05,9.98E-06,1.07E-05
888,0.00003346,0.037089342,6.27E-05,1.94E-05,0,0,0,1.12E-05,1.14E-05,1.11E-05
889,0.00003583,0.033112053,5.68E-05,1.54E-05,0,0,0,9.59E-06,1.28E-05,1.15E-05
890,0.0000382,0.030109988,5.09E-05,1.13E-05,0,0,0,8.01E-06,1.43E-05,1.18E-05
891,0.00004103,0.027642434,4.58E-05,1.12E-05,0,0,0,8.19E-06,1.34E-05,1.10E-05
892,0.00004386,0.025441856,4.07E-05,1.10E-05,0,0,0,8.37E-06,1.25E-05,1.01E-05
893,0.00004669,0.023241277,3.56E-05,1.09E-05,0,0,0,8.55E-06,1.16E-05,9.22E-06
894,0.00004952,0.021077964,3.05E-05,1.08E-05,0,0,0,8.72E-06,1.07E-05,8.34E-06
895,0.00005235,0.018933967,2.54E-05,1.06E-05,0,0,0,8.90E-06,9.79E-06,7.47E-06
896,0.00005518,0.016791135,2.04E-05,1.05E-05,0,0,0,9.08E-06,8.90E-06,6.59E-06
897,0.00005801,0.014648921,1.53E-05,1.03E-05,0,0,0,9.25E-06,8.00E-06,5.72E-06
898,0.00006084,0.012506707,1.02E-05,1.02E-05,0,0,0,9.43E-06,7.11E-06,4.85E-06
899,0.00006367,0.010554873,5.10E-06,1.00E-05,0,0,0,9.61E-06,6.22E-06,3.97E-06
900,0.0000665,0.00869499,0.00000001,9.89E-06,0,0,0,9.78E-06,5.33E-06,3.10E-06
901,0.00006278,0.008052447,1.57E-06,1.24E-05,0,0,0,9.05E-06,4.95E-06,3.24E-06
902,0.00005906,0.007409904,3.14E-06,1.49E-05,0,0,0,8.32E-06,4.57E-06,3.39E-06
903,0.00005534,0.006767361,4.70E-06,1.74E-05,0,0,0,7.59E-06,4.20E-06,3.53E-06
904,0.00005162,0.006124818,6.26E-06,1.99E-05,0,0,0,6.86E-06,3.82E-06,3.68E-06
905,0.0000479,0.005482275,7.83E-06,2.24E-05,0,0,0,6.12E-06,3.45E-06,3.82E-06
906,0.00004418,0.004839732,9.39E-06,2.49E-05,0,0,0,5.39E-06,3.07E-06,3.97E-06
907,0.00004046,0.004197189,1.10E-05,2.74E-05,0,0,0,4.66E-06,2.69E-06,4.11E-06
908,0.00003674,0.003554646,1.25E-05,2.99E-05,0,0,0,3.93E-06,2.32E-06,4.26E-06
909,0.00003302,0.002912103,1.41E-05,3.24E-05,0,0,0,3.20E-06,1.94E-06,4.40E-06
910,0.0000293,0.00226956,1.56E-05,3.49E-05,0,0,0,2.46E-06,1.56E-06,4.55E-06
911,0.00003164,0.002295608,1.79E-05,3.18E-05,0,0,0,4.32E-06,1.62E-06,4.50E-06
912,0.00003398,0.002321656,2.02E-05,2.87E-05,0,0,0,6.18E-06,1.67E-06,4.46E-06
913,0.00003632,0.002347704,2.25E-05,2.56E-05,0,0,0,8.03E-06,1.73E-06,4.41E-06
914,0.00003866,0.002373752,2.48E-05,2.25E-05,0,0,0,9.89E-06,1.78E-06,4.36E-06
915,0.000041,0.0023998,0.000027143,1.94E-05,0,0,0,1.17E-05,1.84E-06,4.32E-06
916,0.00004334,0.002425848,2.94E-05,1.63E-05,0,0,0,1.36E-05,1.89E-06,4.27E-06
917,0.00004568,0.002451896,3.17E-05,1.32E-05,0,0,0,1.55E-05,1.95E-06,4.23E-06
918,0.00004802,0.002477944,3.40E-05,1.01E-05,0,0,0,1.73E-05,2.00E-06,4.18E-06
919,0.00005036,0.002503992,3.63E-05,7.01E-06,0,0,0,1.92E-05,2.05E-06,4.13E-06
920,0.0000527,0.00253004,3.86E-05,3.91E-06,0,0,0,2.10E-05,2.11E-06,4.09E-06
921,0.000048217,0.002411267,3.86E-05,7.74E-06,0,0,0,1.94E-05,2.34E-06,4.34E-06
922,0.000043734,0.002292494,3.85E-05,1.16E-05,0,0,0,1.78E-05,2.57E-06,4.59E-06
923,0.000039251,0.002173721,3.84E-05,1.54E-05,0,0,0,1.62E-05,2.80E-06,4.84E-06
924,0.000034768,0.002054948,3.83E-05,1.92E-05,0,0,0,1.46E-05,3.03E-06,5.09E-06
925,0.000030285,0.001936175,3.82E-05,2.30E-05,0,0,0,1.30E-05,3.26E-06,5.34E-06
926,2.58E-05,0.001817402,3.81E-05,2.68E-05,0,0,0,1.14E-05,3.49E-06,5.59E-06
927,2.13E-05,0.001698629,3.81E-05,3.07E-05,0,0,0,9.78E-06,3.72E-06,5.84E-06
928,1.68E-05,0.001579856,3.80E-05,3.45E-05,0,0,0,8.18E-06,3.95E-06,6.09E-06
929,1.24E-05,0.001461083,3.79E-05,3.83E-05,0,0,0,6.57E-06,4.18E-06,6.35E-06
930,7.87E-06,0.00134231,3.78E-05,4.21E-05,0,0,0,4.96E-06,4.41E-06,6.60E-06
931,9.26E-06,0.001262245,3.40E-05,3.82E-05,0,0,0,5.29E-06,4.32E-06,6.61E-06
932,1.07E-05,0.001182181,3.02E-05,3.43E-05,0,0,0,5.62E-06,4.23E-06,6.63E-06
933,1.20E-05,0.001102116,2.65E-05,3.05E-05,0,0,0,5.95E-06,4.14E-06,6.65E-06
934,1.34E-05,0.001022052,2.27E-05,2.66E-05,0,0,0,6.27E-06,4.04E-06,6.66E-06
935,1.48E-05,0.000941987,1.89E-05,2.27E-05,0,0,0,6.60E-06,3.95E-06,6.68E-06
936,1.62E-05,0.000861922,1.51E-05,1.88E-05,0,0,0,6.93E-06,3.86E-06,6.70E-06
937,0.000017621,0.000781858,1.13E-05,1.49E-05,0,0,0,7.26E-06,3.77E-06,6.71E-06
938,0.000019014,0.000701793,7.57E-06,1.10E-05,0,0,0,7.59E-06,3.67E-06,6.73E-06
939,0.000020407,0.000621729,3.79E-06,7.13E-06,0,0,0,7.91E-06,3.58E-06,6.75E-06
940,0.0000218,0.000541664,0.00000001,3.24E-06,0,0,0,8.24E-06,3.49E-06,6.76E-06
941,0.00002633,0.00059569,2.43E-06,7.11E-06,0,0,0,9.36E-06,3.68E-06,6.09E-06
942,0.00003086,0.000649715,4.84E-06,1.10E-05,0,0,0,1.05E-05,3.87E-06,5.41E-06
943,0.00003539,0.000703741,7.26E-06,1.48E-05,0,0,0,1.16E-05,4.05E-06,4.74E-06
944,0.00003992,0.000757766,9.68E-06,1.87E-05,0,0,0,1.27E-05,4.24E-06,4.06E-06
945,0.00004445,0.000811792,1.21E-05,0.00002257,0,0,0,1.39E-05,4.43E-06,3.39E-06
946,0.00004898,0.000865818,1.45E-05,2.64E-05,0,0,0,1.50E-05,4.62E-06,2.71E-06
947,0.00005351,0.000919843,1.69E-05,3.03E-05,0,0,0,1.61E-05,4.81E-06,2.04E-06
948,0.00005804,0.000973869,1.93E-05,3.42E-05,0,0,0,1.72E-05,5.00E-06,1.36E-06
949,0.00006257,0.001027894,2.18E-05,3.80E-05,0,0,0,1.83E-05,5.19E-06,6.85E-07
950,0.0000671,0.00108192,2.42E-05,4.19E-05,0,0,0,1.95E-05,5.37E-06,0.00000001
951,0.00006483,0.001042146,2.73E-05,3.91E-05,0,0,0,1.78E-05,5.19E-06,4.81E-07
952,0.00006256,0.001002372,3.05E-05,3.63E-05,0,0,0,1.60E-05,5.01E-06,9.52E-07
953,0.00006029,0.000962598,3.37E-05,3.36E-05,0,0,0,1.43E-05,4.83E-06,1.42E-06
954,0.00005802,0.000922824,3.68E-05,3.08E-05,0,0,0,1.26E-05,4.64E-06,1.89E-06
955,0.00005575,0.00088305,0.00003998,2.80E-05,0,0,0,1.09E-05,4.46E-06,2.36E-06
956,0.00005348,0.000843276,4.31E-05,2.52E-05,0,0,0,9.22E-06,4.28E-06,2.84E-06
957,0.00005121,0.000803502,4.63E-05,2.25E-05,0,0,0,7.52E-06,4.10E-06,3.31E-06
958,0.00004894,0.000763728,4.95E-05,1.97E-05,0,0,0,5.81E-06,3.92E-06,3.78E-06
959,0.00004667,0.000723954,5.26E-05,1.69E-05,0,0,0,4.10E-06,3.73E-06,4.25E-06
960,0.0000444,0.00068418,5.58E-05,1.41E-05,0,0,0,2.40E-06,3.55E-06,4.72E-06
961,0.00005256,0.000686312,5.04E-05,1.38E-05,0,0,0,2.23E-06,3.44E-06,4.53E-06
962,0.00006072,0.000688444,4.51E-05,1.34E-05,0,0,0,2.07E-06,3.32E-06,4.33E-06
963,0.00006888,0.000690575,3.98E-05,1.31E-05,0,0,0,1.90E-06,3.21E-06,4.14E-06
964,0.00007704,0.000692707,3.44E-05,1.28E-05,0,0,0,1.74E-06,3.09E-06,3.95E-06
965,0.0000852,0.000694839,2.91E-05,1.24E-05,0,0,0,1.58E-06,2.98E-06,3.76E-06
966,0.00009336,0.000696971,2.38E-05,1.21E-05,0,0,0,1.41E-06,2.86E-06,3.56E-06
967,0.00010152,0.000699103,1.84E-05,1.17E-05,0,0,0,1.25E-06,2.75E-06,3.37E-06
968,0.00010968,0.000701234,1.31E-05,1.14E-05,0,0,0,1.08E-06,2.63E-06,3.18E-06
969,0.00011784,0.000703366,7.74E-06,1.10E-05,0,0,0,9.20E-07,2.51E-06,2.98E-06
970,0.000126,0.000705498,2.40E-06,1.07E-05,0,0,0,7.56E-07,2.40E-06,2.79E-06
971,0.00011972,0.000700965,3.31E-06,1.30E-05,0,0,0,1.77E-06,2.21E-06,2.73E-06
972,0.00011344,0.000696432,4.22E-06,1.52E-05,0,0,0,2.78E-06,2.01E-06,2.66E-06
973,0.00010716,0.000691899,5.13E-06,1.75E-05,0,0,0,3.79E-06,1.82E-06,2.59E-06
974,0.00010088,0.000687366,6.04E-06,1.97E-05,0,0,0,4.80E-06,1.62E-06,2.53E-06
975,0.0000946,0.000682833,6.94E-06,2.20E-05,0,0,0,5.81E-06,1.43E-06,2.46E-06
976,0.00008832,0.0006783,7.85E-06,2.42E-05,0,0,0,6.82E-06,1.24E-06,2.40E-06
977,0.00008204,0.000673767,8.76E-06,2.65E-05,0,0,0,7.83E-06,1.04E-06,2.33E-06
978,0.00007576,0.000669234,9.67E-06,2.88E-05,0,0,0,8.84E-06,8.48E-07,2.27E-06
979,0.00006948,0.000664701,1.06E-05,3.10E-05,0,0,0,9.85E-06,6.54E-07,2.20E-06
980,0.0000632,0.000660168,1.15E-05,3.33E-05,0,0,0,1.09E-05,4.60E-07,2.14E-06
981,0.00005911,0.000599564,1.35E-05,3.00E-05,0,0,0,1.08E-05,4.58E-07,2.50E-06
982,0.00005502,0.000538961,1.54E-05,2.66E-05,0,0,0,1.07E-05,4.57E-07,2.85E-06
983,0.00005093,0.000478357,1.74E-05,2.33E-05,0,0,0,1.06E-05,4.56E-07,3.21E-06
984,0.00004684,0.000417753,1.94E-05,2.00E-05,0,0,0,1.05E-05,4.54E-07,3.57E-06
985,0.00004275,0.00035715,2.14E-05,1.66E-05,0,0,0,1.03E-05,4.53E-07,3.92E-06
986,0.00003866,0.000296546,2.33E-05,1.33E-05,0,0,0,1.02E-05,4.52E-07,4.28E-06
987,0.00003457,0.000235942,2.53E-05,9.99E-06,0,0,0,1.01E-05,4.50E-07,4.64E-06
988,0.00003048,0.000175339,2.73E-05,6.67E-06,0,0,0,1.00E-05,4.49E-07,5.00E-06
989,0.00002639,0.000114735,2.93E-05,3.34E-06,0,0,0,9.94E-06,4.48E-07,5.35E-06
990,0.0000223,5.41E-05,3.12E-05,0.00000001,0,0,0,9.84E-06,4.46E-07,5.71E-06
991,0.00002414,4.92E-05,3.16E-05,3.38E-06,0,0,0,1.06E-05,7.28E-07,5.25E-06
992,0.00002598,4.42E-05,3.20E-05,6.76E-06,0,0,0,1.14E-05,1.01E-06,4.78E-06
993,0.00002782,3.92E-05,3.23E-05,1.01E-05,0,0,0,1.22E-05,1.29E-06,4.32E-06
994,0.00002966,3.43E-05,3.27E-05,1.35E-05,0,0,0,1.29E-05,1.57E-06,3.86E-06
995,0.0000315,2.93E-05,3.31E-05,1.69E-05,0,0,0,1.37E-05,1.85E-06,3.40E-06
996,0.00003334,2.44E-05,3.35E-05,2.02E-05,0,0,0,1.45E-05,2.14E-06,2.93E-06
997,0.00003518,1.94E-05,3.38E-05,2.36E-05,0,0,0,1.53E-05,2.42E-06,2.47E-06
998,0.00003702,1.44E-05,3.42E-05,2.70E-05,0,0,0,1.61E-05,2.70E-06,2.01E-06
999,0.00003886,9.48E-06,3.46E-05,3.04E-05,0,0,0,1.68E-05,2.98E-06,1.55E-06
1000,0.0000407,4.52E-06,0.000034936,3.37E-05,0,0,0,1.76E-05,3.26E-06,1.08E-06
1001,4.15E-05,4.07E-06,3.41E-05,3.06E-05,0,0,0,1.68E-05,3.28E-06,1.09E-06
1002,0.00004228,3.62E-06,3.33E-05,2.75E-05,0,0,0,1.61E-05,3.29E-06,1.09E-06
1003,4.31E-05,3.17E-06,3.25E-05,2.44E-05,0,0,0,1.53E-05,3.30E-06,1.10E-06
1004,0.00004386,2.72E-06,3.17E-05,2.13E-05,0,0,0,1.45E-05,3.32E-06,1.10E-06
1005,4.47E-05,2.27E-06,3.08E-05,1.82E-05,0,0,0,1.38E-05,3.33E-06,1.11E-06
1006,0.00004544,1.81E-06,3.00E-05,1.51E-05,0,0,0,1.30E-05,3.35E-06,1.11E-06
1007,4.62E-05,1.36E-06,2.92E-05,1.20E-05,0,0,0,1.23E-05,3.36E-06,1.12E-06
1008,0.00004702,9.12E-07,2.84E-05,8.91E-06,0,0,0,1.15E-05,3.38E-06,1.12E-06
1009,4.78E-05,4.61E-07,2.76E-05,5.81E-06,0,0,0,1.07E-05,3.39E-06,1.13E-06
1010,0.0000486,0.00000001,2.67E-05,2.71E-06,0,0,0,9.96E-06,3.41E-06,1.13E-06
1011,0.00004891,1.77E-06,3.03E-05,3.30E-06,0,0,0,1.02E-05,4.05E-06,1.92E-06
1012,0.00004922,3.52E-06,3.38E-05,3.90E-06,0,0,0,1.04E-05,4.69E-06,2.71E-06
1013,0.00004953,5.28E-06,3.73E-05,4.49E-06,0,0,0,1.06E-05,5.33E-06,3.50E-06
1014,0.00004984,7.04E-06,4.09E-05,5.08E-06,0,0,0,1.09E-05,5.98E-06,4.29E-06
1015,0.00005015,8.79E-06,4.44E-05,5.68E-06,0,0,0,1.11E-05,6.62E-06,5.08E-06
1016,0.00005046,1.05E-05,4.79E-05,6.27E-06,0,0,0,1.13E-05,7.26E-06,5.87E-06
1017,0.00005077,1.23E-05,5.15E-05,6.87E-06,0,0,0,1.15E-05,7.90E-06,6.66E-06
1018,0.00005108,1.41E-05,5.50E-05,7.46E-06,0,0,0,1.18E-05,8.55E-06,7.45E-06
1019,0.00005139,1.58E-05,5.85E-05,8.05E-06,0,0,0,1.20E-05,9.19E-06,8.24E-06
1020,0.0000517,1.76E-05,6.21E-05,8.65E-06,0,0,0,1.22E-05,9.83E-06,9.03E-06
1021,4.94E-05,1.69E-05,5.67E-05,9.07E-06,0,0,0,1.10E-05,9.25E-06,8.19E-06
1022,0.00004714,1.63E-05,5.14E-05,9.50E-06,0,0,0,9.78E-06,8.68E-06,7.36E-06
1023,4.49E-05,1.57E-05,4.61E-05,9.92E-06,0,0,0,8.56E-06,8.10E-06,6.52E-06
1024,0.00004258,1.50E-05,4.07E-05,1.03E-05,0,0,0,7.34E-06,7.52E-06,5.69E-06
1025,4.03E-05,1.44E-05,3.54E-05,1.08E-05,0,0,0,6.12E-06,6.94E-06,4.85E-06
1026,0.00003802,1.38E-05,3.00E-05,1.12E-05,0,0,0,4.89E-06,6.36E-06,4.01E-06
1027,3.57E-05,1.31E-05,2.47E-05,1.16E-05,0,0,0,3.67E-06,5.79E-06,3.18E-06
1028,0.00003346,1.25E-05,1.94E-05,1.20E-05,0,0,0,2.45E-06,5.21E-06,2.34E-06
1029,3.12E-05,1.19E-05,1.40E-05,1.25E-05,0,0,0,1.23E-06,4.63E-06,1.51E-06
1030,0.0000289,0.000011233,8.68E-06,1.29E-05,0,0,0,0.00000001,4.05E-06,6.73E-07
1031,3.19E-05,2.11E-05,8.15E-06,1.27E-05,0,0,0,8.50E-07,4.11E-06,1.77E-06
1032,0.0000348,3.10E-05,7.61E-06,1.25E-05,0,0,0,1.69E-06,4.18E-06,2.87E-06
1033,3.78E-05,4.09E-05,7.08E-06,1.24E-05,0,0,0,2.53E-06,4.24E-06,3.97E-06
1034,0.0000407,5.08E-05,6.54E-06,1.22E-05,0,0,0,3.37E-06,4.30E-06,5.06E-06
1035,4.37E-05,6.07E-05,6.01E-06,1.20E-05,0,0,0,4.21E-06,4.36E-06,6.16E-06
1036,0.0000466,7.06E-05,5.48E-06,1.19E-05,0,0,0,5.05E-06,4.43E-06,7.26E-06
1037,4.96E-05,8.05E-05,4.94E-06,1.17E-05,0,0,0,5.89E-06,4.49E-06,8.36E-06
1038,0.0000525,9.04E-05,4.41E-06,1.15E-05,0,0,0,6.73E-06,4.55E-06,9.46E-06
1039,5.55E-05,0.000100287,3.87E-06,1.13E-05,0,0,0,7.57E-06,4.61E-06,1.06E-05
1040,0.0000584,0.000110182,3.34E-06,1.12E-05,0,0,0,8.41E-06,4.68E-06,0.000011652
1041,5.46E-05,0.000103484,5.43E-06,1.18E-05,0,0,0,1.09E-05,4.94E-06,1.12E-05
1042,0.00005076,9.68E-05,7.53E-06,1.25E-05,0,0,0,1.34E-05,5.20E-06,1.08E-05
1043,4.69E-05,9.01E-05,9.62E-06,1.32E-05,0,0,0,1.58E-05,5.46E-06,1.04E-05
1044,0.00004312,8.34E-05,1.17E-05,1.39E-05,0,0,0,1.83E-05,5.72E-06,1.00E-05
1045,3.93E-05,7.67E-05,1.38E-05,1.46E-05,0,0,0,2.08E-05,5.98E-06,9.59E-06
1046,0.00003548,7.00E-05,1.59E-05,1.53E-05,0,0,0,2.33E-05,6.24E-06,9.18E-06
1047,3.17E-05,6.33E-05,1.80E-05,1.60E-05,0,0,0,2.57E-05,6.50E-06,8.77E-06
1048,0.00002784,5.66E-05,2.01E-05,1.67E-05,0,0,0,2.82E-05,6.76E-06,8.36E-06
1049,2.40E-05,4.99E-05,2.22E-05,1.73E-05,0,0,0,3.07E-05,7.02E-06,7.94E-06
1050,0.0000202,0.0000432,2.43E-05,1.80E-05,0,0,0,3.31E-05,7.29E-06,7.53E-06
1051,1.95E-05,4.09E-05,3.01E-05,1.97E-05,0,0,0,2.98E-05,7.58E-06,7.61E-06
1052,1.87E-05,3.85E-05,3.59E-05,2.13E-05,0,0,0,2.65E-05,7.88E-06,7.70E-06
1053,1.80E-05,3.62E-05,4.16E-05,2.29E-05,0,0,0,2.32E-05,8.18E-06,7.78E-06
1054,1.72E-05,3.39E-05,4.74E-05,2.46E-05,0,0,0,1.99E-05,8.48E-06,7.86E-06
1055,1.65E-05,3.16E-05,5.32E-05,2.62E-05,0,0,0,1.66E-05,8.78E-06,7.95E-06
1056,1.58E-05,2.92E-05,5.90E-05,2.78E-05,0,0,0,1.33E-05,9.08E-06,8.03E-06
1057,1.50E-05,2.69E-05,6.48E-05,2.94E-05,0,0,0,9.95E-06,9.38E-06,8.11E-06
1058,1.43E-05,2.46E-05,7.06E-05,3.11E-05,0,0,0,6.64E-06,9.67E-06,8.20E-06
1059,1.35E-05,2.23E-05,7.64E-05,3.27E-05,0,0,0,3.32E-06,9.97E-06,8.28E-06
1060,1.28E-05,1.99E-05,8.21E-05,3.43E-05,0,0,0,1.01E-08,1.03E-05,8.36E-06
1061,2.78E-05,1.98E-05,7.59E-05,4.04E-05,0,0,0,1.45E-06,9.37E-06,9.04E-06
1062,4.28E-05,1.97E-05,6.96E-05,4.64E-05,0,0,0,2.89E-06,8.48E-06,9.73E-06
1063,5.79E-05,1.97E-05,6.34E-05,5.24E-05,0,0,0,4.33E-06,7.58E-06,1.04E-05
1064,7.29E-05,1.96E-05,5.71E-05,5.84E-05,0,0,0,5.77E-06,6.69E-06,1.11E-05
1065,0.0000879,1.95E-05,5.09E-05,0.000064455,0,0,0,7.20E-06,5.79E-06,1.18E-05
1066,0.00010292,1.94E-05,4.46E-05,7.05E-05,0,0,0,8.64E-06,4.89E-06,1.25E-05
1067,0.000117939,1.93E-05,3.84E-05,7.65E-05,0,0,0,1.01E-05,4.00E-06,1.31E-05
1068,0.000132959,1.92E-05,3.21E-05,8.25E-05,0,0,0,1.15E-05,3.10E-06,1.38E-05
1069,0.000147979,1.91E-05,2.58E-05,8.86E-05,0,0,0,1.30E-05,2.20E-06,1.45E-05
1070,0.000162998,1.90E-05,1.96E-05,9.46E-05,0,0,0,1.44E-05,1.31E-06,1.52E-05
1071,0.000156801,1.71E-05,2.09E-05,9.68E-05,0,0,0,1.42E-05,1.66E-06,1.39E-05
1072,0.0001506,1.52E-05,2.21E-05,9.91E-05,0,0,0,1.41E-05,2.01E-06,1.25E-05
1073,0.0001444,1.33E-05,2.34E-05,0.000101305,0,0,0,1.39E-05,2.37E-06,1.12E-05
1074,0.0001382,1.14E-05,2.47E-05,0.000103544,0,0,0,1.37E-05,2.72E-06,9.87E-06
1075,0.000132,9.51E-06,2.59E-05,0.000105784,0,0,0,1.36E-05,3.08E-06,8.54E-06
1076,0.0001258,7.61E-06,2.72E-05,0.000108023,0,0,0,1.34E-05,3.43E-06,7.20E-06
1077,0.0001196,5.71E-06,2.85E-05,0.000110263,0,0,0,1.32E-05,3.78E-06,5.87E-06
1078,0.0001134,3.81E-06,2.98E-05,0.000112502,0,0,0,1.31E-05,4.14E-06,4.54E-06
1079,0.0001072,1.91E-06,3.10E-05,0.000114742,0,0,0,1.29E-05,4.49E-06,3.21E-06
1080,0.000101,0.00000001,0.000032303,0.000116981,0,0,0,0.00001272,4.85E-06,1.88E-06
1081,9.09E-05,9.00E-09,2.91E-05,0.000105283,0,0,0,1.14E-05,4.36E-06,1.69E-06
1082,8.08E-05,8.00E-09,2.58E-05,9.36E-05,0,0,0,1.02E-05,3.88E-06,1.50E-06
1083,7.07E-05,7.00E-09,2.26E-05,8.19E-05,0,0,0,8.90E-06,3.39E-06,1.32E-06
1084,0.0000606,0.000000006,1.94E-05,7.02E-05,0,0,0,0.000007632,2.91E-06,1.13E-06
1085,5.05E-05,5.00E-09,1.62E-05,5.85E-05,0,0,0,6.36E-06,2.42E-06,9.39E-07
1086,4.04E-05,4.00E-09,1.29E-05,4.68E-05,0,0,0,5.09E-06,1.94E-06,7.52E-07
1087,3.03E-05,3.00E-09,9.69E-06,3.51E-05,0,0,0,3.82E-06,1.45E-06,5.64E-07
1088,0.0000202,0.000000002,6.46E-06,2.34E-05,0,0,0,0.000002544,9.69E-07,3.76E-07
1089,1.01E-05,1.00E-09,3.23E-06,1.17E-05,0,0,0,1.27E-06,4.85E-07,1.88E-07
1090,2.25E-18,2.22E-22,7.18E-19,2.59E-18,0,0,0,2.81E-19,1.08E-19,4.19E-20
1091,0,0,0,0,0,0,0,0,0,0
1092,0,0,0,0,0,0,0,0,0,0
1093,0,0,0,0,0,0,0,0,0,0
1094,0,0,0,0,0,0,0,0,0,0
1095,0,0,0,0,0,0,0,0,0,0
1096,0,0,0,0,0,0,0,0,0,0
1097,0,0,0,0,0,0,0,0,0,0
1098,0,0,0,0,0,0,0,0,0,0
1099,0,0,0,0,0,0,0,0,0,0
1100,0,0,0,0,0,0,0,0,0,0
1101,0,0,0,0,0,0,0,0,0,0
1102,0,0,0,0,0,0,0,0,0,0
1103,0,0,0,0,0,0,0,0,0,0
1104,0,0,0,0,0,0,0,0,0,0
1105,0,0,0,0,0,0,0,0,0,0
1106,0,0,0,0,0,0,0,0,0,0
1107,0,0,0,0,0,0,0,0,0,0
1108,0,0,0,0,0,0,0,0,0,0
1109,0,0,0,0,0,0,0,0,0,0
1110,0,0,0,0,0,0,0,0,0,0
1111,0,0,0,0,0,0,0,0,0,0
1112,0,0,0,0,0,0,0,0,0,0
1113,0,0,0,0,0,0,0,0,0,0
1114,0,0,0,0,0,0,0,0,0,0
1115,0,0,0,0,0,0,0,0,0,0
1116,0,0,0,0,0,0,0,0,0,0
1117,0,0,0,0,0,0,0,0,0,0
1118,0,0,0,0,0,0,0,0,0,0
1119,0,0,0,0,0,0,0,0,0,0
1120,0,0,0,0,0,0,0,0,0,0
1121,0,0,0,0,0,0,0,0,0,0
1122,0,0,0,0,0,0,0,0,0,0
1123,0,0,0,0,0,0,0,0,0,0
1124,0,0,0,0,0,0,0,0,0,0
1125,0,0,0,0,0,0,0,0,0,0
1126,0,0,0,0,0,0,0,0,0,0
1127,0,0,0,0,0,0,0,0,0,0
1128,0,0,0,0,0,0,0,0,0,0
1129,0,0,0,0,0,0,0,0,0,0
1130,0,0,0,0,0,0,0,0,0,0
1131,0,0,0,0,0,0,0,0,0,0
1132,0,0,0,0,0,0,0,0,0,0
1133,0,0,0,0,0,0,0,0,0,0
1134,0,0,0,0,0,0,0,0,0,0
1135,0,0,0,0,0,0,0,0,0,0
1136,0,0,0,0,0,0,0,0,0,0
1137,0,0,0,0,0,0,0,0,0,0
1138,0,0,0,0,0,0,0,0,0,0
1139,0,0,0,0,0,0,0,0,0,0
1140,0,0,0,0,0,0,0,0,0,0
1141,0,0,0,0,0,0,0,0,0,0
1142,0,0,0,0,0,0,0,0,0,0
1143,0,0,0,0,0,0,0,0,0,0
1144,0,0,0,0,0,0,0,0,0,0
1145,0,0,0,0,0,0,0,0,0,0
1146,0,0,0,0,0,0,0,0,0,0
1147,0,0,0,0,0,0,0,0,0,0
1148,0,0,0,0,0,0,0,0,0,0
1149,0,0,0,0,0,0,0,0,0,0
1150,0,0,0,0,0,0,0,0,0,0
1151,0,0,0,0,0,0,0,0,0,0
1152,0,0,0,0,0,0,0,0,0,0
1153,0,0,0,0,0,0,0,0,0,0
1154,0,0,0,0,0,0,0,0,0,0
1155,0,0,0,0,0,0,0,0,0,0
1156,0,0,0,0,0,0,0,0,0,0
1157,0,0,0,0,0,0,0,0,0,0
1158,0,0,0,0,0,0,0,0,0,0
1159,0,0,0,0,0,0,0,0,0,0
1160,0,0,0,0,0,0,0,0,0,0
1161,0,0,0,0,0,0,0,0,0,0
1162,0,0,0,0,0,0,0,0,0,0
1163,0,0,0,0,0,0,0,0,0,0
1164,0,0,0,0,0,0,0,0,0,0
1165,0,0,0,0,0,0,0,0,0,0
1166,0,0,0,0,0,0,0,0,0,0
1167,0,0,0,0,0,0,0,0,0,0
1168,0,0,0,0,0,0,0,0,0,0
1169,0,0,0,0,0,0,0,0,0,0
1170,0,0,0,0,0,0,0,0,0,0
1171,0,0,0,0,0,0,0,0,0,0
1172,0,0,0,0,0,0,0,0,0,0
1173,0,0,0,0,0,0,0,0,0,0
1174,0,0,0,0,0,0,0,0,0,0
1175,0,0,0,0,0,0,0,0,0,0
1176,0,0,0,0,0,0,0,0,0,0
1177,0,0,0,0,0,0,0,0,0,0
1178,0,0,0,0,0,0,0,0,0,0
1179,0,0,0,0,0,0,0,0,0,0
1180,0,0,0,0,0,0,0,0,0,0
1181,0,0,0,0,0,0,0,0,0,0
1182,0,0,0,0,0,0,0,0,0,0
1183,0,0,0,0,0,0,0,0,0,0
1184,0,0,0,0,0,0,0,0,0,0
1185,0,0,0,0,0,0,0,0,0,0
1186,0,0,0,0,0,0,0,0,0,0
1187,0,0,0,0,0,0,0,0,0,0
1188,0,0,0,0,0,0,0,0,0,0
1189,0,0,0,0,0,0,0,0,0,0
1190,0,0,0,0,0,0,0,0,0,0
1191,0,0,0,0,0,0,0,0,0,0
1192,0,0,0,0,0,0,0,0,0,0
1193,0,0,0,0,0,0,0,0,0,0
1194,0,0,0,0,0,0,0,0,0,0
1195,0,0,0,0,0,0,0,0,0,0
1196,0,0,0,0,0,0,0,0,0,0
1197,0,0,0,0,0,0,0,0,0,0
1198,0,0,0,0,0,0,0,0,0,0
1199,0,0,0,0,0,0,0,0,0,0
1200,0,0,0,0,0,0,0,0,0,0
1201,0,0,0,0,0,0,0,0,0,0
1202,0,0,0,0,0,0,0,0,0,0
1203,0,0,0,0,0,0,0,0,0,0
1204,0,0,0,0,0,0,0,0,0,0
1205,0,0,0,0,0,0,0,0,0,0
1206,0,0,0,0,0,0,0,0,0,0
1207,0,0,0,0,0,0,0,0,0,0
1208,0,0,0,0,0,0,0,0,0,0
1209,0,0,0,0,0,0,0,0,0,0
1210,0,0,0,0,0,0,0,0,0,0
1211,0,0,0,0,0,0,0,0,0,0
1212,0,0,0,0,0.00904,0,0,0,0,0
1213,0,0,0,0,0.01079,0,0,0,0,0
1214,0,0,0,0,0.01371,0,0,0,0,0
1215,0,0,0,0,0.01772,0,0,0,0,0
1216,0,0,0,0,0.02375,0,0,0,0,0
1217,0,0,0,0,0.03193,0,0,0,0,0
1218,0,0,0,0,0.04016,0,0,0,0,0
1219,0,0,0,0,0.04722,0,0,0,0,0
1220,0,0,0,0,0.05839,0,0,0,0,0
1221,0,0,0,0,0.07385,0,0,0,0,0
1222,0,0,0,0,0.09643,0,0,0,0,0
1223,0,0,0,0,0.1293,0,0,0,0,0
1224,0,0,0,0,0.16492,0,0,0,0,0
1225,0,0,0,0,0.20153,0,0,0,0,0
1226,0,0,0,0,0.2396,0,0,0,0,0
1227,0,0,0,0,0.28694,0,0,0,0,0
1228,0,0,0,0,0.35528,0,0,0,0,0
1229,0,0,0,0,0.43817,0,0,0,0,0
1230,0,0,0,0,0.51532,0,0,0,0,0
1231,0,0,0,0,0.57167,0,0,0,0,0
1232,0,0,0,0,0.61676,0,0,0,0,0
1233,0,0,0,0,0.67229,0,0,0,0,0
1234,0,0,0,0,0.76147,0,0,0,0,0
1235,0,0,0,0,0.8343,0,0,0,0,0
1236,0,0,0,0,0.88245,0,0,0,0,0
1237,0,0,0,0,0.88277,0,0,0,0,0
1238,0,0,0,0,0.90751,0,0,0,0,0
1239,0,0,0,0,0.93905,0,0,0,0,0
1240,0,0,0,0,0.97192,0,0,0,0,0
1241,0,0,0,0,0.98028,0,0,0,0,0
1242,0,0,0,0,0.98056,0,0,0,0,0
1243,0,0,0,0,0.97693,0,0,0,0,0
1244,0,0,0,0,0.98897,0,0,0,0,0
1245,0,0,0,0,0.99481,0,0,0,0,0
1246,0,0,0,0,0.97689,0,0,0,0,0
1247,0,0,0,0,0.96101,0,0,0,0,0
1248,0,0,0,0,0.93215,0,0,0,0,0
1249,0,0,0,0,0.8735,0,0,0,0,0
1250,0,0,0,0,0.79188,0,0,0,0,0
1251,0,0,0,0,0.69369,0,0,0,0,0
1252,0,0,0,0,0.57094,0,0,0,0,0
1253,0,0,0,0,0.5027,0,0,0,0,0
1254,0,0,0,0,0.44376,0,0,0,0,0
1255,0,0,0,0,0.37831,0,0,0,0,0
1256,0,0,0,0,0.28489,0,0,0,0,0
1257,0,0,0,0,0.1961,0,0,0,0,0
1258,0,0,0,0,0.13701,0,0,0,0,0
1259,0,0,0,0,0.11171,0,0,0,0,0
1260,0,0,0,0,0.09609,0,0,0,0,0
1261,0,0,0,0,0.0839,0,0,0,0,0
1262,0,0,0,0,0.06525,0,0,0,0,0
1263,0,0,0,0,0.04683,0,0,0,0,0
1264,0,0,0,0,0.0326,0,0,0,0,0
1265,0,0,0,0,0.02607,0,0,0,0,0
1266,0,0,0,0,0.02256,0,0,0,0,0
1267,0,0,0,0,0.02107,0,0,0,0,0
1268,0,0,0,0,0.01871,0,0,0,0,0
1269,0,0,0,0,0.01553,0,0,0,0,0
1270,0,0,0,0,0.01088,0,0,0,0,0
1271,0,0,0,0,0,0,0,0,0,0
1272,0,0,0,0,0,0,0,0,0,0
1273,0,0,0,0,0,0,0,0,0,0
1274,0,0,0,0,0,0,0,0,0,0
1275,0,0,0,0,0,0,0,0,0,0
1276,0,0,0,0,0,0,0,0,0,0
1277,0,0,0,0,0,0,0,0,0,0
1278,0,0,0,0,0,0,0,0,0,0
1279,0,0,0,0,0,0,0,0,0,0
1280,0,0,0,0,0,0,0,0,0,0
1281,0,0,0,0,0,0,0,0,0,0
1282,0,0,0,0,0,0,0,0,0,0
1283,0,0,0,0,0,0,0,0,0,0
1284,0,0,0,0,0,0,0,0,0,0
1285,0,0,0,0,0,0,0,0,0,0
1286,0,0,0,0,0,0,0,0,0,0
1287,0,0,0,0,0,0,0,0,0,0
1288,0,0,0,0,0,0,0,0,0,0
1289,0,0,0,0,0,0,0,0,0,0
1290,0,0,0,0,0,0,0,0,0,0
1291,0,0,0,0,0,0,0,0,0,0
1292,0,0,0,0,0,0,0,0,0,0
1293,0,0,0,0,0,0,0,0,0,0
1294,0,0,0,0,0,0,0,0,0,0
1295,0,0,0,0,0,0,0,0,0,0
1296,0,0,0,0,0,0,0,0,0,0
1297,0,0,0,0,0,0,0,0,0,0
1298,0,0,0,0,0,0,0,0,0,0
1299,0,0,0,0,0,0,0,0,0,0
1300,0,0,0,0,0,0,0,0,0,0
1301,0,0,0,0,0,0,0,0,0,0
1302,0,0,0,0,0,0,0,0,0,0
1303,0,0,0,0,0,0,0,0,0,0
1304,0,0,0,0,0,0,0,0,0,0
1305,0,0,0,0,0,0,0,0,0,0
1306,0,0,0,0,0,0,0,0,0,0
1307,0,0,0,0,0,0,0,0,0,0
1308,0,0,0,0,0,0,0,0,0,0
1309,0,0,0,0,0,0,0,0,0,0
1310,0,0,0,0,0,0,0,0,0,0
1311,0,0,0,0,0,0,0,0,0,0
1312,0,0,0,0,0,0,0,0,0,0
1313,0,0,0,0,0,0,0,0,0,0
1314,0,0,0,0,0,0,0,0,0,0
1315,0,0,0,0,0,0,0,0,0,0
1316,0,0,0,0,0,0,0,0,0,0
1317,0,0,0,0,0,0,0,0,0,0
1318,0,0,0,0,0,0,0,0,0,0
1319,0,0,0,0,0,0,0,0,0,0
1320,0,0,0,0,0,0,0,0,0,0
1321,0,0,0,0,0,0,0,0,0,0
1322,0,0,0,0,0,0,0,0,0,0
1323,0,0,0,0,0,0,0,0,0,0
1324,0,0,0,0,0,0,0,0,0,0
1325,0,0,0,0,0,0,0,0,0,0
1326,0,0,0,0,0,0,0,0,0,0
1327,0,0,0,0,0,0,0,0,0,0
1328,0,0,0,0,0,0,0,0,0,0
1329,0,0,0,0,0,0,0,0,0,0
1330,0,0,0,0,0,0,0,0,0,0
1331,0,0,0,0,0,0,0,0,0,0
1332,0,0,0,0,0,0,0,0,0,0
1333,0,0,0,0,0,0,0,0,0,0
1334,0,0,0,0,0,0,0,0,0,0
1335,0,0,0,0,0,0,0,0,0,0
1336,0,0,0,0,0,0,0,0,0,0
1337,0,0,0,0,0,0,0,0,0,0
1338,0,0,0,0,0,0,0,0,0,0
1339,0,0,0,0,0,0,0,0,0,0
1340,0,0,0,0,0,0,0,0,0,0
1341,0,0,0,0,0,0,0,0,0,0
1342,0,0,0,0,0,0,0,0,0,0
1343,0,0,0,0,0,0,0,0,0,0
1344,0,0,0,0,0,0,0,0,0,0
1345,0,0,0,0,0,0,0,0,0,0
1346,0,0,0,0,0,0,0,0,0,0
1347,0,0,0,0,0,0,0,0,0,0
1348,0,0,0,0,0,0,0,0,0,0
1349,0,0,0,0,0,0,0,0,0,0
1350,0,0,0,0,0,0,0,0,0,0
1351,0,0,0,0,0,0,0,0,0,0
1352,0,0,0,0,0,0,0,0,0,0
1353,0,0,0,0,0,0,0,0,0,0
1354,0,0,0,0,0,0,0,0,0,0
1355,0,0,0,0,0,0,0,0,0,0
1356,0,0,0,0,0,0,0,0,0,0
1357,0,0,0,0,0,0,0,0,0,0
1358,0,0,0,0,0,0,0,0,0,0
1359,0,0,0,0,0,0,0,0,0,0
1360,0,0,0,0,0,0,0,0,0,0
1361,0,0,0,0,0,0,0,0,0,0
1362,0,0,0,0,0,0,0,0,0,0
1363,0,0,0,0,0,0,0,0,0,0
1364,0,0,0,0,0,0,0,0,0,0
1365,0,0,0,0,0,0,0,0,0,0
1366,0,0,0,0,0,0,0,0,0,0
1367,0,0,0,0,0,0,0,0,0,0
1368,0,0,0,0,0,0,0,0,0,0
1369,0,0,0,0,0,0,0,0,0,0
1370,0,0,0,0,0,0,0,0,0,0
1371,0,0,0,0,0,0,0,0,0,0
1372,0,0,0,0,0,0,0,0,0,0
1373,0,0,0,0,0,0,0,0,0,0
1374,0,0,0,0,0,0,0,0,0,0
1375,0,0,0,0,0,0,0,0,0,0
1376,0,0,0,0,0,0,0,0,0,0
1377,0,0,0,0,0,0,0,0,0,0
1378,0,0,0,0,0,0,0,0,0,0
1379,0,0,0,0,0,0,0,0,0,0
1380,0,0,0,0,0,0,0,0,0,0
1381,0,0,0,0,0,0,0,0,0,0
1382,0,0,0,0,0,0,0,0,0,0
1383,0,0,0,0,0,0,0,0,0,0
1384,0,0,0,0,0,0,0,0,0,0
1385,0,0,0,0,0,0,0,0,0,0
1386,0,0,0,0,0,0,0,0,0,0
1387,0,0,0,0,0,0,0,0,0,0
1388,0,0,0,0,0,0,0,0,0,0
1389,0,0,0,0,0,0,0,0,0,0
1390,0,0,0,0,0,0,0,0,0,0
1391,0,0,0,0,0,0,0,0,0,0
1392,0,0,0,0,0,0,0,0,0,0
1393,0,0,0,0,0,0,0,0,0,0
1394,0,0,0,0,0,0,0,0,0,0
1395,0,0,0,0,0,0,0,0,0,0
1396,0,0,0,0,0,0,0,0,0,0
1397,0,0,0,0,0,0,0,0,0,0
1398,0,0,0,0,0,0,0,0,0,0
1399,0,0,0,0,0,0,0,0,0,0
1400,0,0,0,0,0,0,0,0,0,0
1401,0,0,0,0,0,0,0,0,0,0
1402,0,0,0,0,0,0,0,0,0,0
1403,0,0,0,0,0,0,0,0,0,0
1404,0,0,0,0,0,0,0,0,0,0
1405,0,0,0,0,0,0,0,0,0,0
1406,0,0,0,0,0,0,0,0,0,0
1407,0,0,0,0,0,0,0,0,0,0
1408,0,0,0,0,0,0,0,0,0,0
1409,0,0,0,0,0,0,0,0,0,0
1410,0,0,0,0,0,0,0,0,0,0
1411,0,0,0,0,0,0,0,0,0,0
1412,0,0,0,0,0,0,0,0,0,0
1413,0,0,0,0,0,0,0,0,0,0
1414,0,0,0,0,0,0,0,0,0,0
1415,0,0,0,0,0,0,0,0,0,0
1416,0,0,0,0,0,0,0,0,0,0
1417,0,0,0,0,0,0,0,0,0,0
1418,0,0,0,0,0,0,0,0,0,0
1419,0,0,0,0,0,0,0,0,0,0
1420,0,0,0,0,0,0,0,0,0,0
1421,0,0,0,0,0,0,0,0,0,0
1422,0,0,0,0,0,0,0,0,0,0
1423,0,0,0,0,0,0,0,0,0,0
1424,0,0,0,0,0,0,0,0,0,0
1425,0,0,0,0,0,0,0,0,0,0
1426,0,0,0,0,0,0,0,0,0,0
1427,0,0,0,0,0,0,0,0,0,0
1428,0,0,0,0,0,0,0,0,0,0
1429,0,0,0,0,0,0,0,0,0,0
1430,0,0,0,0,0,0,0,0,0,0
1431,0,0,0,0,0,0,0,0,0,0
1432,0,0,0,0,0,0,0,0,0,0
1433,0,0,0,0,0,0,0,0,0,0
1434,0,0,0,0,0,0,0,0,0,0
1435,0,0,0,0,0,0,0,0,0,0
1436,0,0,0,0,0,0,0,0,0,0
1437,0,0,0,0,0,0,0,0,0,0
1438,0,0,0,0,0,0,0,0,0,0
1439,0,0,0,0,0,0,0,0,0,0
1440,0,0,0,0,0,0,0,0,0,0
1441,0,0,0,0,0,0,0,0,0,0
1442,0,0,0,0,0,0,0,0,0,0
1443,0,0,0,0,0,0,0,0,0,0
1444,0,0,0,0,0,0,0,0,0,0
1445,0,0,0,0,0,0,0,0,0,0
1446,0,0,0,0,0,0,0,0,0,0
1447,0,0,0,0,0,0,0,0,0,0
1448,0,0,0,0,0,0,0,0,0,0
1449,0,0,0,0,0,0,0,0,0,0
1450,0,0,0,0,0,0,0,0,0,0
1451,0,0,0,0,0,0,0,0,0,0
1452,0,0,0,0,0,0,0,0,0,0
1453,0,0,0,0,0,0,0,0,0,0
1454,0,0,0,0,0,0,0,0,0,0
1455,0,0,0,0,0,0,0,0,0,0
1456,0,0,0,0,0,0,0,0,0,0
1457,0,0,0,0,0,0,0,0,0,0
1458,0,0,0,0,0,0,0,0,0,0
1459,0,0,0,0,0,0,0,0,0,0
1460,0,0,0,0,0,0,0,0,0,0
1461,0,0,0,0,0,0,0,0,0,0
1462,0,0,0,0,0,0,0,0,0,0
1463,0,0,0,0,0,0,0,0,0,0
1464,0,0,0,0,0,0,0,0,0,0
1465,0,0,0,0,0,0,0,0,0,0
1466,0,0,0,0,0,0,0,0,0,0
1467,0,0,0,0,0,0,0,0,0,0
1468,0,0,0,0,0,0,0,0,0,0
1469,0,0,0,0,0,0,0,0,0,0
1470,0,0,0,0,0,0,0,0,0,0
1471,0,0,0,0,0,0,0,0,0,0
1472,0,0,0,0,0,0,0,0,0,0
1473,0,0,0,0,0,0,0,0,0,0
1474,0,0,0,0,0,0,0,0,0,0
1475,0,0,0,0,0,0,0,0,0,0
1476,0,0,0,0,0,0,0,0,0,0
1477,0,0,0,0,0,0,0,0,0,0
1478,0,0,0,0,0,0,0,0,0,0
1479,0,0,0,0,0,0,0,0,0,0
1480,0,0,0,0,0,0,0,0,0,0
1481,0,0,0,0,0,0,0,0,0,0
1482,0,0,0,0,0,0,0,0,0,0
1483,0,0,0,0,0,0,0,0,0,0
1484,0,0,0,0,0,0,0,0,0,0
1485,0,0,0,0,0,0,0,0,0,0
1486,0,0,0,0,0,0,0,0,0,0
1487,0,0,0,0,0,0,0,0,0,0
1488,0,0,0,0,0,0,0,0,0,0
1489,0,0,0,0,0,0,0,0,0,0
1490,0,0,0,0,0,0,0,0,0,0
1491,0,0,0,0,0,0,0,0,0,0
1492,0,0,0,0,0,0,0,0,0,0
1493,0,0,0,0,0,0,0,0,0,0
1494,0,0,0,0,0,0,0,0,0,0
1495,0,0,0,0,0,0,0,0,0,0
1496,0,0,0,0,0,0,0,0,0,0
1497,0,0,0,0,0,0,0,0,0,0
1498,0,0,0,0,0,0,0,0,0,0
1499,0,0,0,0,0,0,0,0,0,0
1500,0,0,0,0,0,0,0,0,0,0
1501,0,0,0,0,0,0,0,0,0,0
1502,0,0,0,0,0,0,0,0,0,0
1503,0,0,0,0,0,0,0,0,0,0
1504,0,0,0,0,0,0,0,0,0,0
1505,0,0,0,0,0,0,0,0,0,0
1506,0,0,0,0,0,0,0,0,0,0
1507,0,0,0,0,0,0,0,0,0,0
1508,0,0,0,0,0,0,0,0,0,0
1509,0,0,0,0,0,0,0,0,0,0
1510,0,0,0,0,0,0,0,0,0,0
1511,0,0,0,0,0,0,0,0,0,0
1512,0,0,0,0,0,0,0,0,0,0
1513,0,0,0,0,0,0,0,0,0,0
1514,0,0,0,0,0,0,0,0,0,0
1515,0,0,0,0,0,0,0,0,0,0
1516,0,0,0,0,0,0,0,0,0,0
1517,0,0,0,0,0,0,0,0,0,0
1518,0,0,0,0,0,0,0,0,0,0
1519,0,0,0,0,0,0,0,0,0,0
1520,0,0,0,0,0,0,0,0,0,0
1521,0,0,0,0,0,0,0,0,0,0
1522,0,0,0,0,0,0,0,0,0,0
1523,0,0,0,0,0,0,0,0,0,0
1524,0,0,0,0,0,0,0,0,0,0
1525,0,0,0,0,0,0,0,0,0,0
1526,0,0,0,0,0,0,0,0,0,0
1527,0,0,0,0,0,0,0,0,0,0
1528,0,0,0,0,0,0,0,0,0,0
1529,0,0,0,0,0,0,0,0,0,0
1530,0,0,0,0,0,0,0,0,0,0
1531,0,0,0,0,0,0,0,0,0,0
1532,0,0,0,0,0,0,0,0,0,0
1533,0,0,0,0,0,0,0,0,0,0
1534,0,0,0,0,0,0,0,0,0,0
1535,0,0,0,0,0,0,0,0,0,0
1536,0,0,0,0,0,0,0,0,0,0
1537,0,0,0,0,0,0,0,0,0,0
1538,0,0,0,0,0,0,0,0,0,0
1539,0,0,0,0,0,0,0,0,0,0
1540,0,0,0,0,0,0,0,0,0,0
1541,0,0,0,0,0,0,0,0,0,0
1542,0,0,0,0,0,0,0,0,0,0
1543,0,0,0,0,0,0,0,0,0,0
1544,0,0,0,0,0,0,0,0,0,0
1545,0,0,0,0,0,0,0,0,0,0
1546,0,0,0,0,0,0,0,0,0,0
1547,0,0,0,0,0,0,0,0,0,0
1548,0,0,0,0,0,0,0,0,0,0
1549,0,0,0,0,0,0,0,0,0,0
1550,0,0,0,0,0,0,0,0,0,0
1551,0,0,0,0,0,0,0,0,0,0
1552,0,0,0,0,0,0,0,0,0,0
1553,0,0,0,0,0,0,0,0,0,0
1554,0,0,0,0,0,0,0,0,0,0
1555,0,0,0,0,0,0,0,0,0,0
1556,0,0,0,0,0,0,0,0,0,0
1557,0,0,0,0,0,0,0,0,0,0
1558,0,0,0,0,0,0,0,0,0,0
1559,0,0,0,0,0,0,0,0,0,0
1560,0,0,0,0,0,0,0,0,0,0
1561,0,0,0,0,0,0,0,0,0,0
1562,0,0,0,0,0,0,0,0,0,0
1563,0,0,0,0,0,0,0,0,0,0
1564,0,0,0,0,0,0,0,0,0,0
1565,0,0,0,0,0,0,0,0,0,0
1566,0,0,0,0,0,0,0,0,0,0
1567,0,0,0,0,0,0,0,0,0,0
1568,0,0,0,0,0,0,0,0,0,0
1569,0,0,0,0,0,0,0,0,0,0
1570,0,0,0,0,0,0,0,0,0,0
1571,0,0,0,0,0,0,0,0,0,0
1572,0,0,0,0,0,0,0,0,0,0
1573,0,0,0,0,0,0,0,0,0,0
1574,0,0,0,0,0,0,0,0,0,0
1575,0,0,0,0,0,0,0,0,0,0
1576,0,0,0,0,0,0,0,0,0,0
1577,0,0,0,0,0,0,0,0,0,0
1578,0,0,0,0,0,0,0,0,0,0
1579,0,0,0,0,0,0,0,0,0,0
1580,0,0,0,0,0,0,0,0,0,0
1581,0,0,0,0,0,0,0,0,0,0
1582,0,0,0,0,0,0,0,0,0,0
1583,0,0,0,0,0,0,0,0,0,0
1584,0,0,0,0,0,0,0,0,0,0
1585,0,0,0,0,0,0,0,0,0,0
1586,0,0,0,0,0,0,0,0,0,0
1587,0,0,0,0,0,0,0,0,0,0
1588,0,0,0,0,0,0,0,0,0,0
1589,0,0,0,0,0,0,0,0,0,0
1590,0,0,0,0,0,0,0,0,0,0
1591,0,0,0,0,0,0,0,0,0,0
1592,0,0,0,0,0,0,0,0,0,0
1593,0,0,0,0,0,0,0,0,0,0
1594,0,0,0,0,0,0,0,0,0,0
1595,0,0,0,0,0,0.00917,0,0,0,0
1596,0,0,0,0,0,0.01108,0,0,0,0
1597,0,0,0,0,0,0.01384,0,0,0,0
1598,0,0,0,0,0,0.01681,0,0,0,0
1599,0,0,0,0,0,0.02172,0,0,0,0
1600,0,0,0,0,0,0.02699,0,0,0,0
1601,0,0,0,0,0,0.03433,0,0,0,0
1602,0,0,0,0,0,0.04209,0,0,0,0
1603,0,0,0,0,0,0.0568,0,0,0,0
1604,0,0,0,0,0,0.07281,0,0,0,0
1605,0,0,0,0,0,0.09376,0,0,0,0
1606,0,0,0,0,0,0.11585,0,0,0,0
1607,0,0,0,0,0,0.14294,0,0,0,0
1608,0,0,0,0,0,0.1709,0,0,0,0
1609,0,0,0,0,0,0.20843,0,0,0,0
1610,0,0,0,0,0,0.2476,0,0,0,0
1611,0,0,0,0,0,0.29084,0,0,0,0
1612,0,0,0,0,0,0.33497,0,0,0,0
1613,0,0,0,0,0,0.39257,0,0,0,0
1614,0,0,0,0,0,0.45259,0,0,0,0
1615,0,0,0,0,0,0.52291,0,0,0,0
1616,0,0,0,0,0,0.5953,0,0,0,0
1617,0,0,0,0,0,0.6466,0,0,0,0
1618,0,0,0,0,0,0.69327,0,0,0,0
1619,0,0,0,0,0,0.73661,0,0,0,0
1620,0,0,0,0,0,0.77938,0,0,0,0
1621,0,0,0,0,0,0.82372,0,0,0,0
1622,0,0,0,0,0,0.86838,0,0,0,0
1623,0,0,0,0,0,0.92716,0,0,0,0
1624,0,0,0,0,0,0.9884,0,0,0,0
1625,0,0,0,0,0,0.99383,0,0,0,0
1626,0,0,0,0,0,0.98623,0,0,0,0
1627,0,0,0,0,0,0.97415,0,0,0,0
1628,0,0,0,0,0,0.9613,0,0,0,0
1629,0,0,0,0,0,0.94217,0,0,0,0
1630,0,0,0,0,0,0.92178,0,0,0,0
1631,0,0,0,0,0,0.88894,0,0,0,0
1632,0,0,0,0,0,0.85385,0,0,0,0
1633,0,0,0,0,0,0.82427,0,0,0,0
1634,0,0,0,0,0,0.79568,0,0,0,0
1635,0,0,0,0,0,0.77035,0,0,0,0
1636,0,0,0,0,0,0.74565,0,0,0,0
1637,0,0,0,0,0,0.71141,0,0,0,0
1638,0,0,0,0,0,0.67507,0,0,0,0
1639,0,0,0,0,0,0.6438,0,0,0,0
1640,0,0,0,0,0,0.61343,0,0,0,0
1641,0,0,0,0,0,0.55577,0,0,0,0
1642,0,0,0,0,0,0.49226,0,0,0,0
1643,0,0,0,0,0,0.41961,0,0,0,0
1644,0,0,0,0,0,0.34535,0,0,0,0
1645,0,0,0,0,0,0.28836,0,0,0,0
1646,0,0,0,0,0,0.23482,0,0,0,0
1647,0,0,0,0,0,0.2058,0,0,0,0
1648,0,0,0,0,0,0.182,0,0,0,0
1649,0,0,0,0,0,0.16298,0,0,0,0
1650,0,0,0,0,0,0.14496,0,0,0,0
1651,0,0,0,0,0,0.12038,0,0,0,0
1652,0,0,0,0,0,0.09458,0,0,0,0
1653,0,0,0,0,0,0.06954,0,0,0,0
1654,0,0,0,0,0,0.04466,0,0,0,0
1655,0,0,0,0,0,0.03321,0,0,0,0
1656,0,0,0,0,0,0.02461,0,0,0,0
1657,0,0,0,0,0,0.02115,0,0,0,0
1658,0,0,0,0,0,0.01868,0,0,0,0
1659,0,0,0,0,0,0.01703,0,0,0,0
1660,0,0,0,0,0,0.01556,0,0,0,0
1661,0,0,0,0,0,0.01391,0,0,0,0
1662,0,0,0,0,0,0.01222,0,0,0,0
1663,0,0,0,0,0,0.00998,0,0,0,0
1664,0,0,0,0,0,0.00763,0,0,0,0
1665,0,0,0,0,0,0.00528,0,0,0,0
1666,0,0,0,0,0,0,0,0,0,0
1667,0,0,0,0,0,0,0,0,0,0
1668,0,0,0,0,0,0,0,0,0,0
1669,0,0,0,0,0,0,0,0,0,0
1670,0,0,0,0,0,0,0,0,0,0
1671,0,0,0,0,0,0,0,0,0,0
1672,0,0,0,0,0,0,0,0,0,0
1673,0,0,0,0,0,0,0,0,0,0
1674,0,0,0,0,0,0,0,0,0,0
1675,0,0,0,0,0,0,0,0,0,0
1676,0,0,0,0,0,0,0,0,0,0
1677,0,0,0,0,0,0,0,0,0,0
1678,0,0,0,0,0,0,0,0,0,0
1679,0,0,0,0,0,0,0,0,0,0
1680,0,0,0,0,0,0,0,0,0,0
1681,0,0,0,0,0,0,0,0,0,0
1682,0,0,0,0,0,0,0,0,0,0
1683,0,0,0,0,0,0,0,0,0,0
1684,0,0,0,0,0,0,0,0,0,0
1685,0,0,0,0,0,0,0,0,0,0
1686,0,0,0,0,0,0,0,0,0,0
1687,0,0,0,0,0,0,0,0,0,0
1688,0,0,0,0,0,0,0,0,0,0
1689,0,0,0,0,0,0,0,0,0,0
1690,0,0,0,0,0,0,0,0,0,0
1691,0,0,0,0,0,0,0,0,0,0
1692,0,0,0,0,0,0,0,0,0,0
1693,0,0,0,0,0,0,0,0,0,0
1694,0,0,0,0,0,0,0,0,0,0
1695,0,0,0,0,0,0,0,0,0,0
1696,0,0,0,0,0,0,0,0,0,0
1697,0,0,0,0,0,0,0,0,0,0
1698,0,0,0,0,0,0,0,0,0,0
1699,0,0,0,0,0,0,0,0,0,0
1700,0,0,0,0,0,0,0,0,0,0
1701,0,0,0,0,0,0,0,0,0,0
1702,0,0,0,0,0,0,0,0,0,0
1703,0,0,0,0,0,0,0,0,0,0
1704,0,0,0,0,0,0,0,0,0,0
1705,0,0,0,0,0,0,0,0,0,0
1706,0,0,0,0,0,0,0,0,0,0
1707,0,0,0,0,0,0,0,0,0,0
1708,0,0,0,0,0,0,0,0,0,0
1709,0,0,0,0,0,0,0,0,0,0
1710,0,0,0,0,0,0,0,0,0,0
1711,0,0,0,0,0,0,0,0,0,0
1712,0,0,0,0,0,0,0,0,0,0
1713,0,0,0,0,0,0,0,0,0,0
1714,0,0,0,0,0,0,0,0,0,0
1715,0,0,0,0,0,0,0,0,0,0
1716,0,0,0,0,0,0,0,0,0,0
1717,0,0,0,0,0,0,0,0,0,0
1718,0,0,0,0,0,0,0,0,0,0
1719,0,0,0,0,0,0,0,0,0,0
1720,0,0,0,0,0,0,0,0,0,0
1721,0,0,0,0,0,0,0,0,0,0
1722,0,0,0,0,0,0,0,0,0,0
1723,0,0,0,0,0,0,0,0,0,0
1724,0,0,0,0,0,0,0,0,0,0
1725,0,0,0,0,0,0,0,0,0,0
1726,0,0,0,0,0,0,0,0,0,0
1727,0,0,0,0,0,0,0,0,0,0
1728,0,0,0,0,0,0,0,0,0,0
1729,0,0,0,0,0,0,0,0,0,0
1730,0,0,0,0,0,0,0,0,0,0
1731,0,0,0,0,0,0,0,0,0,0
1732,0,0,0,0,0,0,0,0,0,0
1733,0,0,0,0,0,0,0,0,0,0
1734,0,0,0,0,0,0,0,0,0,0
1735,0,0,0,0,0,0,0,0,0,0
1736,0,0,0,0,0,0,0,0,0,0
1737,0,0,0,0,0,0,0,0,0,0
1738,0,0,0,0,0,0,0,0,0,0
1739,0,0,0,0,0,0,0,0,0,0
1740,0,0,0,0,0,0,0,0,0,0
1741,0,0,0,0,0,0,0,0,0,0
1742,0,0,0,0,0,0,0,0,0,0
1743,0,0,0,0,0,0,0,0,0,0
1744,0,0,0,0,0,0,0,0,0,0
1745,0,0,0,0,0,0,0,0,0,0
1746,0,0,0,0,0,0,0,0,0,0
1747,0,0,0,0,0,0,0,0,0,0
1748,0,0,0,0,0,0,0,0,0,0
1749,0,0,0,0,0,0,0,0,0,0
1750,0,0,0,0,0,0,0,0,0,0
1751,0,0,0,0,0,0,0,0,0,0
1752,0,0,0,0,0,0,0,0,0,0
1753,0,0,0,0,0,0,0,0,0,0
1754,0,0,0,0,0,0,0,0,0,0
1755,0,0,0,0,0,0,0,0,0,0
1756,0,0,0,0,0,0,0,0,0,0
1757,0,0,0,0,0,0,0,0,0,0
1758,0,0,0,0,0,0,0,0,0,0
1759,0,0,0,0,0,0,0,0,0,0
1760,0,0,0,0,0,0,0,0,0,0
1761,0,0,0,0,0,0,0,0,0,0
1762,0,0,0,0,0,0,0,0,0,0
1763,0,0,0,0,0,0,0,0,0,0
1764,0,0,0,0,0,0,0,0,0,0
1765,0,0,0,0,0,0,0,0,0,0
1766,0,0,0,0,0,0,0,0,0,0
1767,0,0,0,0,0,0,0,0,0,0
1768,0,0,0,0,0,0,0,0,0,0
1769,0,0,0,0,0,0,0,0,0,0
1770,0,0,0,0,0,0,0,0,0,0
1771,0,0,0,0,0,0,0,0,0,0
1772,0,0,0,0,0,0,0,0,0,0
1773,0,0,0,0,0,0,0,0,0,0
1774,0,0,0,0,0,0,0,0,0,0
1775,0,0,0,0,0,0,0,0,0,0
1776,0,0,0,0,0,0,0,0,0,0
1777,0,0,0,0,0,0,0,0,0,0
1778,0,0,0,0,0,0,0,0,0,0
1779,0,0,0,0,0,0,0,0,0,0
1780,0,0,0,0,0,0,0,0,0,0
1781,0,0,0,0,0,0,0,0,0,0
1782,0,0,0,0,0,0,0,0,0,0
1783,0,0,0,0,0,0,0,0,0,0
1784,0,0,0,0,0,0,0,0,0,0
1785,0,0,0,0,0,0,0,0,0,0
1786,0,0,0,0,0,0,0,0,0,0
1787,0,0,0,0,0,0,0,0,0,0
1788,0,0,0,0,0,0,0,0,0,0
1789,0,0,0,0,0,0,0,0,0,0
1790,0,0,0,0,0,0,0,0,0,0
1791,0,0,0,0,0,0,0,0,0,0
1792,0,0,0,0,0,0,0,0,0,0
1793,0,0,0,0,0,0,0,0,0,0
1794,0,0,0,0,0,0,0,0,0,0
1795,0,0,0,0,0,0,0,0,0,0
1796,0,0,0,0,0,0,0,0,0,0
1797,0,0,0,0,0,0,0,0,0,0
1798,0,0,0,0,0,0,0,0,0,0
1799,0,0,0,0,0,0,0,0,0,0
1800,0,0,0,0,0,0,0,0,0,0
1801,0,0,0,0,0,0,0,0,0,0
1802,0,0,0,0,0,0,0,0,0,0
1803,0,0,0,0,0,0,0,0,0,0
1804,0,0,0,0,0,0,0,0,0,0
1805,0,0,0,0,0,0,0,0,0,0
1806,0,0,0,0,0,0,0,0,0,0
1807,0,0,0,0,0,0,0,0,0,0
1808,0,0,0,0,0,0,0,0,0,0
1809,0,0,0,0,0,0,0,0,0,0
1810,0,0,0,0,0,0,0,0,0,0
1811,0,0,0,0,0,0,0,0,0,0
1812,0,0,0,0,0,0,0,0,0,0
1813,0,0,0,0,0,0,0,0,0,0
1814,0,0,0,0,0,0,0,0,0,0
1815,0,0,0,0,0,0,0,0,0,0
1816,0,0,0,0,0,0,0,0,0,0
1817,0,0,0,0,0,0,0,0,0,0
1818,0,0,0,0,0,0,0,0,0,0
1819,0,0,0,0,0,0,0,0,0,0
1820,0,0,0,0,0,0,0,0,0,0
1821,0,0,0,0,0,0,0,0,0,0
1822,0,0,0,0,0,0,0,0,0,0
1823,0,0,0,0,0,0,0,0,0,0
1824,0,0,0,0,0,0,0,0,0,0
1825,0,0,0,0,0,0,0,0,0,0
1826,0,0,0,0,0,0,0,0,0,0
1827,0,0,0,0,0,0,0,0,0,0
1828,0,0,0,0,0,0,0,0,0,0
1829,0,0,0,0,0,0,0,0,0,0
1830,0,0,0,0,0,0,0,0,0,0
1831,0,0,0,0,0,0,0,0,0,0
1832,0,0,0,0,0,0,0,0,0,0
1833,0,0,0,0,0,0,0,0,0,0
1834,0,0,0,0,0,0,0,0,0,0
1835,0,0,0,0,0,0,0,0,0,0
1836,0,0,0,0,0,0,0,0,0,0
1837,0,0,0,0,0,0,0,0,0,0
1838,0,0,0,0,0,0,0,0,0,0
1839,0,0,0,0,0,0,0,0,0,0
1840,0,0,0,0,0,0,0,0,0,0
1841,0,0,0,0,0,0,0,0,0,0
1842,0,0,0,0,0,0,0,0,0,0
1843,0,0,0,0,0,0,0,0,0,0
1844,0,0,0,0,0,0,0,0,0,0
1845,0,0,0,0,0,0,0,0,0,0
1846,0,0,0,0,0,0,0,0,0,0
1847,0,0,0,0,0,0,0,0,0,0
1848,0,0,0,0,0,0,0,0,0,0
1849,0,0,0,0,0,0,0,0,0,0
1850,0,0,0,0,0,0,0,0,0,0
1851,0,0,0,0,0,0,0,0,0,0
1852,0,0,0,0,0,0,0,0,0,0
1853,0,0,0,0,0,0,0,0,0,0
1854,0,0,0,0,0,0,0,0,0,0
1855,0,0,0,0,0,0,0,0,0,0
1856,0,0,0,0,0,0,0,0,0,0
1857,0,0,0,0,0,0,0,0,0,0
1858,0,0,0,0,0,0,0,0,0,0
1859,0,0,0,0,0,0,0,0,0,0
1860,0,0,0,0,0,0,0,0,0,0
1861,0,0,0,0,0,0,0,0,0,0
1862,0,0,0,0,0,0,0,0,0,0
1863,0,0,0,0,0,0,0,0,0,0
1864,0,0,0,0,0,0,0,0,0,0
1865,0,0,0,0,0,0,0,0,0,0
1866,0,0,0,0,0,0,0,0,0,0
1867,0,0,0,0,0,0,0,0,0,0
1868,0,0,0,0,0,0,0,0,0,0
1869,0,0,0,0,0,0,0,0,0,0
1870,0,0,0,0,0,0,0,0,0,0
1871,0,0,0,0,0,0,0,0,0,0
1872,0,0,0,0,0,0,0,0,0,0
1873,0,0,0,0,0,0,0,0,0,0
1874,0,0,0,0,0,0,0,0,0,0
1875,0,0,0,0,0,0,0,0,0,0
1876,0,0,0,0,0,0,0,0,0,0
1877,0,0,0,0,0,0,0,0,0,0
1878,0,0,0,0,0,0,0,0,0,0
1879,0,0,0,0,0,0,0,0,0,0
1880,0,0,0,0,0,0,0,0,0,0
1881,0,0,0,0,0,0,0,0,0,0
1882,0,0,0,0,0,0,0,0,0,0
1883,0,0,0,0,0,0,0,0,0,0
1884,0,0,0,0,0,0,0,0,0,0
1885,0,0,0,0,0,0,0,0,0,0
1886,0,0,0,0,0,0,0,0,0,0
1887,0,0,0,0,0,0,0,0,0,0
1888,0,0,0,0,0,0,0,0,0,0
1889,0,0,0,0,0,0,0,0,0,0
1890,0,0,0,0,0,0,0,0,0,0
1891,0,0,0,0,0,0,0,0,0,0
1892,0,0,0,0,0,0,0,0,0,0
1893,0,0,0,0,0,0,0,0,0,0
1894,0,0,0,0,0,0,0,0,0,0
1895,0,0,0,0,0,0,0,0,0,0
1896,0,0,0,0,0,0,0,0,0,0
1897,0,0,0,0,0,0,0,0,0,0
1898,0,0,0,0,0,0,0,0,0,0
1899,0,0,0,0,0,0,0,0,0,0
1900,0,0,0,0,0,0,0,0,0,0
1901,0,0,0,0,0,0,0,0,0,0
1902,0,0,0,0,0,0,0,0,0,0
1903,0,0,0,0,0,0,0,0,0,0
1904,0,0,0,0,0,0,0,0,0,0
1905,0,0,0,0,0,0,0,0,0,0
1906,0,0,0,0,0,0,0,0,0,0
1907,0,0,0,0,0,0,0,0,0,0
1908,0,0,0,0,0,0,0,0,0,0
1909,0,0,0,0,0,0,0,0,0,0
1910,0,0,0,0,0,0,0,0,0,0
1911,0,0,0,0,0,0,0,0,0,0
1912,0,0,0,0,0,0,0,0,0,0
1913,0,0,0,0,0,0,0,0,0,0
1914,0,0,0,0,0,0,0,0,0,0
1915,0,0,0,0,0,0,0,0,0,0
1916,0,0,0,0,0,0,0,0,0,0
1917,0,0,0,0,0,0,0,0,0,0
1918,0,0,0,0,0,0,0,0,0,0
1919,0,0,0,0,0,0,0,0,0,0
1920,0,0,0,0,0,0,0,0,0,0
1921,0,0,0,0,0,0,0,0,0,0
1922,0,0,0,0,0,0,0,0,0,0
1923,0,0,0,0,0,0,0,0,0,0
1924,0,0,0,0,0,0,0,0,0,0
1925,0,0,0,0,0,0,0,0,0,0
1926,0,0,0,0,0,0,0,0,0,0
1927,0,0,0,0,0,0,0,0,0,0
1928,0,0,0,0,0,0,0,0,0,0
1929,0,0,0,0,0,0,0,0,0,0
1930,0,0,0,0,0,0,0,0,0,0
1931,0,0,0,0,0,0,0,0,0,0
1932,0,0,0,0,0,0,0,0,0,0
1933,0,0,0,0,0,0,0,0,0,0
1934,0,0,0,0,0,0,0,0,0,0
1935,0,0,0,0,0,0,0,0,0,0
1936,0,0,0,0,0,0,0,0,0,0
1937,0,0,0,0,0,0,0,0,0,0
1938,0,0,0,0,0,0,0,0,0,0
1939,0,0,0,0,0,0,0,0,0,0
1940,0,0,0,0,0,0,0,0,0,0
1941,0,0,0,0,0,0,0,0,0,0
1942,0,0,0,0,0,0,0,0,0,0
1943,0,0,0,0,0,0,0,0,0,0
1944,0,0,0,0,0,0,0,0,0,0
1945,0,0,0,0,0,0,0,0,0,0
1946,0,0,0,0,0,0,0,0,0,0
1947,0,0,0,0,0,0,0,0,0,0
1948,0,0,0,0,0,0,0,0,0,0
1949,0,0,0,0,0,0,0,0,0,0
1950,0,0,0,0,0,0,0,0,0,0
1951,0,0,0,0,0,0,0,0,0,0
1952,0,0,0,0,0,0,0,0,0,0
1953,0,0,0,0,0,0,0,0,0,0
1954,0,0,0,0,0,0,0,0,0,0
1955,0,0,0,0,0,0,0,0,0,0
1956,0,0,0,0,0,0,0,0,0,0
1957,0,0,0,0,0,0,0,0,0,0
1958,0,0,0,0,0,0,0,0,0,0
1959,0,0,0,0,0,0,0,0,0,0
1960,0,0,0,0,0,0,0,0,0,0
1961,0,0,0,0,0,0,0,0,0,0
1962,0,0,0,0,0,0,0,0,0,0
1963,0,0,0,0,0,0,0,0,0,0
1964,0,0,0,0,0,0,0,0,0,0
1965,0,0,0,0,0,0,0,0,0,0
1966,0,0,0,0,0,0,0,0,0,0
1967,0,0,0,0,0,0,0,0,0,0
1968,0,0,0,0,0,0,0,0,0,0
1969,0,0,0,0,0,0,0,0,0,0
1970,0,0,0,0,0,0,0,0,0,0
1971,0,0,0,0,0,0,0,0,0,0
1972,0,0,0,0,0,0,0,0,0,0
1973,0,0,0,0,0,0,0,0,0,0
1974,0,0,0,0,0,0,0,0,0,0
1975,0,0,0,0,0,0,0,0,0,0
1976,0,0,0,0,0,0,0,0,0,0
1977,0,0,0,0,0,0,0,0,0,0
1978,0,0,0,0,0,0,0,0,0,0
1979,0,0,0,0,0,0,0,0,0,0
1980,0,0,0,0,0,0,0,0,0,0
1981,0,0,0,0,0,0,0,0,0,0
1982,0,0,0,0,0,0,0,0,0,0
1983,0,0,0,0,0,0,0,0,0,0
1984,0,0,0,0,0,0,0,0,0,0
1985,0,0,0,0,0,0,0,0,0,0
1986,0,0,0,0,0,0,0,0,0,0
1987,0,0,0,0,0,0,0,0,0,0
1988,0,0,0,0,0,0,0,0,0,0
1989,0,0,0,0,0,0,0,0,0,0
1990,0,0,0,0,0,0,0,0,0,0
1991,0,0,0,0,0,0,0,0,0,0
1992,0,0,0,0,0,0,0,0,0,0
1993,0,0,0,0,0,0,0,0,0,0
1994,0,0,0,0,0,0,0,0,0,0
1995,0,0,0,0,0,0,0,0,0,0
1996,0,0,0,0,0,0,0,0,0,0
1997,0,0,0,0,0,0,0,0,0,0
1998,0,0,0,0,0,0,0,0,0,0
1999,0,0,0,0,0,0,0,0,0,0
2000,0,0,0,0,0,0,0,0,0,0
2001,0,0,0,0,0,0,0,0,0,0
2002,0,0,0,0,0,0,0,0,0,0
2003,0,0,0,0,0,0,0,0,0,0
2004,0,0,0,0,0,0,0,0,0,0
2005,0,0,0,0,0,0,0,0,0,0
2006,0,0,0,0,0,0,0,0,0,0
2007,0,0,0,0,0,0,0,0,0,0
2008,0,0,0,0,0,0,0,0,0,0
2009,0,0,0,0,0,0,0,0,0,0
2010,0,0,0,0,0,0,0,0,0,0
2011,0,0,0,0,0,0,0,0,0,0
2012,0,0,0,0,0,0,0,0,0,0
2013,0,0,0,0,0,0,0,0,0,0
2014,0,0,0,0,0,0,0,0,0,0
2015,0,0,0,0,0,0,0,0,0,0
2016,0,0,0,0,0,0,0,0,0,0
2017,0,0,0,0,0,0,0,0,0,0
2018,0,0,0,0,0,0,0,0,0,0
2019,0,0,0,0,0,0,0,0,0,0
2020,0,0,0,0,0,0,0,0,0,0
2021,0,0,0,0,0,0,0,0,0,0
2022,0,0,0,0,0,0,0,0,0,0
2023,0,0,0,0,0,0,0,0,0,0
2024,0,0,0,0,0,0,0,0,0,0
2025,0,0,0,0,0,0,0,0,0,0
2026,0,0,0,0,0,0,0,0,0,0
2027,0,0,0,0,0,0,0,0,0,0
2028,0,0,0,0,0,0,0,0,0,0
2029,0,0,0,0,0,0,0,0,0,0
2030,0,0,0,0,0,0,0,0,0,0
2031,0,0,0,0,0,0,0,0,0,0
2032,0,0,0,0,0,0,0,0,0,0
2033,0,0,0,0,0,0,0,0,0,0
2034,0,0,0,0,0,0,0,0,0,0
2035,0,0,0,0,0,0,0,0,0,0
2036,0,0,0,0,0,0,0,0,0,0
2037,0,0,0,0,0,0,0,0,0,0
2038,0,0,0,0,0,0,0,0,0,0
2039,0,0,0,0,0,0,0,0,0,0
2040,0,0,0,0,0,0,0,0,0,0
2041,0,0,0,0,0,0,0,0,0,0
2042,0,0,0,0,0,0,0,0,0,0
2043,0,0,0,0,0,0,0,0,0,0
2044,0,0,0,0,0,0,0,0,0,0
2045,0,0,0,0,0,0,0,0,0,0
2046,0,0,0,0,0,0,0,0,0,0
2047,0,0,0,0,0,0,0,0,0,0
2048,0,0,0,0,0,0,0,0,0,0
2049,0,0,0,0,0,0,0,0,0,0
2050,0,0,0,0,0,0,0,0,0,0
2051,0,0,0,0,0,0,0,0,0,0
2052,0,0,0,0,0,0,0,0,0,0
2053,0,0,0,0,0,0,0,0,0,0
2054,0,0,0,0,0,0,0,0,0,0
2055,0,0,0,0,0,0,0,0,0,0
2056,0,0,0,0,0,0,0,0,0,0
2057,0,0,0,0,0,0,0.00823,0,0,0
2058,0,0,0,0,0,0,0.00938,0,0,0
2059,0,0,0,0,0,0,0.01054,0,0,0
2060,0,0,0,0,0,0,0.01169,0,0,0
2061,0,0,0,0,0,0,0.01284,0,0,0
2062,0,0,0,0,0,0,0.014,0,0,0
2063,0,0,0,0,0,0,0.0166,0,0,0
2064,0,0,0,0,0,0,0.01933,0,0,0
2065,0,0,0,0,0,0,0.02207,0,0,0
2066,0,0,0,0,0,0,0.02481,0,0,0
2067,0,0,0,0,0,0,0.02754,0,0,0
2068,0,0,0,0,0,0,0.0343,0,0,0
2069,0,0,0,0,0,0,0.04151,0,0,0
2070,0,0,0,0,0,0,0.04871,0,0,0
2071,0,0,0,0,0,0,0.05592,0,0,0
2072,0,0,0,0,0,0,0.06312,0,0,0
2073,0,0,0,0,0,0,0.07852,0,0,0
2074,0,0,0,0,0,0,0.09479,0,0,0
2075,0,0,0,0,0,0,0.11107,0,0,0
2076,0,0,0,0,0,0,0.12734,0,0,0
2077,0,0,0,0,0,0,0.14361,0,0,0
2078,0,0,0,0,0,0,0.17308,0,0,0
2079,0,0,0,0,0,0,0.20364,0,0,0
2080,0,0,0,0,0,0,0.23419,0,0,0
2081,0,0,0,0,0,0,0.26474,0,0,0
2082,0,0,0,0,0,0,0.29529,0,0,0
2083,0,0,0,0,0,0,0.34452,0,0,0
2084,0,0,0,0,0,0,0.39559,0,0,0
2085,0,0,0,0,0,0,0.44666,0,0,0
2086,0,0,0,0,0,0,0.49772,0,0,0
2087,0,0,0,0,0,0,0.54879,0,0,0
2088,0,0,0,0,0,0,0.59438,0,0,0
2089,0,0,0,0,0,0,0.63944,0,0,0
2090,0,0,0,0,0,0,0.6845,0,0,0
2091,0,0,0,0,0,0,0.72956,0,0,0
2092,0,0,0,0,0,0,0.77462,0,0,0
2093,0,0,0,0,0,0,0.8023,0,0,0
2094,0,0,0,0,0,0,0.82842,0,0,0
2095,0,0,0,0,0,0,0.85454,0,0,0
2096,0,0,0,0,0,0,0.88067,0,0,0
2097,0,0,0,0,0,0,0.90679,0,0,0
2098,0,0,0,0,0,0,0.92563,0,0,0
2099,0,0,0,0,0,0,0.94383,0,0,0
2100,0,0,0,0,0,0,0.96202,0,0,0
2101,0,0,0,0,0,0,0.98022,0,0,0
2102,0,0,0,0,0,0,0.99842,0,0,0
2103,0,0,0,0,0,0,0.98315,0,0,0
2104,0,0,0,0,0,0,0.96471,0,0,0
2105,0,0,0,0,0,0,0.94626,0,0,0
2106,0,0,0,0,0,0,0.92781,0,0,0
2107,0,0,0,0,0,0,0.90936,0,0,0
2108,0,0,0,0,0,0,0.91541,0,0,0
2109,0,0,0,0,0,0,0.92356,0,0,0
2110,0,0,0,0,0,0,0.93171,0,0,0
2111,0,0,0,0,0,0,0.93987,0,0,0
2112,0,0,0,0,0,0,0.94802,0,0,0
2113,0,0,0,0,0,0,0.93864,0,0,0
2114,0,0,0,0,0,0,0.92769,0,0,0
2115,0,0,0,0,0,0,0.91674,0,0,0
2116,0,0,0,0,0,0,0.90579,0,0,0
2117,0,0,0,0,0,0,0.89485,0,0,0
2118,0,0,0,0,0,0,0.88193,0,0,0
2119,0,0,0,0,0,0,0.8688,0,0,0
2120,0,0,0,0,0,0,0.85566,0,0,0
2121,0,0,0,0,0,0,0.84252,0,0,0
2122,0,0,0,0,0,0,0.82938,0,0,0
2123,0,0,0,0,0,0,0.81379,0,0,0
2124,0,0,0,0,0,0,0.79802,0,0,0
2125,0,0,0,0,0,0,0.78224,0,0,0
2126,0,0,0,0,0,0,0.76646,0,0,0
2127,0,0,0,0,0,0,0.75068,0,0,0
2128,0,0,0,0,0,0,0.72865,0,0,0
2129,0,0,0,0,0,0,0.70594,0,0,0
2130,0,0,0,0,0,0,0.68324,0,0,0
2131,0,0,0,0,0,0,0.66054,0,0,0
2132,0,0,0,0,0,0,0.63784,0,0,0
2133,0,0,0,0,0,0,0.61929,0,0,0
2134,0,0,0,0,0,0,0.60113,0,0,0
2135,0,0,0,0,0,0,0.58297,0,0,0
2136,0,0,0,0,0,0,0.56482,0,0,0
2137,0,0,0,0,0,0,0.54666,0,0,0
2138,0,0,0,0,0,0,0.5291,0,0,0
2139,0,0,0,0,0,0,0.51159,0,0,0
2140,0,0,0,0,0,0,0.49409,0,0,0
2141,0,0,0,0,0,0,0.47658,0,0,0
2142,0,0,0,0,0,0,0.45908,0,0,0
2143,0,0,0,0,0,0,0.43793,0,0,0
2144,0,0,0,0,0,0,0.41648,0,0,0
2145,0,0,0,0,0,0,0.39503,0,0,0
2146,0,0,0,0,0,0,0.37358,0,0,0
2147,0,0,0,0,0,0,0.35213,0,0,0
2148,0,0,0,0,0,0,0.32523,0,0,0
2149,0,0,0,0,0,0,0.29774,0,0,0
2150,0,0,0,0,0,0,0.27024,0,0,0
2151,0,0,0,0,0,0,0.24275,0,0,0
2152,0,0,0,0,0,0,0.21525,0,0,0
2153,0,0,0,0,0,0,0.19776,0,0,0
2154,0,0,0,0,0,0,0.18115,0,0,0
2155,0,0,0,0,0,0,0.16454,0,0,0
2156,0,0,0,0,0,0,0.14793,0,0,0
2157,0,0,0,0,0,0,0.13132,0,0,0
2158,0,0,0,0,0,0,0.11816,0,0,0
2159,0,0,0,0,0,0,0.10537,0,0,0
2160,0,0,0,0,0,0,0.09257,0,0,0
2161,0,0,0,0,0,0,0.07978,0,0,0
2162,0,0,0,0,0,0,0.06698,0,0,0
2163,0,0,0,0,0,0,0.05866,0,0,0
2164,0,0,0,0,0,0,0.05072,0,0,0
2165,0,0,0,0,0,0,0.04278,0,0,0
2166,0,0,0,0,0,0,0.03485,0,0,0
2167,0,0,0,0,0,0,0.02691,0,0,0
2168,0,0,0,0,0,0,0.02392,0,0,0
2169,0,0,0,0,0,0,0.02134,0,0,0
2170,0,0,0,0,0,0,0.01876,0,0,0
2171,0,0,0,0,0,0,0.01618,0,0,0
2172,0,0,0,0,0,0,0.0136,0,0,0
2173,0,0,0,0,0,0,0.01252,0,0,0
2174,0,0,0,0,0,0,0.01157,0,0,0
2175,0,0,0,0,0,0,0.01062,0,0,0
2176,0,0,0,0,0,0,0.00967,0,0,0
2177,0,0,0,0,0,0,0.00872,0,0,0
2178,0,0,0,0,0,0,0.00777,0,0,0
2179,0,0,0,0,0,0,0.00682,0,0,0
2180,0,0,0,0,0,0,0.00587,0,0,0
2181,0,0,0,0,0,0,0.00492,0,0,0
2182,0,0,0,0,0,0,0.00397,0,0,0
2183,0,0,0,0,0,0,0.00302,0,0,0
2184,0,0,0,0,0,0,0,0,0,0
2185,0,0,0,0,0,0,0,0,0,0
2186,0,0,0,0,0,0,0,0,0,0
2187,0,0,0,0,0,0,0,0,0,0
2188,0,0,0,0,0,0,0,0,0,0
2189,0,0,0,0,0,0,0,0,0,0
2190,0,0,0,0,0,0,0,0,0,0
2191,0,0,0,0,0,0,0,0,0,0
2192,0,0,0,0,0,0,0,0,0,0
2193,0,0,0,0,0,0,0,0,0,0
2194,0,0,0,0,0,0,0,0,0,0
2195,0,0,0,0,0,0,0,0,0,0
2196,0,0,0,0,0,0,0,0,0,0
2197,0,0,0,0,0,0,0,0,0,0
2198,0,0,0,0,0,0,0,0,0,0
2199,0,0,0,0,0,0,0,0,0,0
2200,0,0,0,0,0,0,0,0,0,0
2201,0,0,0,0,0,0,0,0,0,0
2202,0,0,0,0,0,0,0,0,0,0
2203,0,0,0,0,0,0,0,0,0,0
2204,0,0,0,0,0,0,0,0,0,0
2205,0,0,0,0,0,0,0,0,0,0
2206,0,0,0,0,0,0,0,0,0,0
2207,0,0,0,0,0,0,0,0,0,0
2208,0,0,0,0,0,0,0,0,0,0
2209,0,0,0,0,0,0,0,0,0,0
2210,0,0,0,0,0,0,0,0,0,0
2211,0,0,0,0,0,0,0,0,0,0
2212,0,0,0,0,0,0,0,0,0,0
2213,0,0,0,0,0,0,0,0,0,0
2214,0,0,0,0,0,0,0,0,0,0
2215,0,0,0,0,0,0,0,0,0,0
2216,0,0,0,0,0,0,0,0,0,0
2217,0,0,0,0,0,0,0,0,0,0
2218,0,0,0,0,0,0,0,0,0,0
2219,0,0,0,0,0,0,0,0,0,0
2220,0,0,0,0,0,0,0,0,0,0
2221,0,0,0,0,0,0,0,0,0,0
2222,0,0,0,0,0,0,0,0,0,0
2223,0,0,0,0,0,0,0,0,0,0
2224,0,0,0,0,0,0,0,0,0,0
2225,0,0,0,0,0,0,0,0,0,0
2226,0,0,0,0,0,0,0,0,0,0
2227,0,0,0,0,0,0,0,0,0,0
2228,0,0,0,0,0,0,0,0,0,0
2229,0,0,0,0,0,0,0,0,0,0
2230,0,0,0,0,0,0,0,0,0,0
2231,0,0,0,0,0,0,0,0,0,0
2232,0,0,0,0,0,0,0,0,0,0
2233,0,0,0,0,0,0,0,0,0,0
2234,0,0,0,0,0,0,0,0,0,0
2235,0,0,0,0,0,0,0,0,0,0
2236,0,0,0,0,0,0,0,0,0,0
2237,0,0,0,0,0,0,0,0,0,0
2238,0,0,0,0,0,0,0,0,0,0
2239,0,0,0,0,0,0,0,0,0,0
2240,0,0,0,0,0,0,0,0,0,0
2241,0,0,0,0,0,0,0,0,0,0
2242,0,0,0,0,0,0,0,0,0,0
2243,0,0,0,0,0,0,0,0,0,0
2244,0,0,0,0,0,0,0,0,0,0
2245,0,0,0,0,0,0,0,0,0,0
2246,0,0,0,0,0,0,0,0,0,0
2247,0,0,0,0,0,0,0,0,0,0
2248,0,0,0,0,0,0,0,0,0,0
2249,0,0,0,0,0,0,0,0,0,0
2250,0,0,0,0,0,0,0,0,0,0
2251,0,0,0,0,0,0,0,0,0,0
2252,0,0,0,0,0,0,0,0,0,0
2253,0,0,0,0,0,0,0,0,0,0
2254,0,0,0,0,0,0,0,0,0,0
2255,0,0,0,0,0,0,0,0,0,0
2256,0,0,0,0,0,0,0,0,0,0
2257,0,0,0,0,0,0,0,0,0,0
2258,0,0,0,0,0,0,0,0,0,0
2259,0,0,0,0,0,0,0,0,0,0
2260,0,0,0,0,0,0,0,0,0,0
2261,0,0,0,0,0,0,0,0,0,0
2262,0,0,0,0,0,0,0,0,0,0
2263,0,0,0,0,0,0,0,0,0,0
2264,0,0,0,0,0,0,0,0,0,0
2265,0,0,0,0,0,0,0,0,0,0
2266,0,0,0,0,0,0,0,0,0,0
2267,0,0,0,0,0,0,0,0,0,0
2268,0,0,0,0,0,0,0,0,0,0
2269,0,0,0,0,0,0,0,0,0,0
2270,0,0,0,0,0,0,0,0,0,0
2271,0,0,0,0,0,0,0,0,0,0
2272,0,0,0,0,0,0,0,0,0,0
2273,0,0,0,0,0,0,0,0,0,0
2274,0,0,0,0,0,0,0,0,0,0
2275,0,0,0,0,0,0,0,0,0,0
2276,0,0,0,0,0,0,0,0,0,0
2277,0,0,0,0,0,0,0,0,0,0
2278,0,0,0,0,0,0,0,0,0,0
2279,0,0,0,0,0,0,0,0,0,0
2280,0,0,0,0,0,0,0,0,0,0
2281,0,0,0,0,0,0,0,0,0,0
2282,0,0,0,0,0,0,0,0,0,0
2283,0,0,0,0,0,0,0,0,0,0
2284,0,0,0,0,0,0,0,0,0,0
2285,0,0,0,0,0,0,0,0,0,0
2286,0,0,0,0,0,0,0,0,0,0
2287,0,0,0,0,0,0,0,0,0,0
2288,0,0,0,0,0,0,0,0,0,0
2289,0,0,0,0,0,0,0,0,0,0
2290,0,0,0,0,0,0,0,0,0,0
2291,0,0,0,0,0,0,0,0,0,0
2292,0,0,0,0,0,0,0,0,0,0
2293,0,0,0,0,0,0,0,0,0,0
2294,0,0,0,0,0,0,0,0,0,0
2295,0,0,0,0,0,0,0,0,0,0
2296,0,0,0,0,0,0,0,0,0,0
2297,0,0,0,0,0,0,0,0,0,0
2298,0,0,0,0,0,0,0,0,0,0
2299,0,0,0,0,0,0,0,0,0,0
2300,0,0,0,0,0,0,0,0,0,0
2301,0,0,0,0,0,0,0,0,0,0
2302,0,0,0,0,0,0,0,0,0,0
2303,0,0,0,0,0,0,0,0,0,0
2304,0,0,0,0,0,0,0,0,0,0
2305,0,0,0,0,0,0,0,0,0,0
2306,0,0,0,0,0,0,0,0,0,0
2307,0,0,0,0,0,0,0,0,0,0
2308,0,0,0,0,0,0,0,0,0,0
2309,0,0,0,0,0,0,0,0,0,0
2310,0,0,0,0,0,0,0,0,0,0
2311,0,0,0,0,0,0,0,0,0,0
2312,0,0,0,0,0,0,0,0,0,0
2313,0,0,0,0,0,0,0,0,0,0
2314,0,0,0,0,0,0,0,0,0,0
2315,0,0,0,0,0,0,0,0,0,0
2316,0,0,0,0,0,0,0,0,0,0
2317,0,0,0,0,0,0,0,0,0,0
2318,0,0,0,0,0,0,0,0,0,0
2319,0,0,0,0,0,0,0,0,0,0
2320,0,0,0,0,0,0,0,0,0,0
2321,0,0,0,0,0,0,0,0,0,0
2322,0,0,0,0,0,0,0,0,0,0
2323,0,0,0,0,0,0,0,0,0,0
2324,0,0,0,0,0,0,0,0,0,0
2325,0,0,0,0,0,0,0,0,0,0
2326,0,0,0,0,0,0,0,0,0,0
2327,0,0,0,0,0,0,0,0,0,0
2328,0,0,0,0,0,0,0,0,0,0
2329,0,0,0,0,0,0,0,0,0,0
2330,0,0,0,0,0,0,0,0,0,0
2331,0,0,0,0,0,0,0,0,0,0
2332,0,0,0,0,0,0,0,0,0,0
2333,0,0,0,0,0,0,0,0,0,0
2334,0,0,0,0,0,0,0,0,0,0
2335,0,0,0,0,0,0,0,0,0,0
2336,0,0,0,0,0,0,0,0,0,0
2337,0,0,0,0,0,0,0,0,0,0
2338,0,0,0,0,0,0,0,0,0,0
2339,0,0,0,0,0,0,0,0,0,0
2340,0,0,0,0,0,0,0,0,0,0
2341,0,0,0,0,0,0,0,0,0,0
2342,0,0,0,0,0,0,0,0,0,0
2343,0,0,0,0,0,0,0,0,0,0
2344,0,0,0,0,0,0,0,0,0,0
2345,0,0,0,0,0,0,0,0,0,0
2346,0,0,0,0,0,0,0,0,0,0
2347,0,0,0,0,0,0,0,0,0,0
2348,0,0,0,0,0,0,0,0,0,0
2349,0,0,0,0,0,0,0,0,0,0
2350,0,0,0,0,0,0,0,0,0,0
2351,0,0,0,0,0,0,0,0,0,0
2352,0,0,0,0,0,0,0,0,0,0
2353,0,0,0,0,0,0,0,0,0,0
2354,0,0,0,0,0,0,0,0,0,0
2355,0,0,0,0,0,0,0,0,0,0
2356,0,0,0,0,0,0,0,0,0,0
2357,0,0,0,0,0,0,0,0,0,0
2358,0,0,0,0,0,0,0,0,0,0
2359,0,0,0,0,0,0,0,0,0,0
2360,0,0,0,0,0,0,0,0,0,0
2361,0,0,0,0,0,0,0,0,0,0
2362,0,0,0,0,0,0,0,0,0,0
2363,0,0,0,0,0,0,0,0,0,0
2364,0,0,0,0,0,0,0,0,0,0
2365,0,0,0,0,0,0,0,0,0,0
2366,0,0,0,0,0,0,0,0,0,0
2367,0,0,0,0,0,0,0,0,0,0
2368,0,0,0,0,0,0,0,0,0,0
2369,0,0,0,0,0,0,0,0,0,0
2370,0,0,0,0,0,0,0,0,0,0
2371,0,0,0,0,0,0,0,0,0,0
2372,0,0,0,0,0,0,0,0,0,0
2373,0,0,0,0,0,0,0,0,0,0
2374,0,0,0,0,0,0,0,0,0,0
2375,0,0,0,0,0,0,0,0,0,0
2376,0,0,0,0,0,0,0,0,0,0
2377,0,0,0,0,0,0,0,0,0,0
2378,0,0,0,0,0,0,0,0,0,0
2379,0,0,0,0,0,0,0,0,0,0
2380,0,0,0,0,0,0,0,0,0,0
2381,0,0,0,0,0,0,0,0,0,0
2382,0,0,0,0,0,0,0,0,0,0
2383,0,0,0,0,0,0,0,0,0,0
2384,0,0,0,0,0,0,0,0,0,0
2385,0,0,0,0,0,0,0,0,0,0
2386,0,0,0,0,0,0,0,0,0,0
2387,0,0,0,0,0,0,0,0,0,0
2388,0,0,0,0,0,0,0,0,0,0
2389,0,0,0,0,0,0,0,0,0,0
2390,0,0,0,0,0,0,0,0,0,0
2391,0,0,0,0,0,0,0,0,0,0
2392,0,0,0,0,0,0,0,0,0,0
2393,0,0,0,0,0,0,0,0,0,0
2394,0,0,0,0,0,0,0,0,0,0
2395,0,0,0,0,0,0,0,0,0,0
2396,0,0,0,0,0,0,0,0,0,0
2397,0,0,0,0,0,0,0,0,0,0
2398,0,0,0,0,0,0,0,0,0,0
2399,0,0,0,0,0,0,0,0,0,0
2400,0,0,0,0,0,0,0,0,0,0
2401,0,0,0,0,0,0,0,0,0,0
2402,0,0,0,0,0,0,0,0,0,0
2403,0,0,0,0,0,0,0,0,0,0
2404,0,0,0,0,0,0,0,0,0,0
2405,0,0,0,0,0,0,0,0,0,0
2406,0,0,0,0,0,0,0,0,0,0
2407,0,0,0,0,0,0,0,0,0,0
2408,0,0,0,0,0,0,0,0,0,0
2409,0,0,0,0,0,0,0,0,0,0
2410,0,0,0,0,0,0,0,0,0,0
2411,0,0,0,0,0,0,0,0,0,0
2412,0,0,0,0,0,0,0,0,0,0
2413,0,0,0,0,0,0,0,0,0,0
2414,0,0,0,0,0,0,0,0,0,0
2415,0,0,0,0,0,0,0,0,0,0
2416,0,0,0,0,0,0,0,0,0,0
2417,0,0,0,0,0,0,0,0,0,0
2418,0,0,0,0,0,0,0,0,0,0
2419,0,0,0,0,0,0,0,0,0,0
2420,0,0,0,0,0,0,0,0,0,0
2421,0,0,0,0,0,0,0,0,0,0
2422,0,0,0,0,0,0,0,0,0,0
2423,0,0,0,0,0,0,0,0,0,0
2424,0,0,0,0,0,0,0,0,0,0
2425,0,0,0,0,0,0,0,0,0,0
2426,0,0,0,0,0,0,0,0,0,0
2427,0,0,0,0,0,0,0,0,0,0
2428,0,0,0,0,0,0,0,0,0,0
2429,0,0,0,0,0,0,0,0,0,0
2430,0,0,0,0,0,0,0,0,0,0
2431,0,0,0,0,0,0,0,0,0,0
2432,0,0,0,0,0,0,0,0,0,0
2433,0,0,0,0,0,0,0,0,0,0
2434,0,0,0,0,0,0,0,0,0,0
2435,0,0,0,0,0,0,0,0,0,0
2436,0,0,0,0,0,0,0,0,0,0
2437,0,0,0,0,0,0,0,0,0,0
2438,0,0,0,0,0,0,0,0,0,0
2439,0,0,0,0,0,0,0,0,0,0
2440,0,0,0,0,0,0,0,0,0,0
2441,0,0,0,0,0,0,0,0,0,0
2442,0,0,0,0,0,0,0,0,0,0
2443,0,0,0,0,0,0,0,0,0,0
2444,0,0,0,0,0,0,0,0,0,0
2445,0,0,0,0,0,0,0,0,0,0
2446,0,0,0,0,0,0,0,0,0,0
2447,0,0,0,0,0,0,0,0,0,0
2448,0,0,0,0,0,0,0,0,0,0
2449,0,0,0,0,0,0,0,0,0,0
2450,0,0,0,0,0,0,0,0,0,0
2451,0,0,0,0,0,0,0,0,0,0
2452,0,0,0,0,0,0,0,0,0,0
2453,0,0,0,0,0,0,0,0,0,0
2454,0,0,0,0,0,0,0,0,0,0
2455,0,0,0,0,0,0,0,0,0,0
2456,0,0,0,0,0,0,0,0,0,0
2457,0,0,0,0,0,0,0,0,0,0
2458,0,0,0,0,0,0,0,0,0,0
2459,0,0,0,0,0,0,0,0,0,0
2460,0,0,0,0,0,0,0,0,0,0
2461,0,0,0,0,0,0,0,0,0,0
2462,0,0,0,0,0,0,0,0,0,0
2463,0,0,0,0,0,0,0,0,0,0
2464,0,0,0,0,0,0,0,0,0,0
2465,0,0,0,0,0,0,0,0,0,0
2466,0,0,0,0,0,0,0,0,0,0
2467,0,0,0,0,0,0,0,0,0,0
2468,0,0,0,0,0,0,0,0,0,0
2469,0,0,0,0,0,0,0,0,0,0
2470,0,0,0,0,0,0,0,0,0,0
2471,0,0,0,0,0,0,0,0,0,0
2472,0,0,0,0,0,0,0,0,0,0
2473,0,0,0,0,0,0,0,0,0,0
2474,0,0,0,0,0,0,0,0,0,0
2475,0,0,0,0,0,0,0,0,0,0
2476,0,0,0,0,0,0,0,0,0,0
2477,0,0,0,0,0,0,0,0,0,0
2478,0,0,0,0,0,0,0,0,0,0
2479,0,0,0,0,0,0,0,0,0,0
2480,0,0,0,0,0,0,0,0,0,0
2481,0,0,0,0,0,0,0,0,0,0
2482,0,0,0,0,0,0,0,0,0,0
2483,0,0,0,0,0,0,0,0,0,0
2484,0,0,0,0,0,0,0,0,0,0
2485,0,0,0,0,0,0,0,0,0,0
2486,0,0,0,0,0,0,0,0,0,0
2487,0,0,0,0,0,0,0,0,0,0
2488,0,0,0,0,0,0,0,0,0,0
2489,0,0,0,0,0,0,0,0,0,0
2490,0,0,0,0,0,0,0,0,0,0
2491,0,0,0,0,0,0,0,0,0,0
2492,0,0,0,0,0,0,0,0,0,0
2493,0,0,0,0,0,0,0,0,0,0
2494,0,0,0,0,0,0,0,0,0,0
2495,0,0,0,0,0,0,0,0,0,0
2496,0,0,0,0,0,0,0,0,0,0
2497,0,0,0,0,0,0,0,0,0,0
2498,0,0,0,0,0,0,0,0,0,0
2499,0,0,0,0,0,0,0,0,0,0
2500,0,0,0,0,0,0,0,0,0,0
