350,0.10836,0.08303,0.00142
351,0.1088,0.08334,0.00147
352,0.10926,0.08353,0.00157
353,0.10969,0.08365,0.00166
354,0.11014,0.08397,0.00174
355,0.11058,0.08423,0.00181
356,0.11099,0.08448,0.00188
357,0.11137,0.08489,0.00194
358,0.11185,0.08504,0.00204
359,0.11238,0.0852,0.00214
360,0.1129,0.08547,0.00222
361,0.11333,0.08578,0.00229
362,0.11376,0.08617,0.00234
363,0.11425,0.08647,0.00241
364,0.11478,0.08662,0.00251
365,0.11523,0.08672,0.00262
366,0.11568,0.08708,0.00267
367,0.11614,0.08738,0.00272
368,0.11662,0.08751,0.00282
369,0.11705,0.08789,0.00286
370,0.11759,0.08818,0.00295
371,0.11818,0.08846,0.00304
372,0.11872,0.08883,0.0031
373,0.11932,0.08916,0.00319
374,0.11994,0.08948,0.00327
375,0.12054,0.08983,0.00335
376,0.12112,0.09024,0.00342
377,0.12177,0.0908,0.00348
378,0.12242,0.09133,0.00354
379,0.12305,0.09175,0.00361
380,0.12375,0.0921,0.00371
381,0.1245,0.09251,0.00381
382,0.12526,0.09291,0.00392
383,0.126,0.09329,0.00402
384,0.12666,0.09382,0.00408
385,0.12741,0.09427,0.00417
386,0.12817,0.0947,0.00427
387,0.12888,0.09515,0.00434
388,0.12965,0.09548,0.00445
389,0.1304,0.09576,0.00455
390,0.13111,0.09618,0.00463
391,0.1318,0.0968,0.00469
392,0.13245,0.09721,0.00476
393,0.13313,0.09763,0.00484
394,0.13382,0.09811,0.00492
395,0.13453,0.09859,0.00502
396,0.13523,0.09884,0.00515
397,0.13587,0.09913,0.00524
398,0.13646,0.09949,0.00529
399,0.13707,0.09963,0.00541
400,0.13756,0.09993,0.00547
401,0.13803,0.10025,0.00552
402,0.13855,0.10047,0.00559
403,0.13905,0.10063,0.00568
404,0.13952,0.10098,0.00574
405,0.13999,0.10139,0.00577
406,0.14053,0.10167,0.00585
407,0.14108,0.10198,0.00591
408,0.14162,0.10232,0.00597
409,0.14218,0.10264,0.00606
410,0.14279,0.10292,0.00614
411,0.14337,0.10328,0.00619
412,0.14394,0.10361,0.00626
413,0.14451,0.10387,0.00634
414,0.1451,0.10424,0.00641
415,0.14569,0.10461,0.00648
416,0.14629,0.10496,0.00654
417,0.1469,0.10529,0.00661
418,0.14751,0.10569,0.00668
419,0.14813,0.10608,0.00675
420,0.14877,0.10642,0.00682
421,0.14947,0.1067,0.00692
422,0.15011,0.10713,0.00698
423,0.15076,0.10754,0.00705
424,0.15143,0.10788,0.00712
425,0.15214,0.10826,0.0072
426,0.15286,0.10871,0.00728
427,0.15359,0.10918,0.00735
428,0.15435,0.10965,0.00742
429,0.15516,0.11012,0.00751
430,0.156,0.11063,0.0076
431,0.15683,0.11114,0.00767
432,0.15766,0.11159,0.00776
433,0.15848,0.112,0.00785
434,0.15928,0.11242,0.00793
435,0.16007,0.11284,0.00801
436,0.16087,0.11322,0.0081
437,0.16164,0.11367,0.00818
438,0.16239,0.11415,0.00826
439,0.16314,0.1146,0.00833
440,0.16388,0.11499,0.0084
441,0.16461,0.11542,0.00848
442,0.16531,0.11584,0.00855
443,0.166,0.11621,0.00862
444,0.16665,0.11658,0.00869
445,0.16729,0.11695,0.00875
446,0.1679,0.11731,0.00881
447,0.16847,0.11765,0.00887
448,0.16901,0.11795,0.00893
449,0.16952,0.11823,0.00898
450,0.17001,0.11849,0.00903
451,0.17047,0.11871,0.00908
452,0.17093,0.11895,0.00914
453,0.17135,0.1192,0.00918
454,0.17175,0.11946,0.00922
455,0.17216,0.1197,0.00926
456,0.17259,0.11991,0.00931
457,0.17302,0.12012,0.00936
458,0.17343,0.12037,0.0094
459,0.17384,0.12061,0.00945
460,0.17425,0.12082,0.00949
461,0.17465,0.12101,0.00954
462,0.17502,0.12121,0.00958
463,0.17537,0.1214,0.00962
464,0.17571,0.12157,0.00966
465,0.17605,0.12172,0.00971
466,0.17635,0.12192,0.00974
467,0.17663,0.12208,0.00977
468,0.17691,0.1222,0.00982
469,0.17721,0.12232,0.00986
470,0.17749,0.1225,0.00989
471,0.17778,0.12267,0.00992
472,0.17808,0.12279,0.00996
473,0.1784,0.12297,0.00999
474,0.17873,0.12317,0.01003
475,0.17907,0.12339,0.01006
476,0.17944,0.12361,0.0101
477,0.17982,0.1238,0.01014
478,0.18023,0.12399,0.01019
479,0.18066,0.12418,0.01024
480,0.18107,0.12437,0.01029
481,0.18153,0.12459,0.01033
482,0.182,0.12485,0.01037
483,0.18248,0.12516,0.0104
484,0.18299,0.12551,0.01044
485,0.18352,0.12584,0.01049
486,0.18408,0.12617,0.01053
487,0.18464,0.12653,0.01058
488,0.18522,0.12679,0.01064
489,0.18578,0.12701,0.0107
490,0.18634,0.12726,0.01076
491,0.18685,0.12755,0.01081
492,0.1874,0.12782,0.01086
493,0.18796,0.12809,0.01092
494,0.18852,0.12837,0.01097
495,0.18909,0.12865,0.01102
496,0.18967,0.12891,0.01109
497,0.19025,0.12918,0.01115
498,0.19084,0.12953,0.0112
499,0.19144,0.12988,0.01125
500,0.19205,0.13022,0.01131
501,0.19273,0.13056,0.01138
502,0.19338,0.1309,0.01144
503,0.19404,0.13119,0.01151
504,0.1947,0.13145,0.01159
505,0.19534,0.13173,0.01166
506,0.19599,0.13199,0.01172
507,0.19663,0.13225,0.0118
508,0.19728,0.13252,0.01186
509,0.19791,0.13281,0.01192
510,0.19856,0.13306,0.01199
511,0.19914,0.1333,0.01205
512,0.1997,0.13358,0.0121
513,0.20026,0.13384,0.01215
514,0.20082,0.13416,0.0122
515,0.2014,0.1345,0.01224
516,0.202,0.13481,0.0123
517,0.20259,0.13515,0.01235
518,0.20319,0.13544,0.0124
519,0.20378,0.13567,0.01247
520,0.20435,0.13586,0.01253
521,0.20494,0.13613,0.01259
522,0.20554,0.13642,0.01265
523,0.20614,0.13668,0.01271
524,0.20672,0.13697,0.01276
525,0.20731,0.13734,0.01281
526,0.20792,0.13774,0.01285
527,0.20855,0.13809,0.0129
528,0.20919,0.13837,0.01296
529,0.20981,0.1386,0.01302
530,0.2104,0.13883,0.01308
531,0.21102,0.13915,0.01313
532,0.21165,0.13947,0.01319
533,0.21228,0.13977,0.01324
534,0.21291,0.14004,0.0133
535,0.21357,0.14025,0.01337
536,0.21423,0.14046,0.01345
537,0.21487,0.14071,0.01351
538,0.21552,0.141,0.01357
539,0.21619,0.14131,0.01364
540,0.21687,0.14162,0.01371
541,0.21753,0.14198,0.01376
542,0.2182,0.14228,0.01383
543,0.21887,0.14263,0.01389
544,0.21953,0.14301,0.01394
545,0.22022,0.14335,0.01401
546,0.22089,0.14376,0.01406
547,0.22158,0.14419,0.01411
548,0.22227,0.14458,0.01417
549,0.22295,0.14493,0.01423
550,0.22362,0.14532,0.01428
551,0.2243,0.14567,0.01434
552,0.22499,0.146,0.0144
553,0.22568,0.1463,0.01448
554,0.22638,0.1466,0.01455
555,0.22707,0.14691,0.01462
556,0.22774,0.14724,0.01469
557,0.22841,0.14759,0.01474
558,0.22909,0.14793,0.0148
559,0.22976,0.14824,0.01485
560,0.23039,0.14853,0.0149
561,0.23099,0.14884,0.01493
562,0.23157,0.14918,0.01496
563,0.23214,0.14956,0.01497
564,0.2327,0.14991,0.01499
565,0.23327,0.15025,0.01502
566,0.23385,0.15057,0.01505
567,0.23441,0.15085,0.01507
568,0.23498,0.1512,0.01509
569,0.23554,0.15159,0.0151
570,0.23609,0.15197,0.01512
571,0.23666,0.1523,0.01513
572,0.23723,0.1526,0.01517
573,0.2378,0.15288,0.01522
574,0.23836,0.15317,0.01526
575,0.23892,0.15349,0.0153
576,0.23946,0.1538,0.01534
577,0.23998,0.15407,0.01537
578,0.2405,0.15432,0.01541
579,0.241,0.15455,0.01544
580,0.24147,0.15476,0.01547
581,0.24196,0.15496,0.0155
582,0.24242,0.15513,0.01554
583,0.24286,0.15532,0.01557
584,0.2433,0.15555,0.0156
585,0.24375,0.15576,0.01564
586,0.2442,0.15593,0.01568
587,0.24462,0.15614,0.01573
588,0.24502,0.15652,0.01576
589,0.24541,0.15691,0.01579
590,0.2458,0.15711,0.01582
591,0.24618,0.15711,0.01588
592,0.24654,0.15715,0.01592
593,0.24686,0.15731,0.01594
594,0.24716,0.15752,0.01595
595,0.24746,0.15765,0.01597
596,0.24774,0.15768,0.01599
597,0.24803,0.15768,0.01602
598,0.24831,0.15768,0.01605
599,0.24856,0.1577,0.01607
600,0.2488,0.15776,0.01608
601,0.249,0.15784,0.01609
602,0.2492,0.15788,0.01609
603,0.24941,0.15784,0.01612
604,0.2496,0.15787,0.01614
605,0.24977,0.15795,0.01614
606,0.24995,0.158,0.01616
607,0.25012,0.15801,0.01618
608,0.25027,0.15804,0.01619
609,0.25041,0.15809,0.0162
610,0.25056,0.15809,0.01621
611,0.25071,0.1581,0.01623
612,0.25085,0.15812,0.01624
613,0.25099,0.15814,0.01626
614,0.25111,0.15817,0.01626
615,0.25122,0.1582,0.01627
616,0.25134,0.15821,0.01628
617,0.25146,0.15821,0.01629
618,0.25158,0.15818,0.01631
619,0.25169,0.15815,0.01632
620,0.25179,0.15815,0.01633
621,0.25184,0.1582,0.01633
622,0.2519,0.15826,0.01632
623,0.25196,0.15831,0.01632
624,0.25201,0.15834,0.01631
625,0.25207,0.15837,0.01631
626,0.25213,0.15844,0.01631
627,0.25217,0.15861,0.0163
628,0.2522,0.15886,0.01627
629,0.25224,0.15888,0.01627
630,0.2523,0.15874,0.01628
631,0.25241,0.15865,0.0163
632,0.25252,0.15858,0.01631
633,0.25261,0.15852,0.01632
634,0.25271,0.15846,0.01633
635,0.2528,0.15841,0.01634
636,0.2529,0.15834,0.01636
637,0.253,0.15829,0.01637
638,0.25309,0.15829,0.01637
639,0.25318,0.15831,0.01638
640,0.25326,0.1583,0.01638
641,0.2533,0.15823,0.01638
642,0.25334,0.15814,0.01639
643,0.25338,0.15808,0.01639
644,0.25342,0.15804,0.0164
645,0.25348,0.15802,0.01642
646,0.25349,0.15814,0.01641
647,0.25351,0.15826,0.0164
648,0.25355,0.15828,0.0164
649,0.25357,0.15818,0.0164
650,0.2536,0.15807,0.0164
651,0.25364,0.15806,0.01639
652,0.25367,0.15808,0.01639
653,0.2537,0.15801,0.01638
654,0.25376,0.15796,0.01638
655,0.25382,0.15797,0.01639
656,0.25383,0.15806,0.01636
657,0.25385,0.15796,0.01634
658,0.25389,0.15778,0.01635
659,0.25396,0.15762,0.01637
660,0.254,0.15757,0.01637
661,0.25407,0.15756,0.01636
662,0.25413,0.15756,0.01636
663,0.25422,0.15752,0.01637
664,0.25431,0.15747,0.01638
665,0.25438,0.15744,0.01638
666,0.25444,0.15743,0.01637
667,0.25452,0.15736,0.01638
668,0.25459,0.15733,0.01638
669,0.25467,0.15727,0.01639
670,0.25476,0.15718,0.01641
671,0.25481,0.15706,0.01642
672,0.25485,0.15695,0.01643
673,0.25491,0.15684,0.01644
674,0.25497,0.15676,0.01645
675,0.25502,0.15661,0.01647
676,0.25507,0.15648,0.01648
677,0.25512,0.15639,0.01649
678,0.25517,0.1563,0.0165
679,0.25521,0.15616,0.01651
680,0.25525,0.15604,0.01652
681,0.25531,0.15605,0.01651
682,0.25539,0.15597,0.01652
683,0.25545,0.15591,0.01653
684,0.25551,0.15587,0.01653
685,0.25558,0.15587,0.01653
686,0.25563,0.15639,0.0165
687,0.25565,0.15713,0.01642
688,0.25565,0.15756,0.01636
689,0.25574,0.15713,0.0164
690,0.25583,0.15668,0.01644
691,0.25591,0.15635,0.01648
692,0.25599,0.15613,0.01651
693,0.25605,0.1561,0.01652
694,0.25609,0.15606,0.01652
695,0.25615,0.15584,0.01654
696,0.25623,0.15542,0.01658
697,0.2563,0.15511,0.0166
698,0.25637,0.15503,0.0166
699,0.25643,0.15514,0.0166
700,0.25649,0.15519,0.0166
701,0.25653,0.15513,0.0166
702,0.25658,0.15496,0.01661
703,0.25663,0.15472,0.01662
704,0.2567,0.15452,0.01663
705,0.25676,0.15439,0.01664
706,0.25681,0.1543,0.01665
707,0.25685,0.1542,0.01665
708,0.25692,0.15408,0.01666
709,0.25699,0.15396,0.01666
710,0.25705,0.15386,0.01666
711,0.25715,0.1537,0.01669
712,0.25724,0.15359,0.0167
713,0.25733,0.15352,0.01671
714,0.25744,0.15346,0.01673
715,0.25754,0.15358,0.01673
716,0.25762,0.15402,0.01671
717,0.25768,0.15475,0.01666
718,0.25776,0.15533,0.01661
719,0.25782,0.15552,0.01659
720,0.25789,0.15515,0.01662
721,0.258,0.15444,0.01667
722,0.25812,0.15398,0.01672
723,0.25822,0.15402,0.01673
724,0.25827,0.15442,0.0167
725,0.25833,0.15464,0.01667
726,0.25841,0.15463,0.01666
727,0.25848,0.15454,0.01666
728,0.25855,0.15449,0.01666
729,0.25864,0.15435,0.01668
730,0.25874,0.15418,0.0167
731,0.25883,0.15397,0.01672
732,0.2589,0.15363,0.01674
733,0.25899,0.1532,0.01677
734,0.25908,0.15292,0.01679
735,0.25916,0.15283,0.0168
736,0.25925,0.15278,0.01682
737,0.25934,0.15271,0.01682
738,0.25943,0.15259,0.01682
739,0.25951,0.15242,0.01684
740,0.25959,0.15229,0.01684
741,0.25966,0.15217,0.01685
742,0.25973,0.15207,0.01685
743,0.25982,0.15201,0.01685
744,0.25991,0.15194,0.01686
745,0.25999,0.1519,0.01686
746,0.26007,0.15188,0.01686
747,0.26015,0.15185,0.01686
748,0.26023,0.15185,0.01686
749,0.2603,0.15188,0.01685
750,0.26038,0.15192,0.01684
751,0.26047,0.15192,0.01685
752,0.26056,0.15192,0.01685
753,0.26066,0.15193,0.01685
754,0.26077,0.15194,0.01685
755,0.26087,0.15194,0.01686
756,0.26098,0.15192,0.01687
757,0.26107,0.152,0.01686
758,0.26116,0.1525,0.01681
759,0.26117,0.15403,0.01666
760,0.26106,0.15685,0.01636
761,0.26083,0.16023,0.01591
762,0.26077,0.16102,0.01572
763,0.2609,0.16009,0.01584
764,0.26113,0.15865,0.01606
765,0.26132,0.15697,0.01625
766,0.26149,0.15511,0.01648
767,0.26164,0.15374,0.01664
768,0.26175,0.15296,0.01673
769,0.26185,0.15251,0.01678
770,0.26191,0.15229,0.01679
771,0.26197,0.15219,0.0168
772,0.26205,0.1521,0.01681
773,0.2621,0.15209,0.0168
774,0.26216,0.15208,0.01679
775,0.26222,0.15207,0.01679
776,0.26227,0.15211,0.01678
777,0.26233,0.15208,0.01679
778,0.2624,0.15208,0.01678
779,0.26245,0.15212,0.01677
780,0.26248,0.15214,0.01676
781,0.26252,0.15213,0.01676
782,0.26256,0.15213,0.01676
783,0.2626,0.15216,0.01674
784,0.26264,0.15221,0.01674
785,0.26263,0.15232,0.01671
786,0.26263,0.15243,0.01668
787,0.26269,0.15245,0.01669
788,0.26274,0.15251,0.0167
789,0.26274,0.1526,0.01668
790,0.26272,0.15265,0.01667
791,0.26275,0.15258,0.01667
792,0.26274,0.15255,0.01666
793,0.26273,0.15252,0.01664
794,0.26273,0.15244,0.01664
795,0.26271,0.15247,0.01663
796,0.26268,0.15249,0.01661
797,0.26266,0.15248,0.0166
798,0.26266,0.15248,0.01659
799,0.26263,0.15255,0.01657
800,0.26259,0.15263,0.01655
801,0.26254,0.15267,0.01653
802,0.26249,0.1526,0.01651
803,0.26244,0.15255,0.0165
804,0.26239,0.1525,0.01649
805,0.26234,0.15242,0.01648
806,0.26226,0.1524,0.01646
807,0.26219,0.15241,0.01643
808,0.26213,0.15247,0.0164
809,0.26207,0.15257,0.01638
810,0.262,0.15266,0.01636
811,0.26195,0.15284,0.01633
812,0.2619,0.15316,0.01628
813,0.26183,0.15354,0.01623
814,0.26177,0.1539,0.01618
815,0.2617,0.1542,0.01613
816,0.26161,0.15438,0.01609
817,0.26154,0.15437,0.01608
818,0.26149,0.15414,0.01608
819,0.26144,0.15379,0.01609
820,0.26139,0.1535,0.0161
821,0.26129,0.15345,0.01608
822,0.26122,0.15341,0.01608
823,0.26115,0.15334,0.01608
824,0.26105,0.15322,0.01607
825,0.26095,0.15295,0.01606
826,0.26087,0.15276,0.01606
827,0.26079,0.15272,0.01605
828,0.26068,0.15275,0.01603
829,0.26058,0.15271,0.01602
830,0.26047,0.15265,0.016
831,0.26034,0.1526,0.01598
832,0.26025,0.15241,0.01598
833,0.26017,0.15222,0.01598
834,0.26005,0.15206,0.01597
835,0.2599,0.15189,0.01595
836,0.25983,0.15169,0.01595
837,0.25972,0.15155,0.01594
838,0.25961,0.15142,0.01593
839,0.25951,0.15125,0.01592
840,0.25935,0.15116,0.0159
841,0.25923,0.15104,0.01588
842,0.25913,0.15093,0.01586
843,0.25898,0.15089,0.01583
844,0.25883,0.15083,0.01581
845,0.25869,0.15075,0.01579
846,0.25855,0.15069,0.01576
847,0.25839,0.15071,0.01572
848,0.25825,0.15076,0.01568
849,0.2581,0.15079,0.01565
850,0.25793,0.15078,0.01562
851,0.25786,0.15066,0.01562
852,0.25779,0.15056,0.01561
853,0.25772,0.15045,0.0156
854,0.25764,0.15032,0.01561
855,0.25753,0.15023,0.01559
856,0.25742,0.15009,0.01559
857,0.25733,0.14995,0.01558
858,0.25728,0.14984,0.01557
859,0.25723,0.14965,0.0156
860,0.25717,0.14954,0.01561
861,0.25704,0.1495,0.01558
862,0.2569,0.14941,0.01556
863,0.25674,0.1494,0.01553
864,0.25662,0.14935,0.01552
865,0.25652,0.14924,0.01551
866,0.25639,0.14917,0.01549
867,0.25626,0.14917,0.01545
868,0.25612,0.14911,0.01544
869,0.25598,0.14895,0.01544
870,0.25587,0.14879,0.01543
871,0.25574,0.14885,0.0154
872,0.25565,0.14886,0.01537
873,0.25562,0.14872,0.01537
874,0.25556,0.14863,0.01538
875,0.25546,0.14866,0.01535
876,0.25536,0.14876,0.01531
877,0.25527,0.14882,0.01528
878,0.25518,0.14879,0.01528
879,0.25509,0.14878,0.01526
880,0.25501,0.1488,0.01523
881,0.25494,0.14883,0.01519
882,0.25485,0.14885,0.01517
883,0.25474,0.14881,0.01515
884,0.25465,0.14876,0.01513
885,0.25461,0.14878,0.01513
886,0.25457,0.14876,0.01513
887,0.25449,0.14881,0.01509
888,0.25438,0.14892,0.01503
889,0.25431,0.14893,0.01503
890,0.25429,0.14895,0.01502
891,0.2543,0.14899,0.01502
892,0.25426,0.14911,0.01501
893,0.25422,0.14939,0.01495
894,0.25422,0.14974,0.01494
895,0.2542,0.15014,0.0149
896,0.25414,0.15052,0.01483
897,0.25405,0.15076,0.0148
898,0.25404,0.15093,0.01478
899,0.25404,0.15109,0.01474
900,0.254,0.15119,0.01471
901,0.25391,0.15104,0.0147
902,0.25388,0.1508,0.01471
903,0.25385,0.15059,0.01472
904,0.25379,0.15047,0.01472
905,0.25376,0.15037,0.01473
906,0.25371,0.15053,0.01468
907,0.25365,0.15086,0.01462
908,0.25356,0.15116,0.01457
909,0.25354,0.15118,0.01456
910,0.25351,0.15137,0.01454
911,0.25351,0.15157,0.01451
912,0.2535,0.15157,0.01448
913,0.25357,0.1514,0.01453
914,0.25361,0.1515,0.01452
915,0.25364,0.15163,0.01448
916,0.25369,0.15146,0.0145
917,0.25379,0.15087,0.01462
918,0.25382,0.15068,0.01461
919,0.25384,0.15069,0.01456
920,0.25391,0.15048,0.01461
921,0.25399,0.15023,0.0147
922,0.25398,0.15037,0.01467
923,0.25394,0.1507,0.01459
924,0.25399,0.15095,0.01457
925,0.25401,0.15136,0.01456
926,0.25399,0.15186,0.01449
927,0.25394,0.15247,0.01435
928,0.25385,0.15326,0.01419
929,0.25375,0.15434,0.01406
930,0.25364,0.15541,0.01389
931,0.25356,0.15632,0.01377
932,0.25354,0.15716,0.01373
933,0.25329,0.15819,0.01353
934,0.25311,0.15918,0.01332
935,0.2531,0.15988,0.01316
936,0.25319,0.15995,0.01309
937,0.25326,0.15869,0.01334
938,0.25336,0.15806,0.01343
939,0.25351,0.15781,0.01343
940,0.2537,0.15726,0.01353
941,0.25373,0.15703,0.01364
942,0.25363,0.1576,0.01351
943,0.25359,0.158,0.01338
944,0.2537,0.15751,0.0135
945,0.25359,0.15801,0.01338
946,0.25346,0.15848,0.01329
947,0.25346,0.1584,0.01331
948,0.25359,0.15786,0.01336
949,0.25332,0.15824,0.01324
950,0.25334,0.15823,0.0132
951,0.25359,0.1578,0.01325
952,0.25371,0.1574,0.01333
953,0.25383,0.15732,0.01348
954,0.25377,0.15741,0.01342
955,0.25375,0.15713,0.01338
956,0.2539,0.15647,0.01351
957,0.25402,0.15644,0.01352
958,0.25408,0.15599,0.01363
959,0.2541,0.15558,0.01374
960,0.25416,0.15547,0.01376
961,0.25435,0.15503,0.01377
962,0.25468,0.15445,0.01394
963,0.25487,0.15382,0.01405
964,0.2549,0.1533,0.01405
965,0.25504,0.15308,0.01412
966,0.25511,0.15296,0.01413
967,0.25517,0.15281,0.01412
968,0.25531,0.1525,0.01416
969,0.25559,0.15198,0.01428
970,0.25547,0.15224,0.01417
971,0.25548,0.15231,0.01415
972,0.25572,0.15192,0.01429
973,0.25582,0.15173,0.01431
974,0.25584,0.15227,0.01421
975,0.25597,0.15253,0.01423
976,0.25614,0.15227,0.01432
977,0.25617,0.15197,0.01429
978,0.25628,0.15195,0.01436
979,0.25637,0.15199,0.01435
980,0.25645,0.15188,0.0143
981,0.25658,0.15155,0.01435
982,0.25666,0.15142,0.0144
983,0.25671,0.15157,0.01441
984,0.25678,0.15144,0.01443
985,0.25689,0.15076,0.01451
986,0.25696,0.15057,0.01456
987,0.25693,0.1508,0.01453
988,0.25702,0.151,0.01452
989,0.25723,0.15089,0.01456
990,0.25711,0.15085,0.01452
991,0.25723,0.15026,0.01469
992,0.25735,0.15006,0.01479
993,0.2574,0.15026,0.01473
994,0.25769,0.14966,0.01479
995,0.25762,0.15017,0.0147
996,0.25727,0.15095,0.01455
997,0.25714,0.15088,0.01454
998,0.25761,0.1497,0.01475
999,0.25734,0.15073,0.01452
1000,0.25734,0.15108,0.01447
1001,0.25734,0.15108,0.01447
1002,0.25738,0.151,0.01448
1003,0.2574,0.15098,0.01448
1004,0.25744,0.15097,0.01448
1005,0.25746,0.15099,0.01448
1006,0.25748,0.15101,0.01447
1007,0.25752,0.15105,0.01445
1008,0.25755,0.15107,0.01444
1009,0.25754,0.15114,0.01442
1010,0.25759,0.15112,0.01441
1011,0.25768,0.15099,0.01445
1012,0.25772,0.15096,0.01445
1013,0.25776,0.1509,0.01444
1014,0.25779,0.15088,0.01444
1015,0.25779,0.15096,0.01442
1016,0.25776,0.15105,0.01439
1017,0.2578,0.15104,0.0144
1018,0.25785,0.15098,0.01441
1019,0.25787,0.15096,0.0144
1020,0.25788,0.15087,0.0144
1021,0.2579,0.15089,0.01438
1022,0.2579,0.15104,0.01435
1023,0.25792,0.15104,0.01433
1024,0.25794,0.15101,0.01429
1025,0.25797,0.15098,0.01428
1026,0.25802,0.15081,0.01429
1027,0.25805,0.15077,0.01429
1028,0.25806,0.15081,0.01429
1029,0.25809,0.15087,0.0143
1030,0.25812,0.15088,0.01431
1031,0.25815,0.1508,0.01432
1032,0.25822,0.15072,0.01432
1033,0.25826,0.15066,0.01432
1034,0.25828,0.15064,0.01432
1035,0.25829,0.15072,0.0143
1036,0.2583,0.15074,0.01428
1037,0.25831,0.15076,0.01428
1038,0.25831,0.15076,0.01426
1039,0.2583,0.15076,0.01423
1040,0.25831,0.15076,0.01421
1041,0.25832,0.15074,0.0142
1042,0.25833,0.15073,0.01419
1043,0.25837,0.15073,0.01419
1044,0.25842,0.15074,0.01419
1045,0.25845,0.15068,0.0142
1046,0.25846,0.15068,0.01418
1047,0.25846,0.15076,0.01417
1048,0.25848,0.15072,0.01418
1049,0.25851,0.15069,0.01417
1050,0.25856,0.15066,0.01417
1051,0.25858,0.15067,0.01416
1052,0.25861,0.15063,0.01414
1053,0.25863,0.15066,0.01413
1054,0.2586,0.15085,0.01409
1055,0.25861,0.15091,0.01408
1056,0.25865,0.15087,0.01408
1057,0.2587,0.15095,0.01407
1058,0.25876,0.15098,0.01409
1059,0.25884,0.15092,0.01413
1060,0.2589,0.15097,0.01413
1061,0.2589,0.151,0.01412
1062,0.2589,0.151,0.01409
1063,0.25889,0.15101,0.01406
1064,0.2589,0.15105,0.01404
1065,0.2589,0.15107,0.01403
1066,0.25894,0.15109,0.01402
1067,0.25902,0.15117,0.01404
1068,0.25905,0.15119,0.01403
1069,0.25909,0.15115,0.01402
1070,0.25911,0.15115,0.014
1071,0.25909,0.15118,0.01397
1072,0.25909,0.15112,0.01395
1073,0.25915,0.15108,0.01396
1074,0.25922,0.15104,0.01398
1075,0.25931,0.15096,0.01401
1076,0.25939,0.15101,0.01401
1077,0.25939,0.1511,0.01398
1078,0.25941,0.15115,0.01395
1079,0.25942,0.15128,0.01392
1080,0.25944,0.15131,0.0139
1081,0.25947,0.15136,0.01388
1082,0.25952,0.15141,0.01388
1083,0.25957,0.15145,0.01387
1084,0.25961,0.15149,0.01386
1085,0.25965,0.15151,0.01385
1086,0.25971,0.15152,0.01383
1087,0.25975,0.15148,0.01382
1088,0.25981,0.15144,0.01382
1089,0.25987,0.15141,0.01382
1090,0.2599,0.15143,0.01381
1091,0.25997,0.15149,0.0138
1092,0.26004,0.15165,0.01379
1093,0.26007,0.15183,0.01376
1094,0.26013,0.15197,0.01374
1095,0.26018,0.1521,0.01371
1096,0.26024,0.15223,0.01369
1097,0.2603,0.15228,0.01368
1098,0.26037,0.15239,0.01366
1099,0.26045,0.1525,0.01366
1100,0.26051,0.15266,0.01365
1101,0.26057,0.15282,0.01362
1102,0.26065,0.15297,0.0136
1103,0.26075,0.15315,0.01358
1104,0.26083,0.1533,0.01355
1105,0.26089,0.15342,0.01352
1106,0.26095,0.1535,0.01349
1107,0.26101,0.15348,0.01347
1108,0.26109,0.15351,0.01345
1109,0.26118,0.15361,0.01343
1110,0.26127,0.15367,0.01341
1111,0.26134,0.15386,0.01337
1112,0.2614,0.15412,0.01332
1113,0.26143,0.15441,0.01324
1114,0.26142,0.15473,0.01316
1115,0.26144,0.1552,0.01307
1116,0.26144,0.15581,0.01295
1117,0.26145,0.15661,0.01281
1118,0.2615,0.1576,0.0127
1119,0.26159,0.15877,0.01259
1120,0.2616,0.16032,0.01238
1121,0.26155,0.16178,0.01215
1122,0.26152,0.16314,0.01196
1123,0.26148,0.1645,0.01177
1124,0.26151,0.16568,0.01165
1125,0.26159,0.16673,0.01157
1126,0.2617,0.16747,0.01147
1127,0.26177,0.16808,0.01137
1128,0.26189,0.1684,0.01132
1129,0.26199,0.16844,0.01135
1130,0.2621,0.16843,0.01138
1131,0.26219,0.16842,0.01144
1132,0.26235,0.16807,0.01153
1133,0.26245,0.16759,0.0116
1134,0.2626,0.16712,0.01165
1135,0.26278,0.16655,0.0117
1136,0.26293,0.16607,0.01173
1137,0.26308,0.16559,0.01178
1138,0.26324,0.16523,0.01182
1139,0.26338,0.16489,0.01188
1140,0.26354,0.16453,0.01193
1141,0.26371,0.16435,0.01197
1142,0.26389,0.16418,0.012
1143,0.26401,0.16408,0.01199
1144,0.26414,0.16422,0.01198
1145,0.26427,0.1643,0.012
1146,0.26437,0.16448,0.01199
1147,0.26444,0.16486,0.01195
1148,0.26453,0.1651,0.01195
1149,0.26459,0.16531,0.01193
1150,0.26466,0.16552,0.01193
1151,0.26482,0.16552,0.01198
1152,0.26503,0.16517,0.01207
1153,0.26525,0.16476,0.01217
1154,0.26547,0.16428,0.01226
1155,0.26565,0.16383,0.01233
1156,0.26584,0.16335,0.01241
1157,0.26606,0.16264,0.01252
1158,0.26623,0.16198,0.01261
1159,0.26642,0.16138,0.01269
1160,0.26662,0.1607,0.01277
1161,0.26679,0.1602,0.01282
1162,0.26698,0.15974,0.01287
1163,0.26717,0.15931,0.01293
1164,0.26737,0.15889,0.013
1165,0.26754,0.15854,0.01306
1166,0.26771,0.15822,0.0131
1167,0.26786,0.15797,0.01314
1168,0.26802,0.15774,0.01317
1169,0.26817,0.15751,0.01319
1170,0.26833,0.15734,0.01322
1171,0.26847,0.1572,0.01323
1172,0.2686,0.15707,0.01325
1173,0.26875,0.15699,0.01327
1174,0.26888,0.15698,0.01327
1175,0.26903,0.15695,0.01328
1176,0.26919,0.15696,0.01329
1177,0.26934,0.15694,0.0133
1178,0.2695,0.15689,0.01331
1179,0.26964,0.15694,0.01331
1180,0.2698,0.15699,0.01331
1181,0.26999,0.15703,0.01332
1182,0.27016,0.15712,0.01332
1183,0.27032,0.15729,0.01331
1184,0.27049,0.15737,0.01332
1185,0.27066,0.15742,0.01331
1186,0.27081,0.15756,0.0133
1187,0.27098,0.15761,0.01331
1188,0.27116,0.15767,0.01331
1189,0.27133,0.15776,0.01331
1190,0.27152,0.15772,0.01332
1191,0.2717,0.15765,0.01334
1192,0.27188,0.15762,0.01335
1193,0.27204,0.1576,0.01336
1194,0.2722,0.1576,0.01336
1195,0.27236,0.1576,0.01336
1196,0.27253,0.15763,0.01336
1197,0.27271,0.15769,0.01336
1198,0.27286,0.15779,0.01335
1199,0.27302,0.15786,0.01336
1200,0.2732,0.15795,0.01337
1201,0.27336,0.15805,0.01337
1202,0.27352,0.15813,0.01336
1203,0.27369,0.15818,0.01336
1204,0.27386,0.15822,0.01336
1205,0.27404,0.15827,0.01337
1206,0.27422,0.1582,0.01338
1207,0.27441,0.15818,0.01341
1208,0.27459,0.15823,0.01342
1209,0.27474,0.15828,0.01342
1210,0.27489,0.15835,0.01341
1211,0.27505,0.15837,0.01342
1212,0.27523,0.15836,0.01342
1213,0.2754,0.15836,0.01342
1214,0.27558,0.15832,0.01343
1215,0.27575,0.15835,0.01344
1216,0.27591,0.15836,0.01344
1217,0.27606,0.15839,0.01344
1218,0.27623,0.15836,0.01346
1219,0.27642,0.15835,0.01347
1220,0.27659,0.15828,0.01349
1221,0.27678,0.15811,0.01351
1222,0.27695,0.15802,0.01353
1223,0.2771,0.15793,0.01354
1224,0.27726,0.15788,0.01355
1225,0.27742,0.15787,0.01356
1226,0.27758,0.15789,0.01358
1227,0.27774,0.15787,0.01359
1228,0.27791,0.15786,0.0136
1229,0.27808,0.15783,0.01362
1230,0.27826,0.15774,0.01363
1231,0.27844,0.15768,0.01364
1232,0.27861,0.1576,0.01366
1233,0.27877,0.15753,0.01367
1234,0.27892,0.1575,0.01368
1235,0.27909,0.15748,0.01369
1236,0.27925,0.15752,0.0137
1237,0.27941,0.15752,0.0137
1238,0.27958,0.15752,0.01371
1239,0.27975,0.15753,0.01371
1240,0.27991,0.15751,0.01371
1241,0.28008,0.15753,0.01371
1242,0.28026,0.15757,0.01372
1243,0.28043,0.15762,0.01372
1244,0.28061,0.15768,0.01373
1245,0.28078,0.15774,0.01373
1246,0.28094,0.1578,0.01372
1247,0.2811,0.15785,0.01372
1248,0.28125,0.15791,0.0137
1249,0.2814,0.15801,0.01369
1250,0.28157,0.15812,0.01368
1251,0.28173,0.15823,0.01368
1252,0.2819,0.15834,0.01367
1253,0.28208,0.15845,0.01367
1254,0.28226,0.15858,0.01366
1255,0.28246,0.15866,0.01367
1256,0.28263,0.15879,0.01366
1257,0.28279,0.15895,0.01364
1258,0.28294,0.1591,0.01363
1259,0.28308,0.15927,0.01362
1260,0.28323,0.15948,0.0136
1261,0.28338,0.15972,0.01358
1262,0.28355,0.15996,0.01355
1263,0.28372,0.16024,0.01352
1264,0.28388,0.16052,0.01349
1265,0.28404,0.16084,0.01347
1266,0.2842,0.16109,0.01345
1267,0.28436,0.16136,0.01344
1268,0.28453,0.16152,0.01343
1269,0.28471,0.16155,0.01343
1270,0.2849,0.16159,0.01344
1271,0.28509,0.1616,0.01345
1272,0.28526,0.16157,0.01346
1273,0.28543,0.16158,0.01347
1274,0.28561,0.16147,0.0135
1275,0.28579,0.16128,0.01353
1276,0.28596,0.16112,0.01357
1277,0.28613,0.16098,0.01359
1278,0.28631,0.16079,0.01362
1279,0.28647,0.1607,0.01363
1280,0.28661,0.16068,0.01363
1281,0.28677,0.16065,0.01363
1282,0.28692,0.16067,0.01363
1283,0.28707,0.16067,0.01364
1284,0.28724,0.16068,0.01366
1285,0.2874,0.16067,0.01367
1286,0.28756,0.16061,0.01367
1287,0.28771,0.16061,0.01368
1288,0.28787,0.16061,0.01367
1289,0.28802,0.16063,0.01367
1290,0.28817,0.16069,0.01367
1291,0.28832,0.16077,0.01367
1292,0.28847,0.16089,0.01368
1293,0.28859,0.16102,0.01367
1294,0.28874,0.16118,0.01365
1295,0.28889,0.16135,0.01364
1296,0.28905,0.16141,0.01364
1297,0.28922,0.16148,0.01364
1298,0.28937,0.1616,0.01364
1299,0.28951,0.16176,0.01362
1300,0.28965,0.16191,0.01361
1301,0.28978,0.16214,0.01358
1302,0.28992,0.16233,0.01356
1303,0.29007,0.16247,0.01355
1304,0.29022,0.16262,0.01353
1305,0.29036,0.16278,0.01351
1306,0.2905,0.16297,0.01349
1307,0.29066,0.16317,0.01347
1308,0.2908,0.16337,0.01345
1309,0.29093,0.16365,0.01342
1310,0.29108,0.16386,0.0134
1311,0.29125,0.16401,0.01339
1312,0.2914,0.16419,0.01337
1313,0.29157,0.16431,0.01336
1314,0.29171,0.16452,0.01333
1315,0.29181,0.16485,0.01329
1316,0.29193,0.16512,0.01325
1317,0.29203,0.16543,0.0132
1318,0.29216,0.16569,0.01317
1319,0.29233,0.1659,0.01316
1320,0.29248,0.16604,0.01313
1321,0.29267,0.16614,0.01313
1322,0.29285,0.16625,0.01312
1323,0.293,0.16646,0.01309
1324,0.29311,0.16672,0.01303
1325,0.29324,0.16696,0.013
1326,0.29333,0.16725,0.01295
1327,0.29344,0.16759,0.0129
1328,0.29356,0.16787,0.01287
1329,0.29369,0.1683,0.01283
1330,0.29384,0.16895,0.01277
1331,0.29396,0.16951,0.01271
1332,0.2941,0.17017,0.01265
1333,0.29424,0.17064,0.0126
1334,0.29436,0.17098,0.01255
1335,0.29449,0.17126,0.0125
1336,0.29465,0.17137,0.01249
1337,0.2948,0.17147,0.01246
1338,0.29494,0.17155,0.01243
1339,0.29509,0.17152,0.01242
1340,0.29527,0.17126,0.01245
1341,0.2954,0.17112,0.01245
1342,0.29552,0.1709,0.01244
1343,0.29563,0.17069,0.01246
1344,0.29572,0.1708,0.01244
1345,0.29578,0.1707,0.01244
1346,0.29586,0.17062,0.01244
1347,0.29587,0.17085,0.01237
1348,0.29581,0.17101,0.0123
1349,0.29571,0.1716,0.01217
1350,0.29559,0.17209,0.01203
1351,0.2953,0.17295,0.01185
1352,0.29513,0.17378,0.01166
1353,0.29502,0.17456,0.01138
1354,0.29489,0.17556,0.01106
1355,0.29518,0.17612,0.01091
1356,0.29546,0.17752,0.01067
1357,0.29566,0.17782,0.0107
1358,0.29644,0.17942,0.01062
1359,0.29791,0.18305,0.01102
1360,0.30055,0.18431,0.01172
1361,0.30535,0.17056,0.01379
1362,0.31002,0.1635,0.01516
1363,0.30773,0.16795,0.01353
1364,0.31061,0.16156,0.01402
1365,0.31127,0.16142,0.01364
1366,0.31138,0.16245,0.01293
1367,0.31439,0.143,0.01677
1368,0.31548,0.14547,0.01533
1369,0.30668,0.20393,0.00294
1370,0.30609,0.20602,0.00112
1371,0.30954,0.18098,0.00379
1372,0.31733,0.14784,0.00718
1373,0.31818,0.13314,0.01302
1374,0.31596,0.12649,0.01461
1375,0.30789,0.16746,0.00832
1376,0.30127,0.24415,0.00187
1377,0.30111,0.2754,0.00046089
1378,0.30829,0.30158,0.0018
1379,0.30978,0.30859,0.00014421
1380,0.31375,0.27277,0.00223
1381,0.31138,0.26683,-0.0002997
1382,0.30165,0.27103,-0.0103
1383,0.2976,0.26336,-0.01235
1384,0.29402,0.24941,-0.0098
1385,0.28993,0.25217,-0.01127
1386,0.28801,0.25474,-0.01178
1387,0.28611,0.2554,-0.01191
1388,0.28273,0.2748,-0.01482
1389,0.28203,0.27126,-0.01398
1390,0.28302,0.24717,-0.01106
1391,0.28307,0.24053,-0.00936
1392,0.28356,0.23293,-0.00706
1393,0.28388,0.23329,-0.00544
1394,0.28507,0.24925,-0.00385
1395,0.28391,0.24851,-0.00316
1396,0.2812,0.24056,-0.00339
1397,0.28012,0.2374,-0.00294
1398,0.27875,0.23158,-0.00279
1399,0.27776,0.22764,-0.00222
1400,0.27836,0.22447,-0.00065478
1401,0.27749,0.22522,-0.00021972
1402,0.27508,0.22666,-0.00079782
1403,0.27411,0.22765,-0.00037421
1404,0.27372,0.23419,-0.00010707
1405,0.27314,0.23506,0.00065448
1406,0.27272,0.23067,0.00139
1407,0.27223,0.22509,0.00219
1408,0.27168,0.21895,0.00276
1409,0.27148,0.2141,0.00281
1410,0.27174,0.21222,0.0032
1411,0.27225,0.21243,0.00364
1412,0.27296,0.21014,0.00412
1413,0.27385,0.2079,0.00476
1414,0.27455,0.20669,0.00494
1415,0.27497,0.20541,0.00484
1416,0.27608,0.2039,0.00515
1417,0.27724,0.20238,0.00551
1418,0.27854,0.20209,0.00575
1419,0.28014,0.20149,0.00619
1420,0.28153,0.20147,0.00639
1421,0.28279,0.20304,0.00629
1422,0.284,0.20266,0.00644
1423,0.28524,0.2017,0.0067
1424,0.28639,0.20049,0.0069
1425,0.28756,0.19837,0.0072
1426,0.28853,0.19728,0.00736
1427,0.28943,0.1963,0.00742
1428,0.29028,0.19563,0.00756
1429,0.29111,0.1952,0.00773
1430,0.2918,0.19504,0.00783
1431,0.29252,0.19505,0.00799
1432,0.29313,0.19506,0.00804
1433,0.2936,0.19525,0.00798
1434,0.29407,0.1956,0.00793
1435,0.29454,0.19596,0.00786
1436,0.29494,0.1965,0.00779
1437,0.29526,0.19765,0.00766
1438,0.29558,0.19819,0.00761
1439,0.29582,0.19865,0.00756
1440,0.29609,0.19872,0.00756
1441,0.29638,0.19828,0.00767
1442,0.29666,0.19768,0.00778
1443,0.29699,0.19671,0.00795
1444,0.29734,0.19567,0.00815
1445,0.29768,0.19479,0.00831
1446,0.29807,0.19379,0.00851
1447,0.29844,0.19277,0.00873
1448,0.29878,0.19171,0.00891
1449,0.29912,0.19062,0.00909
1450,0.29944,0.18935,0.0093
1451,0.2998,0.18851,0.00945
1452,0.30016,0.18787,0.00956
1453,0.3005,0.18719,0.00969
1454,0.30086,0.18665,0.0098
1455,0.30117,0.18595,0.00994
1456,0.30147,0.1852,0.01011
1457,0.30173,0.18444,0.01023
1458,0.30197,0.18345,0.01037
1459,0.30219,0.18285,0.01047
1460,0.30239,0.18222,0.01057
1461,0.30259,0.18183,0.01063
1462,0.30281,0.18159,0.01068
1463,0.30297,0.18158,0.01069
1464,0.30309,0.18178,0.01064
1465,0.3032,0.1821,0.0106
1466,0.30327,0.1829,0.01052
1467,0.30333,0.18344,0.01047
1468,0.3034,0.184,0.01045
1469,0.30342,0.18445,0.01039
1470,0.30335,0.18482,0.01028
1471,0.30336,0.18503,0.01024
1472,0.30335,0.18505,0.01022
1473,0.3034,0.18504,0.01022
1474,0.30351,0.18482,0.01029
1475,0.30364,0.18468,0.01033
1476,0.30374,0.18464,0.01032
1477,0.30394,0.18443,0.01036
1478,0.30419,0.1841,0.01044
1479,0.30445,0.18384,0.01051
1480,0.30474,0.18355,0.01058
1481,0.30506,0.18325,0.01065
1482,0.30539,0.183,0.0107
1483,0.30575,0.18272,0.01077
1484,0.30613,0.18244,0.01085
1485,0.30653,0.18214,0.01093
1486,0.30697,0.18166,0.01105
1487,0.30742,0.18115,0.01118
1488,0.30781,0.18066,0.01127
1489,0.30822,0.18006,0.01139
1490,0.30855,0.17955,0.01147
1491,0.30885,0.17906,0.01155
1492,0.30921,0.17838,0.01167
1493,0.30956,0.17769,0.01179
1494,0.30988,0.17707,0.0119
1495,0.31019,0.17647,0.012
1496,0.31046,0.176,0.01208
1497,0.31071,0.1756,0.01214
1498,0.31096,0.17518,0.01222
1499,0.31121,0.17485,0.0123
1500,0.31145,0.17453,0.01236
1501,0.3117,0.17417,0.01243
1502,0.31193,0.17395,0.01248
1503,0.31216,0.17381,0.01252
1504,0.31238,0.17367,0.01255
1505,0.31259,0.17361,0.01259
1506,0.31279,0.17355,0.01261
1507,0.31299,0.17348,0.01262
1508,0.31318,0.17343,0.01264
1509,0.31335,0.17349,0.01264
1510,0.31355,0.17336,0.01267
1511,0.31378,0.17314,0.01272
1512,0.31397,0.17296,0.01276
1513,0.31416,0.17265,0.01281
1514,0.31433,0.17252,0.01283
1515,0.31446,0.17252,0.01284
1516,0.3146,0.17246,0.01286
1517,0.31475,0.17245,0.01286
1518,0.31489,0.17242,0.01287
1519,0.31501,0.17236,0.01286
1520,0.31515,0.17231,0.01287
1521,0.31529,0.17227,0.01288
1522,0.31542,0.1722,0.0129
1523,0.31558,0.17207,0.01294
1524,0.31572,0.17202,0.01295
1525,0.31586,0.17198,0.01296
1526,0.31599,0.17196,0.01297
1527,0.31611,0.17201,0.01296
1528,0.31623,0.17202,0.01296
1529,0.31634,0.17204,0.01295
1530,0.31646,0.17203,0.01296
1531,0.31659,0.17194,0.01297
1532,0.31672,0.17193,0.01297
1533,0.31686,0.17194,0.01298
1534,0.31698,0.17193,0.01298
1535,0.31709,0.17198,0.01298
1536,0.3172,0.17199,0.01298
1537,0.31731,0.17192,0.01298
1538,0.31742,0.17191,0.01298
1539,0.31751,0.17194,0.01297
1540,0.31762,0.17192,0.01298
1541,0.31775,0.17191,0.01298
1542,0.31788,0.17186,0.01299
1543,0.31806,0.17171,0.01302
1544,0.3182,0.17161,0.01304
1545,0.31834,0.17152,0.01306
1546,0.31849,0.17143,0.01308
1547,0.31862,0.17138,0.01309
1548,0.31876,0.17134,0.01311
1549,0.31892,0.17126,0.01313
1550,0.31907,0.17116,0.01314
1551,0.31922,0.17109,0.01315
1552,0.31937,0.17104,0.01315
1553,0.31951,0.17102,0.01316
1554,0.31966,0.17103,0.01317
1555,0.31982,0.17105,0.01317
1556,0.31999,0.17102,0.01318
1557,0.32016,0.17102,0.01318
1558,0.32033,0.17105,0.01318
1559,0.32051,0.17106,0.01319
1560,0.3207,0.17114,0.0132
1561,0.32087,0.17125,0.0132
1562,0.32104,0.17138,0.0132
1563,0.32122,0.17148,0.0132
1564,0.32139,0.17155,0.01319
1565,0.32159,0.17167,0.01319
1566,0.32178,0.1718,0.01319
1567,0.32195,0.17197,0.01317
1568,0.32212,0.17222,0.01315
1569,0.32225,0.17242,0.01313
1570,0.32239,0.1726,0.0131
1571,0.32252,0.17274,0.01309
1572,0.32265,0.17293,0.01307
1573,0.32279,0.17312,0.01304
1574,0.32294,0.17327,0.01302
1575,0.32309,0.17347,0.013
1576,0.32326,0.17359,0.01299
1577,0.32342,0.17361,0.01299
1578,0.32359,0.17364,0.013
1579,0.32375,0.17366,0.013
1580,0.32391,0.17363,0.01301
1581,0.32408,0.17358,0.01303
1582,0.32425,0.17354,0.01304
1583,0.32442,0.17343,0.01306
1584,0.3246,0.17328,0.01309
1585,0.32476,0.1732,0.0131
1586,0.32491,0.17313,0.01312
1587,0.32506,0.17311,0.01312
1588,0.32519,0.17309,0.01313
1589,0.32536,0.173,0.01315
1590,0.32552,0.17297,0.01315
1591,0.32568,0.1729,0.01316
1592,0.32584,0.17297,0.01316
1593,0.32597,0.17314,0.01314
1594,0.32612,0.17319,0.01313
1595,0.32627,0.1733,0.01312
1596,0.32641,0.17346,0.01309
1597,0.32656,0.17361,0.01308
1598,0.32668,0.17383,0.01306
1599,0.32681,0.17397,0.01304
1600,0.32694,0.17408,0.01303
1601,0.32705,0.17424,0.01301
1602,0.32719,0.1744,0.013
1603,0.32732,0.17458,0.013
1604,0.32744,0.17475,0.01299
1605,0.32759,0.17476,0.013
1606,0.32771,0.17478,0.01299
1607,0.32781,0.17484,0.01297
1608,0.32794,0.17483,0.01296
1609,0.32808,0.17481,0.01297
1610,0.32822,0.17477,0.01298
1611,0.32838,0.17472,0.013
1612,0.3285,0.17467,0.01301
1613,0.32862,0.17458,0.013
1614,0.32873,0.17452,0.013
1615,0.32884,0.17444,0.013
1616,0.32897,0.17435,0.01301
1617,0.32911,0.17431,0.01303
1618,0.32924,0.17424,0.01306
1619,0.32937,0.1742,0.01307
1620,0.32949,0.17418,0.01308
1621,0.32962,0.17411,0.01309
1622,0.32975,0.17406,0.0131
1623,0.32989,0.17397,0.01311
1624,0.33002,0.17395,0.01311
1625,0.33013,0.17394,0.01311
1626,0.33025,0.17393,0.01311
1627,0.33035,0.17398,0.0131
1628,0.33046,0.17391,0.01311
1629,0.3306,0.17386,0.01313
1630,0.33072,0.17378,0.01313
1631,0.33086,0.17369,0.01315
1632,0.331,0.17371,0.01315
1633,0.3311,0.17374,0.01315
1634,0.3312,0.17386,0.01314
1635,0.3313,0.17394,0.01312
1636,0.33141,0.17393,0.01311
1637,0.33153,0.17394,0.01311
1638,0.33168,0.17393,0.01312
1639,0.33182,0.17403,0.01313
1640,0.33196,0.17418,0.01312
1641,0.33206,0.17433,0.0131
1642,0.33217,0.17449,0.01309
1643,0.33229,0.17459,0.01308
1644,0.3324,0.17469,0.01307
1645,0.33248,0.17487,0.01304
1646,0.33257,0.17501,0.013
1647,0.33267,0.17514,0.01297
1648,0.33278,0.17523,0.01295
1649,0.33292,0.17522,0.01296
1650,0.33305,0.17524,0.01296
1651,0.33313,0.17529,0.01294
1652,0.33324,0.17532,0.01294
1653,0.33334,0.17544,0.01292
1654,0.33346,0.17553,0.01291
1655,0.3336,0.17556,0.01293
1656,0.33372,0.17564,0.01292
1657,0.33385,0.17566,0.0129
1658,0.334,0.17565,0.01292
1659,0.33411,0.17569,0.01292
1660,0.3342,0.1757,0.0129
1661,0.3343,0.17569,0.0129
1662,0.33439,0.17571,0.01289
1663,0.33449,0.17579,0.01287
1664,0.33462,0.17585,0.01287
1665,0.33474,0.17583,0.01288
1666,0.33487,0.17584,0.0129
1667,0.335,0.1758,0.01291
1668,0.3351,0.17574,0.01292
1669,0.33521,0.17578,0.01292
1670,0.33529,0.17578,0.01291
1671,0.33537,0.17579,0.0129
1672,0.33547,0.17586,0.0129
1673,0.33558,0.1759,0.0129
1674,0.33568,0.17591,0.01289
1675,0.33577,0.17584,0.01289
1676,0.33587,0.17568,0.0129
1677,0.33596,0.17556,0.01291
1678,0.33606,0.17555,0.01291
1679,0.3362,0.17567,0.01291
1680,0.33632,0.1758,0.01291
1681,0.33645,0.1759,0.0129
1682,0.3366,0.17597,0.01292
1683,0.33672,0.17601,0.01292
1684,0.33681,0.17611,0.0129
1685,0.33691,0.17628,0.01288
1686,0.337,0.17642,0.01284
1687,0.33712,0.1765,0.01281
1688,0.33727,0.17651,0.01281
1689,0.33738,0.17661,0.01279
1690,0.3375,0.17673,0.01278
1691,0.33761,0.17687,0.01276
1692,0.33767,0.1772,0.01271
1693,0.33777,0.17738,0.0127
1694,0.33787,0.17752,0.01269
1695,0.33797,0.17772,0.01266
1696,0.33809,0.17784,0.01266
1697,0.3382,0.17807,0.01263
1698,0.33828,0.17835,0.01259
1699,0.33835,0.17854,0.01254
1700,0.33844,0.17876,0.01252
1701,0.33854,0.17893,0.0125
1702,0.33868,0.17905,0.01249
1703,0.33882,0.17918,0.01248
1704,0.33896,0.17928,0.01246
1705,0.33909,0.1794,0.01245
1706,0.33923,0.17952,0.01245
1707,0.33933,0.17966,0.01243
1708,0.3394,0.17983,0.01242
1709,0.33947,0.17999,0.0124
1710,0.33951,0.18013,0.01236
1711,0.33958,0.18023,0.01234
1712,0.33969,0.18034,0.01233
1713,0.33979,0.18039,0.01232
1714,0.33991,0.18037,0.01234
1715,0.33999,0.18043,0.01233
1716,0.34003,0.1805,0.01231
1717,0.34008,0.18047,0.01229
1718,0.34012,0.1805,0.01226
1719,0.34016,0.18055,0.01223
1720,0.34021,0.1806,0.01223
1721,0.34026,0.18076,0.0122
1722,0.34029,0.18084,0.01219
1723,0.34033,0.18084,0.01219
1724,0.34038,0.18084,0.01219
1725,0.34042,0.18073,0.01219
1726,0.34043,0.18075,0.01216
1727,0.34047,0.18073,0.01214
1728,0.34051,0.18059,0.01215
1729,0.34048,0.18066,0.0121
1730,0.34045,0.18077,0.01207
1731,0.34046,0.18074,0.01206
1732,0.34043,0.18084,0.01202
1733,0.34042,0.18096,0.01198
1734,0.34044,0.18095,0.01197
1735,0.34046,0.18097,0.01197
1736,0.34046,0.18108,0.01195
1737,0.34042,0.18128,0.01191
1738,0.34042,0.18138,0.01189
1739,0.3404,0.18151,0.01185
1740,0.34033,0.18167,0.01177
1741,0.34036,0.18156,0.01176
1742,0.34043,0.18146,0.01178
1743,0.34045,0.1815,0.01177
1744,0.34052,0.18146,0.01179
1745,0.34057,0.18142,0.01181
1746,0.34059,0.1814,0.01179
1747,0.34061,0.1814,0.01177
1748,0.34063,0.18141,0.01175
1749,0.34065,0.18167,0.01168
1750,0.34069,0.18174,0.01166
1751,0.34074,0.18175,0.01165
1752,0.34082,0.1817,0.01167
1753,0.34094,0.18151,0.01174
1754,0.34101,0.18143,0.01176
1755,0.34105,0.18138,0.01175
1756,0.34112,0.18131,0.01175
1757,0.34117,0.18117,0.01172
1758,0.34123,0.18116,0.01171
1759,0.34133,0.18125,0.0117
1760,0.3414,0.18131,0.0117
1761,0.34142,0.18152,0.01165
1762,0.34146,0.18165,0.01165
1763,0.34152,0.1816,0.01167
1764,0.34158,0.18171,0.01167
1765,0.34165,0.18196,0.01167
1766,0.3417,0.18201,0.01165
1767,0.34175,0.18196,0.0116
1768,0.34179,0.182,0.01158
1769,0.34184,0.18191,0.01156
1770,0.34186,0.18204,0.01152
1771,0.34188,0.18241,0.01148
1772,0.34189,0.1826,0.01144
1773,0.34187,0.1828,0.01136
1774,0.3419,0.18287,0.01132
1775,0.34196,0.18303,0.01131
1776,0.34198,0.18323,0.01125
1777,0.34204,0.18355,0.01121
1778,0.34208,0.18393,0.01116
1779,0.3421,0.1842,0.0111
1780,0.34224,0.1843,0.01113
1781,0.34232,0.18439,0.01113
1782,0.34232,0.18459,0.01105
1783,0.34237,0.18477,0.01102
1784,0.34235,0.18534,0.0109
1785,0.34237,0.18562,0.01083
1786,0.34249,0.18564,0.01084
1787,0.34256,0.18575,0.01081
1788,0.34263,0.1856,0.01082
1789,0.34267,0.18571,0.01077
1790,0.34266,0.18604,0.01067
1791,0.34263,0.18644,0.01059
1792,0.3425,0.1872,0.01045
1793,0.34243,0.1878,0.01033
1794,0.34233,0.18837,0.01021
1795,0.34227,0.18906,0.01009
1796,0.34231,0.18991,0.00994
1797,0.34228,0.19052,0.00982
1798,0.34225,0.19108,0.00974
1799,0.34221,0.19158,0.00963
1800,0.3421,0.19149,0.00951
1801,0.34205,0.1918,0.00941
1802,0.34205,0.19238,0.00929
1803,0.34196,0.19314,0.00919
1804,0.34182,0.19415,0.00917
1805,0.34178,0.19544,0.00904
1806,0.34181,0.19716,0.0089
1807,0.34158,0.19934,0.00852
1808,0.34125,0.20206,0.00775
1809,0.34101,0.20525,0.00727
1810,0.34036,0.20993,0.00661
1811,0.34015,0.21273,0.00634
1812,0.34059,0.2147,0.00675
1813,0.34061,0.21429,0.00674
1814,0.34097,0.21116,0.00723
1815,0.34025,0.20681,0.00726
1816,0.33958,0.20422,0.00722
1817,0.33769,0.20215,0.00684
1818,0.33635,0.20286,0.00631
1819,0.33581,0.21397,0.00501
1820,0.33517,0.22011,0.00422
1821,0.33484,0.22621,0.00336
1822,0.33514,0.23138,0.00318
1823,0.33733,0.22905,0.00474
1824,0.33774,0.22436,0.00629
1825,0.33805,0.21484,0.0093
1826,0.33761,0.20695,0.01119
1827,0.33314,0.19234,0.01242
1828,0.33006,0.1822,0.01328
1829,0.32678,0.18365,0.0112
1830,0.32524,0.17049,0.01315
1831,0.32522,0.17048,0.01315
1832,0.32522,0.17048,0.01315
1833,0.32522,0.17048,0.01315
1834,0.32522,0.17048,0.01315
1835,0.32522,0.17048,0.01315
1836,0.32522,0.17048,0.01315
1837,0.32522,0.17048,0.01315
1838,0.32522,0.17048,0.01315
1839,0.32522,0.17048,0.01315
1840,0.32522,0.17048,0.01315
1841,0.32522,0.17048,0.01315
1842,0.32522,0.17048,0.01315
1843,0.32522,0.17048,0.01315
1844,0.32522,0.17048,0.01315
1845,0.32522,0.17048,0.01315
1846,0.32522,0.17048,0.01315
1847,0.32522,0.17048,0.01315
1848,0.32522,0.17048,0.01315
1849,0.32522,0.17048,0.01315
1850,0.32522,0.17048,0.01315
1851,0.32522,0.17048,0.01315
1852,0.32522,0.17048,0.01315
1853,0.32522,0.17048,0.01315
1854,0.32522,0.17048,0.01315
1855,0.32522,0.17048,0.01315
1856,0.32522,0.17048,0.01315
1857,0.32522,0.17048,0.01315
1858,0.32522,0.17048,0.01315
1859,0.32522,0.17048,0.01315
1860,0.32522,0.17048,0.01315
1861,0.32522,0.17048,0.01315
1862,0.32522,0.17048,0.01315
1863,0.32522,0.17048,0.01315
1864,0.32522,0.17048,0.01315
1865,0.32522,0.17048,0.01315
1866,0.32522,0.17048,0.01315
1867,0.32522,0.17048,0.01315
1868,0.32522,0.17048,0.01315
1869,0.32522,0.17048,0.01315
1870,0.32522,0.17048,0.01315
1871,0.32522,0.17048,0.01315
1872,0.32522,0.17048,0.01315
1873,0.32522,0.17048,0.01315
1874,0.32522,0.17048,0.01315
1875,0.32522,0.17048,0.01315
1876,0.32522,0.17048,0.01315
1877,0.32522,0.17048,0.01315
1878,0.32522,0.17048,0.01315
1879,0.32522,0.17048,0.01315
1880,0.32522,0.17048,0.01315
1881,0.32522,0.17048,0.01315
1882,0.32522,0.17048,0.01315
1883,0.32522,0.17048,0.01315
1884,0.32522,0.17048,0.01315
1885,0.32522,0.17048,0.01315
1886,0.32522,0.17048,0.01315
1887,0.32522,0.17048,0.01315
1888,0.32522,0.17048,0.01315
1889,0.32522,0.17048,0.01315
1890,0.32522,0.17048,0.01315
1891,0.32522,0.17048,0.01315
1892,0.32522,0.17048,0.01315
1893,0.32522,0.17048,0.01315
1894,0.32522,0.17048,0.01315
1895,0.32522,0.17048,0.01315
1896,0.32522,0.17048,0.01315
1897,0.32522,0.17048,0.01315
1898,0.32522,0.17048,0.01315
1899,0.32522,0.17048,0.01315
1900,0.32522,0.17048,0.01315
1901,0.32522,0.17048,0.01315
1902,0.32522,0.17048,0.01315
1903,0.32522,0.17048,0.01315
1904,0.32522,0.17048,0.01315
1905,0.32522,0.17048,0.01315
1906,0.32522,0.17048,0.01315
1907,0.32522,0.17048,0.01315
1908,0.32522,0.17048,0.01315
1909,0.32522,0.17048,0.01315
1910,0.32522,0.17048,0.01315
1911,0.32522,0.17048,0.01315
1912,0.32522,0.17048,0.01315
1913,0.32522,0.17048,0.01315
1914,0.32522,0.17048,0.01315
1915,0.32522,0.17048,0.01315
1916,0.32522,0.17048,0.01315
1917,0.32522,0.17048,0.01315
1918,0.32522,0.17048,0.01315
1919,0.32522,0.17048,0.01315
1920,0.32522,0.17048,0.01315
1921,0.30222,0.38849,-0.00893
1922,0.30222,0.38849,-0.00893
1923,0.30222,0.38849,-0.00893
1924,0.30222,0.38849,-0.00893
1925,0.30918,0.17767,0.00566
1926,0.30743,0.18012,0.00513
1927,0.30457,0.21894,0.00021258
1928,0.30238,0.22916,-0.0015
1929,0.29757,0.26985,-0.00639
1930,0.29596,0.27049,-0.00704
1931,0.2947,0.24479,-0.00674
1932,0.29506,0.22397,-0.00329
1933,0.3007,0.20765,0.00253
1934,0.30349,0.19667,0.00566
1935,0.30461,0.19736,0.00761
1936,0.30608,0.19875,0.00915
1937,0.30518,0.20108,0.00807
1938,0.30163,0.20864,0.00441
1939,0.30054,0.20844,0.00343
1940,0.29999,0.2061,0.00236
1941,0.29938,0.20419,0.00203
1942,0.2984,0.1997,0.00241
1943,0.29836,0.19832,0.00251
1944,0.29851,0.19941,0.00257
1945,0.29889,0.1988,0.0027
1946,0.29956,0.19882,0.00281
1947,0.3011,0.19597,0.00349
1948,0.30127,0.19629,0.00327
1949,0.30168,0.1957,0.00332
1950,0.30194,0.1957,0.00328
1951,0.30153,0.19758,0.00279
1952,0.30194,0.19799,0.00288
1953,0.30285,0.19653,0.00351
1954,0.3035,0.19713,0.0036
1955,0.30439,0.19918,0.00362
1956,0.30516,0.19981,0.00372
1957,0.30556,0.20198,0.00337
1958,0.30623,0.20143,0.00349
1959,0.30715,0.1992,0.00385
1960,0.30764,0.19707,0.00425
1961,0.30805,0.19502,0.00462
1962,0.30879,0.19259,0.00509
1963,0.30933,0.1916,0.00533
1964,0.30977,0.19152,0.00552
1965,0.31024,0.19074,0.00565
1966,0.31074,0.1903,0.0057
1967,0.31115,0.1894,0.00582
1968,0.31148,0.18813,0.00592
1969,0.31184,0.18715,0.00609
1970,0.31217,0.1861,0.0063
1971,0.31253,0.18523,0.00647
1972,0.31296,0.18437,0.0067
1973,0.31334,0.18357,0.00687
1974,0.3137,0.18286,0.007
1975,0.31408,0.18207,0.00714
1976,0.31447,0.18146,0.00728
1977,0.31482,0.18075,0.00745
1978,0.31512,0.18016,0.00755
1979,0.31541,0.17944,0.00766
1980,0.31568,0.17926,0.00771
1981,0.31588,0.17931,0.00766
1982,0.31614,0.17933,0.00767
1983,0.31646,0.17982,0.00767
1984,0.31672,0.17984,0.00769
1985,0.31696,0.17938,0.00773
1986,0.31725,0.17935,0.00776
1987,0.31751,0.17947,0.0078
1988,0.31784,0.17947,0.00784
1989,0.31826,0.17948,0.00791
1990,0.31867,0.17978,0.00795
1991,0.31911,0.17984,0.008
1992,0.31954,0.17981,0.00804
1993,0.31997,0.17993,0.00809
1994,0.32048,0.18024,0.00813
1995,0.32087,0.18044,0.00815
1996,0.32129,0.18061,0.00817
1997,0.32166,0.18089,0.00815
1998,0.32193,0.18107,0.00808
1999,0.32225,0.18177,0.00798
2000,0.32263,0.18284,0.00786
2001,0.32293,0.18432,0.00763
2002,0.32302,0.18709,0.00717
2003,0.32332,0.18965,0.00677
2004,0.32365,0.1923,0.00629
2005,0.32402,0.19536,0.00577
2006,0.32434,0.199,0.00517
2007,0.32514,0.20104,0.00493
2008,0.32563,0.20313,0.00459
2009,0.32592,0.20489,0.00426
2010,0.32642,0.2055,0.0042
2011,0.32686,0.20412,0.00443
2012,0.32747,0.20429,0.00456
2013,0.32818,0.20457,0.00484
2014,0.32887,0.20447,0.00505
2015,0.32969,0.20497,0.00526
2016,0.33031,0.20463,0.00543
2017,0.33076,0.20356,0.00558
2018,0.33126,0.20262,0.00573
2019,0.33154,0.20192,0.00577
2020,0.332,0.2008,0.00593
2021,0.3324,0.19951,0.00606
2022,0.33297,0.19822,0.00629
2023,0.33361,0.19689,0.00656
2024,0.33438,0.19525,0.00692
2025,0.33491,0.19446,0.00712
2026,0.33546,0.19398,0.00732
2027,0.33592,0.19329,0.00748
2028,0.33619,0.19296,0.00754
2029,0.33664,0.19227,0.00769
2030,0.33725,0.1911,0.00792
2031,0.33769,0.19047,0.00803
2032,0.33815,0.18993,0.00812
2033,0.33853,0.18953,0.0082
2034,0.33882,0.18938,0.00827
2035,0.33912,0.18918,0.00831
2036,0.33941,0.18896,0.00834
2037,0.33973,0.18886,0.00837
2038,0.34006,0.18883,0.00838
2039,0.34038,0.18882,0.00839
2040,0.34072,0.18885,0.00841
2041,0.34112,0.18893,0.00848
2042,0.34146,0.18912,0.00847
2043,0.3418,0.18929,0.00843
2044,0.34208,0.18973,0.0084
2045,0.34231,0.19056,0.00833
2046,0.3426,0.19101,0.00832
2047,0.34292,0.19147,0.00839
2048,0.34314,0.19193,0.00836
2049,0.34335,0.19204,0.00835
2050,0.34353,0.19253,0.00827
2051,0.34356,0.19337,0.00805
2052,0.34365,0.19411,0.00791
2053,0.3438,0.19488,0.0078
2054,0.34389,0.19576,0.00765
2055,0.34384,0.19692,0.00747
2056,0.34393,0.19768,0.00735
2057,0.34407,0.19846,0.00721
2058,0.34424,0.19887,0.00713
2059,0.34446,0.19892,0.00712
2060,0.34483,0.19842,0.0072
2061,0.34504,0.19804,0.00727
2062,0.3452,0.19727,0.00742
2063,0.3453,0.19698,0.00746
2064,0.34529,0.19676,0.00751
2065,0.34534,0.19667,0.00749
2066,0.34535,0.19685,0.00735
2067,0.34542,0.19698,0.0073
2068,0.34554,0.19731,0.00724
2069,0.34564,0.19729,0.00723
2070,0.34577,0.1972,0.00729
2071,0.34585,0.19704,0.00731
2072,0.34581,0.19666,0.00729
2073,0.34593,0.19625,0.00736
2074,0.3461,0.1958,0.00747
2075,0.3463,0.19539,0.00757
2076,0.34673,0.19473,0.00775
2077,0.34697,0.19433,0.00785
2078,0.34713,0.19405,0.00791
2079,0.34722,0.19405,0.00791
2080,0.34731,0.19363,0.00795
2081,0.34732,0.19306,0.00798
2082,0.34732,0.19283,0.00797
2083,0.34731,0.1925,0.00795
2084,0.34732,0.19234,0.00796
2085,0.34726,0.19265,0.00795
2086,0.34726,0.19257,0.00795
2087,0.34734,0.19211,0.00803
2088,0.34733,0.19205,0.00803
2089,0.34724,0.19217,0.00795
2090,0.3472,0.19221,0.00794
2091,0.34711,0.19255,0.00792
2092,0.34707,0.19258,0.00795
2093,0.34715,0.19231,0.00806
2094,0.34711,0.19218,0.0081
2095,0.34707,0.19203,0.00811
2096,0.34697,0.19184,0.00811
2097,0.34671,0.19169,0.00802
2098,0.34654,0.19152,0.00798
2099,0.3464,0.19133,0.00795
2100,0.34625,0.19098,0.00795
2101,0.34616,0.19091,0.00794
2102,0.34615,0.19099,0.00795
2103,0.3461,0.19095,0.00794
2104,0.34608,0.19097,0.00793
2105,0.34597,0.19101,0.0079
2106,0.34581,0.19102,0.00784
2107,0.34571,0.19102,0.00781
2108,0.34558,0.19104,0.00776
2109,0.34549,0.19113,0.00773
2110,0.34547,0.19114,0.00775
2111,0.34542,0.1913,0.00774
2112,0.34531,0.19184,0.00769
2113,0.34529,0.192,0.0077
2114,0.34535,0.19195,0.00776
2115,0.34538,0.19196,0.00779
2116,0.34552,0.19168,0.00791
2117,0.34556,0.19165,0.00793
2118,0.3455,0.19183,0.00786
2119,0.3455,0.19196,0.00781
2120,0.3455,0.1921,0.00771
2121,0.34553,0.19233,0.00763
2122,0.34559,0.1926,0.00757
2123,0.3457,0.19295,0.00753
2124,0.34579,0.19308,0.00751
2125,0.34586,0.19312,0.00752
2126,0.34597,0.19336,0.0075
2127,0.34612,0.19345,0.00752
2128,0.34622,0.19381,0.00748
2129,0.34631,0.19472,0.00739
2130,0.34639,0.19495,0.00735
2131,0.34642,0.19492,0.00732
2132,0.3465,0.19496,0.00728
2133,0.34661,0.19462,0.00726
2134,0.3467,0.19461,0.00725
2135,0.34684,0.19482,0.00723
2136,0.34689,0.195,0.0072
2137,0.34688,0.19536,0.00715
2138,0.34685,0.1955,0.00716
2139,0.34678,0.19553,0.00721
2140,0.34668,0.19559,0.00722
2141,0.3466,0.1957,0.00728
2142,0.34649,0.19553,0.00728
2143,0.34632,0.19524,0.00719
2144,0.34618,0.19491,0.00716
2145,0.34609,0.19407,0.00715
2146,0.34593,0.19359,0.00715
2147,0.34578,0.19328,0.00718
2148,0.34556,0.19309,0.00721
2149,0.34519,0.19304,0.00716
2150,0.34464,0.19327,0.00704
2151,0.34419,0.19327,0.00697
2152,0.3436,0.19331,0.00685
2153,0.34316,0.19329,0.00681
2154,0.34282,0.19318,0.00684
2155,0.34239,0.19306,0.00685
2156,0.34202,0.19291,0.0069
2157,0.34149,0.19281,0.00688
2158,0.3409,0.19266,0.00685
2159,0.34022,0.1926,0.00676
2160,0.33936,0.19282,0.00654
2161,0.3386,0.19265,0.00646
2162,0.3378,0.19226,0.00642
2163,0.33703,0.19196,0.00639
2164,0.33635,0.19148,0.00646
2165,0.33556,0.19107,0.00647
2166,0.33478,0.19076,0.00644
2167,0.33389,0.19044,0.00643
2168,0.33287,0.19023,0.0064
2169,0.33188,0.18971,0.00639
2170,0.3309,0.18901,0.00643
2171,0.32981,0.18839,0.00642
2172,0.32868,0.18739,0.00643
2173,0.3275,0.18673,0.00638
2174,0.32615,0.18652,0.00623
2175,0.32489,0.18604,0.00616
2176,0.32371,0.18546,0.00611
2177,0.32242,0.18494,0.00606
2178,0.32107,0.18439,0.00604
2179,0.3197,0.1837,0.00607
2180,0.31827,0.18304,0.00606
2181,0.31675,0.18242,0.00606
2182,0.31522,0.18178,0.00604
2183,0.31368,0.18098,0.00602
2184,0.31206,0.1804,0.00598
2185,0.31035,0.18008,0.00591
2186,0.30865,0.17946,0.00586
2187,0.30695,0.1787,0.00584
2188,0.3052,0.17818,0.00576
2189,0.30333,0.17775,0.00564
2190,0.30165,0.17714,0.00556
2191,0.29992,0.17676,0.00542
2192,0.29842,0.176,0.00538
2193,0.29713,0.17465,0.00545
2194,0.29579,0.1738,0.00545
2195,0.29452,0.17288,0.00551
2196,0.29326,0.17236,0.0055
2197,0.29194,0.17236,0.00546
2198,0.29077,0.17209,0.00541
2199,0.2897,0.17187,0.00536
2200,0.28867,0.17171,0.00529
2201,0.28771,0.1716,0.00518
2202,0.28681,0.17131,0.00511
2203,0.28598,0.1711,0.00506
2204,0.28524,0.17076,0.00501
2205,0.28464,0.17001,0.00501
2206,0.28407,0.16958,0.00497
2207,0.28356,0.16932,0.0049
2208,0.28316,0.16906,0.00486
2209,0.28283,0.16897,0.0048
2210,0.28258,0.16885,0.00478
2211,0.28245,0.16875,0.00478
2212,0.28234,0.16866,0.00479
2213,0.28228,0.16849,0.00481
2214,0.28225,0.16848,0.00485
2215,0.28225,0.16862,0.00483
2216,0.28236,0.16861,0.00484
2217,0.28261,0.16826,0.00492
2218,0.28302,0.16764,0.00503
2219,0.28335,0.1675,0.00511
2220,0.28379,0.16712,0.00528
2221,0.28409,0.1672,0.0053
2222,0.28426,0.16798,0.00519
2223,0.28461,0.16823,0.00518
2224,0.285,0.16834,0.00514
2225,0.28543,0.16841,0.00514
2226,0.286,0.16833,0.00521
2227,0.28643,0.16845,0.00521
2228,0.28684,0.16856,0.00518
2229,0.28718,0.16875,0.00514
2230,0.28743,0.16914,0.00505
2231,0.28772,0.16938,0.00502
2232,0.28798,0.16962,0.005
2233,0.28822,0.16979,0.00497
2234,0.28844,0.16999,0.00494
2235,0.28867,0.16993,0.00497
2236,0.28897,0.16953,0.00508
2237,0.28905,0.16942,0.00506
2238,0.28907,0.16923,0.00504
2239,0.28898,0.1692,0.00499
2240,0.28863,0.16956,0.00478
2241,0.28833,0.16954,0.00469
2242,0.28805,0.16935,0.00469
2243,0.28772,0.16925,0.00466
2244,0.28736,0.16891,0.00466
2245,0.28697,0.16892,0.00463
2246,0.28648,0.16942,0.00454
2247,0.28608,0.16943,0.00452
2248,0.28571,0.16935,0.00453
2249,0.28535,0.16921,0.00454
2250,0.28505,0.16841,0.0046
2251,0.28474,0.16824,0.00462
2252,0.28438,0.16854,0.00461
2253,0.28408,0.16876,0.00457
2254,0.28373,0.16952,0.00446
2255,0.2836,0.16966,0.00446
2256,0.28363,0.16902,0.00451
2257,0.28368,0.16902,0.00452
2258,0.28396,0.16917,0.00464
2259,0.28414,0.1693,0.00463
2260,0.28419,0.16985,0.00448
2261,0.28439,0.17035,0.00438
2262,0.28459,0.17069,0.00418
2263,0.28495,0.1709,0.00412
2264,0.2856,0.17107,0.00421
2265,0.28613,0.17145,0.00425
2266,0.28658,0.17154,0.00423
2267,0.28704,0.172,0.00427
2268,0.28739,0.17232,0.00427
2269,0.28779,0.17284,0.00425
2270,0.28817,0.17359,0.00422
2271,0.28854,0.17348,0.00424
2272,0.2887,0.17414,0.00412
2273,0.28873,0.17474,0.00389
2274,0.28891,0.17465,0.00384
2275,0.28903,0.17516,0.00377
2276,0.28924,0.17461,0.00381
2277,0.28949,0.17384,0.00397
2278,0.28937,0.17382,0.0039
2279,0.28921,0.17343,0.0039
2280,0.28907,0.17329,0.00398
2281,0.28874,0.17355,0.00391
2282,0.2886,0.17359,0.00403
2283,0.28853,0.17334,0.0042
2284,0.2882,0.17341,0.00418
2285,0.28774,0.17346,0.00415
2286,0.28716,0.17294,0.00405
2287,0.28647,0.17272,0.00387
2288,0.28592,0.17256,0.00378
2289,0.28542,0.17246,0.00371
2290,0.28484,0.17266,0.00362
2291,0.28424,0.17335,0.00351
2292,0.2837,0.17348,0.00352
2293,0.28313,0.17365,0.00359
2294,0.28252,0.17346,0.00358
2295,0.28199,0.17295,0.00365
2296,0.28138,0.17213,0.00369
2297,0.28063,0.1708,0.00359
2298,0.27998,0.17028,0.00359
2299,0.27946,0.16958,0.00371
2300,0.27868,0.16943,0.00371
2301,0.27775,0.17029,0.00362
2302,0.27692,0.17014,0.0036
2303,0.27595,0.16985,0.00353
2304,0.27516,0.16927,0.00355
2305,0.27462,0.16803,0.00369
2306,0.27377,0.16769,0.00362
2307,0.27286,0.1674,0.0035
2308,0.27189,0.16728,0.00336
2309,0.27068,0.16786,0.00298
2310,0.26961,0.16779,0.00287
2311,0.26851,0.16751,0.00289
2312,0.2676,0.16716,0.00295
2313,0.26675,0.1667,0.00314
2314,0.26588,0.16618,0.00324
2315,0.26522,0.16528,0.00343
2316,0.26424,0.1646,0.00343
2317,0.26309,0.16391,0.0033
2318,0.26185,0.16322,0.00321
2319,0.26037,0.16263,0.00295
2320,0.25897,0.16221,0.00283
2321,0.25748,0.16169,0.00278
2322,0.25613,0.16183,0.00269
2323,0.25489,0.16266,0.00263
2324,0.25368,0.16261,0.00259
2325,0.25254,0.16302,0.0025
2326,0.25146,0.16212,0.00251
2327,0.25049,0.15986,0.00264
2328,0.24953,0.15856,0.00268
2329,0.24868,0.15699,0.00274
2330,0.24781,0.15579,0.00279
2331,0.24695,0.15473,0.00283
2332,0.24602,0.15444,0.00277
2333,0.24494,0.15479,0.00266
2334,0.24409,0.15471,0.00258
2335,0.24328,0.15528,0.00243
2336,0.24256,0.15503,0.00237
2337,0.24203,0.15369,0.00238
2338,0.24149,0.15345,0.0024
2339,0.24096,0.15367,0.00247
2340,0.24033,0.15511,0.0022
2341,0.23978,0.15596,0.00216
2342,0.23915,0.1566,0.00207
2343,0.23893,0.1562,0.00211
2344,0.23908,0.15487,0.00239
2345,0.2395,0.15376,0.00258
2346,0.23953,0.15358,0.00242
2347,0.23955,0.15303,0.00239
2348,0.2397,0.15291,0.00245
2349,0.23942,0.15404,0.00238
2350,0.23941,0.15473,0.00244
2351,0.23957,0.15524,0.00236
2352,0.24005,0.15582,0.00235
2353,0.24037,0.15615,0.00214
2354,0.24052,0.15606,0.00173
2355,0.24101,0.15691,0.00162
2356,0.24104,0.15851,0.00131
2357,0.24157,0.15873,0.00133
2358,0.24285,0.15802,0.00196
2359,0.24386,0.15765,0.00233
2360,0.24482,0.15751,0.00248
2361,0.2457,0.15821,0.0025
2362,0.2465,0.15963,0.00235
2363,0.24751,0.16055,0.00222
2364,0.24871,0.16112,0.00232
2365,0.24981,0.16086,0.00263
2366,0.25063,0.16142,0.00271
2367,0.2515,0.16232,0.00282
2368,0.25276,0.16137,0.00321
2369,0.25368,0.1621,0.00308
2370,0.25437,0.16264,0.00278
2371,0.25524,0.16166,0.00277
2372,0.2552,0.16342,0.00205
2373,0.25523,0.16434,0.00157
2374,0.25585,0.16514,0.00157
2375,0.25636,0.16683,0.00147
2376,0.25768,0.16509,0.00209
2377,0.25899,0.16401,0.00259
2378,0.25968,0.16451,0.00285
2379,0.26018,0.16443,0.00324
2380,0.26007,0.16652,0.00314
2381,0.25994,0.1685,0.00319
2382,0.26033,0.16749,0.00355
2383,0.26041,0.1672,0.00336
2384,0.26027,0.1674,0.0029
2385,0.26053,0.16815,0.00256
2386,0.26037,0.17088,0.00189
2387,0.26045,0.17152,0.0016
2388,0.26092,0.17188,0.00191
2389,0.2605,0.17192,0.00203
2390,0.26058,0.17049,0.00221
2391,0.26107,0.17087,0.0025
2392,0.26125,0.17053,0.00242
2393,0.26176,0.16996,0.00227
2394,0.26213,0.171,0.00228
2395,0.26219,0.16913,0.00226
2396,0.26222,0.16687,0.00243
2397,0.26221,0.16728,0.00265
2398,0.26218,0.16327,0.00306
2399,0.26207,0.1607,0.00317
2400,0.2616,0.16316,0.00256
2401,0.26148,0.16211,0.00217
2402,0.26146,0.16385,0.00165
2403,0.26125,0.16837,0.00124
2404,0.26152,0.16917,0.00158
2405,0.26154,0.17113,0.00175
2406,0.2611,0.1742,0.00172
2407,0.26092,0.17386,0.00196
2408,0.2607,0.17431,0.00195
2409,0.25965,0.1768,0.00131
2410,0.25942,0.17599,0.00149
2411,0.25876,0.17648,0.0013
2412,0.25803,0.17628,0.00125
2413,0.25774,0.17558,0.0013
2414,0.25588,0.17827,0.0001584
2415,0.25555,0.18056,0.00040635
2416,0.25592,0.1792,0.00090615
2417,0.2557,0.17835,0.00089242
2418,0.25681,0.1742,0.00192
2419,0.25703,0.16741,0.00194
2420,0.25637,0.16541,0.00155
2421,0.25575,0.16401,0.00189
2422,0.25407,0.16609,0.00124
2423,0.2528,0.1687,0.00084908
2424,0.25209,0.1706,0.00074031
2425,0.25245,0.17291,0.00087337
2426,0.25274,0.17159,0.0012
2427,0.25228,0.17102,0.00111
2428,0.25213,0.17054,0.00147
2429,0.25049,0.16801,0.00088228
2430,0.24944,0.16484,0.00070055
2431,0.24892,0.16611,0.00064492
2432,0.24798,0.16824,-0.00049738
2433,0.24876,0.16854,0.000051854
2434,0.24989,0.1685,0.00103
2435,0.25088,0.16257,0.00206
2436,0.25043,0.15979,0.00289
2437,0.24865,0.15914,0.00226
2438,0.24698,0.15745,0.00157
2439,0.24536,0.16192,0.00044362
2440,0.24582,0.16181,0.00075255
2441,0.24672,0.15884,0.00214
2442,0.24677,0.15923,0.0021
2443,0.24732,0.15774,0.00267
2444,0.24692,0.15664,0.00306
2445,0.24667,0.1568,0.00291
2446,0.2467,0.15768,0.00341
2447,0.24627,0.16071,0.00351
2448,0.24668,0.16241,0.00388
2449,0.24492,0.16668,0.00267
2450,0.24289,0.18118,0.00127
2451,0.24077,0.18494,0.00011152
2452,0.2371,0.18258,-0.00211
2453,0.23655,0.18053,-0.00193
2454,0.23768,0.17238,-0.000035177
2455,0.23794,0.16577,0.00057701
2456,0.23942,0.16114,0.00158
2457,0.23956,0.15983,0.00161
2458,0.23883,0.15821,0.00046145
2459,0.23722,0.16013,-0.00047886
2460,0.23811,0.16101,0.00071263
2461,0.23776,0.16046,0.000289
2462,0.23688,0.15731,-0.000024582
2463,0.23898,0.1587,0.00179
2464,0.23969,0.1599,0.00232
2465,0.23951,0.15789,0.00272
2466,0.23992,0.16326,0.00338
2467,0.23855,0.16392,0.00214
2468,0.23728,0.15504,0.00121
2469,0.23925,0.15329,0.00252
2470,0.24172,0.14767,0.00454
2471,0.24265,0.14502,0.00601
2472,0.24247,0.15051,0.00643
2473,0.2391,0.14993,0.00568
2474,0.23365,0.15662,0.00328
2475,0.22838,0.16604,0.00086878
2476,0.22424,0.17234,-0.0003742
2477,0.2213,0.18213,-0.00164
2478,0.21972,0.18251,-0.00227
2479,0.21821,0.17557,-0.00438
2480,0.21872,0.17534,-0.00432
2481,0.22367,0.17705,-0.00207
2482,0.22579,0.18402,-0.00123
2483,0.22913,0.20197,0.00252
2484,0.23462,0.1991,0.00748
2485,0.23956,0.18867,0.01159
2486,0.23956,0.18867,0.01159
2487,0.23956,0.18867,0.01159
2488,0.23956,0.18867,0.01159
2489,0.23956,0.18867,0.01159
2490,0.23956,0.18867,0.01159
2491,0.23956,0.18867,0.01159
2492,0.23956,0.18867,0.01159
2493,0.23956,0.18867,0.01159
2494,0.23956,0.18867,0.01159
2495,0.23956,0.18867,0.01159
2496,0.23956,0.18867,0.01159
2497,0.23956,0.18867,0.01159
2498,0.23956,0.18867,0.01159
2499,0.23956,0.18867,0.01159
2500,0.23956,0.18867,0.01159
