wavelength,201908271545ATR01,201908311341ATR02,201908311347ATR00
350,0.09463,0.09508,0.09488
351,0.09488,0.09546,0.09514
352,0.09499,0.09566,0.09534
353,0.09538,0.09601,0.09574
354,0.09562,0.0962,0.0959
355,0.09566,0.09626,0.09582
356,0.09602,0.09675,0.09626
357,0.09654,0.09738,0.09685
358,0.09689,0.09778,0.09722
359,0.09719,0.09806,0.09753
360,0.0977,0.09854,0.09803
361,0.09803,0.09887,0.09836
362,0.09832,0.09918,0.09863
363,0.09864,0.09953,0.09884
364,0.099,0.09995,0.09924
365,0.09941,0.1004,0.0997
366,0.09986,0.10082,0.10009
367,0.10018,0.10115,0.10035
368,0.10039,0.10143,0.10062
369,0.10062,0.10177,0.10095
370,0.10093,0.10214,0.10124
371,0.10134,0.1025,0.1016
372,0.10179,0.10296,0.10204
373,0.10221,0.10345,0.10248
374,0.10273,0.10396,0.10298
375,0.10314,0.10449,0.10344
376,0.10354,0.10495,0.10386
377,0.10425,0.10556,0.10452
378,0.10472,0.10603,0.10497
379,0.10511,0.10653,0.10542
380,0.10555,0.10709,0.10591
381,0.10621,0.10777,0.10651
382,0.1066,0.10822,0.10696
383,0.10709,0.10875,0.10748
384,0.10768,0.10933,0.10803
385,0.10839,0.11002,0.10866
386,0.10897,0.11062,0.10926
387,0.10964,0.11132,0.10996
388,0.11041,0.11213,0.11073
389,0.11101,0.11277,0.11138
390,0.11148,0.11332,0.11185
391,0.11211,0.114,0.11242
392,0.11278,0.1146,0.11304
393,0.11337,0.11525,0.11359
394,0.11396,0.11592,0.11421
395,0.1144,0.11639,0.1147
396,0.11491,0.11688,0.11515
397,0.1155,0.11744,0.11571
398,0.11609,0.11799,0.11628
399,0.11651,0.11836,0.11664
400,0.11707,0.11883,0.11713
401,0.1175,0.11928,0.11752
402,0.11787,0.11969,0.11783
403,0.11817,0.12008,0.1182
404,0.11856,0.12054,0.11865
405,0.11896,0.12098,0.11903
406,0.11934,0.12137,0.11937
407,0.11981,0.12186,0.11985
408,0.12026,0.12237,0.12033
409,0.12068,0.12284,0.12077
410,0.12111,0.12327,0.12116
411,0.12161,0.12382,0.12167
412,0.12208,0.12434,0.12217
413,0.12253,0.12482,0.12263
414,0.12304,0.12533,0.12311
415,0.12347,0.12581,0.12358
416,0.12392,0.12632,0.12405
417,0.12445,0.12685,0.12454
418,0.125,0.12741,0.12506
419,0.12549,0.12794,0.12556
420,0.12598,0.12847,0.12605
421,0.12653,0.12904,0.12659
422,0.12708,0.12965,0.12714
423,0.12764,0.13025,0.1277
424,0.1282,0.13083,0.12826
425,0.12874,0.1314,0.1288
426,0.12932,0.132,0.12936
427,0.12993,0.13264,0.12998
428,0.13058,0.13332,0.13064
429,0.13122,0.13401,0.13128
430,0.13193,0.13473,0.13195
431,0.13268,0.13545,0.13264
432,0.13339,0.13616,0.13333
433,0.13405,0.13683,0.13399
434,0.13471,0.13749,0.13461
435,0.13538,0.13815,0.13522
436,0.13605,0.13884,0.13588
437,0.13668,0.13951,0.13648
438,0.13729,0.14014,0.13707
439,0.13793,0.14077,0.13768
440,0.13859,0.14141,0.13829
441,0.13922,0.14204,0.1389
442,0.13983,0.14264,0.13948
443,0.14043,0.14327,0.14008
444,0.14102,0.14387,0.14062
445,0.14157,0.14443,0.14114
446,0.1421,0.14497,0.14165
447,0.1426,0.14549,0.14215
448,0.1431,0.14598,0.14263
449,0.1436,0.14646,0.1431
450,0.14405,0.14694,0.14354
451,0.14447,0.14737,0.14395
452,0.14486,0.14779,0.14433
453,0.14524,0.14817,0.14469
454,0.1456,0.14855,0.14507
455,0.14599,0.14897,0.14544
456,0.1464,0.14938,0.14583
457,0.14678,0.14978,0.14623
458,0.14714,0.15017,0.14657
459,0.14749,0.15055,0.14693
460,0.14785,0.15094,0.14729
461,0.14823,0.15133,0.14766
462,0.14857,0.15168,0.148
463,0.1489,0.15203,0.14832
464,0.14924,0.15239,0.14863
465,0.14957,0.15268,0.14891
466,0.14988,0.15298,0.1492
467,0.15018,0.15328,0.14949
468,0.15049,0.15358,0.14977
469,0.15078,0.15385,0.15002
470,0.15107,0.15414,0.15028
471,0.15137,0.15443,0.15056
472,0.15167,0.15471,0.15084
473,0.15195,0.15501,0.15111
474,0.15225,0.15531,0.15138
475,0.15256,0.15565,0.15169
476,0.15289,0.15599,0.152
477,0.15321,0.15633,0.15232
478,0.15356,0.15671,0.15267
479,0.15394,0.15711,0.15305
480,0.15429,0.15748,0.15341
481,0.15467,0.15787,0.15378
482,0.15507,0.15831,0.15418
483,0.15544,0.15873,0.15459
484,0.15586,0.15919,0.15501
485,0.15632,0.15968,0.15545
486,0.15678,0.16017,0.15591
487,0.15728,0.16067,0.15638
488,0.15779,0.16119,0.15688
489,0.1583,0.16169,0.15738
490,0.15879,0.16217,0.15782
491,0.15925,0.16268,0.15828
492,0.15971,0.16319,0.15875
493,0.1602,0.16368,0.15924
494,0.16071,0.1642,0.15973
495,0.16122,0.1647,0.16024
496,0.16171,0.16522,0.16074
497,0.16223,0.16578,0.16124
498,0.16278,0.16635,0.16176
499,0.16334,0.16693,0.16229
500,0.16391,0.1675,0.16285
501,0.16448,0.16803,0.16338
502,0.16503,0.16858,0.16389
503,0.16557,0.16912,0.1644
504,0.1661,0.16964,0.16492
505,0.16664,0.17018,0.16543
506,0.16718,0.17072,0.16593
507,0.16771,0.17125,0.16642
508,0.16821,0.17177,0.16692
509,0.16874,0.17229,0.16742
510,0.16928,0.17281,0.16793
511,0.1699,0.17344,0.16854
512,0.1705,0.17409,0.16911
513,0.1711,0.17473,0.16972
514,0.17171,0.17537,0.17036
515,0.17232,0.17601,0.171
516,0.17294,0.17665,0.17162
517,0.17358,0.1773,0.17224
518,0.17424,0.17795,0.17286
519,0.17492,0.17859,0.17349
520,0.17554,0.17922,0.1741
521,0.17606,0.17971,0.17456
522,0.17659,0.18021,0.17503
523,0.17709,0.1807,0.17551
524,0.17757,0.18118,0.17596
525,0.17806,0.18167,0.17641
526,0.17859,0.18217,0.17689
527,0.17916,0.18268,0.17739
528,0.17973,0.1832,0.17789
529,0.18028,0.18369,0.17837
530,0.18079,0.18418,0.17882
531,0.1813,0.18468,0.17931
532,0.18182,0.1852,0.17981
533,0.18234,0.18572,0.18029
534,0.18289,0.18622,0.18079
535,0.18345,0.18675,0.1813
536,0.184,0.18729,0.1818
537,0.18452,0.18781,0.18232
538,0.18506,0.18834,0.18282
539,0.18563,0.18887,0.18334
540,0.18624,0.18944,0.18388
541,0.1869,0.19005,0.18448
542,0.18755,0.19069,0.18509
543,0.18819,0.19131,0.1857
544,0.18883,0.19193,0.18629
545,0.18946,0.19255,0.18689
546,0.1901,0.19319,0.18751
547,0.19074,0.19385,0.18813
548,0.1914,0.19449,0.18876
549,0.19206,0.19513,0.18938
550,0.19274,0.19579,0.19
551,0.19345,0.19644,0.19065
552,0.19414,0.19709,0.19127
553,0.19482,0.19773,0.19189
554,0.1955,0.19839,0.19251
555,0.19618,0.19902,0.19312
556,0.19687,0.19968,0.19375
557,0.19759,0.20035,0.19441
558,0.19831,0.20101,0.19506
559,0.19906,0.20167,0.19569
560,0.19981,0.20234,0.19635
561,0.20052,0.203,0.19698
562,0.2012,0.20362,0.19756
563,0.20187,0.20425,0.19816
564,0.20251,0.20487,0.19877
565,0.2031,0.2055,0.19935
566,0.20373,0.20611,0.19996
567,0.20439,0.20675,0.20056
568,0.20508,0.20739,0.20116
569,0.20577,0.20799,0.20174
570,0.20647,0.20857,0.20232
571,0.2072,0.20914,0.20289
572,0.20794,0.20971,0.20345
573,0.20864,0.21023,0.20398
574,0.20928,0.21075,0.20448
575,0.20989,0.21128,0.20498
576,0.21051,0.2118,0.20549
577,0.21112,0.21232,0.206
578,0.21171,0.21286,0.2065
579,0.21229,0.2134,0.20698
580,0.21288,0.21392,0.20748
581,0.21339,0.21444,0.20796
582,0.21387,0.21493,0.20839
583,0.21433,0.21538,0.20883
584,0.2148,0.21585,0.20929
585,0.21528,0.21633,0.20975
586,0.21576,0.21678,0.2102
587,0.21619,0.21721,0.21063
588,0.21661,0.21766,0.21105
589,0.21708,0.21811,0.21148
590,0.21763,0.21854,0.2119
591,0.21815,0.21892,0.21226
592,0.21858,0.21928,0.2126
593,0.21896,0.21961,0.21292
594,0.21932,0.21993,0.21324
595,0.21968,0.22025,0.21355
596,0.22002,0.22055,0.21384
597,0.22033,0.22081,0.21411
598,0.22064,0.22111,0.21439
599,0.22098,0.2214,0.21468
600,0.2213,0.22167,0.21495
601,0.22157,0.22193,0.21519
602,0.22193,0.22217,0.21544
603,0.22223,0.22239,0.21567
604,0.22245,0.22261,0.21586
605,0.22266,0.22281,0.21605
606,0.22289,0.22302,0.21625
607,0.22313,0.22324,0.21646
608,0.22336,0.22343,0.21668
609,0.22359,0.22362,0.21687
610,0.2238,0.22378,0.21705
611,0.22398,0.2239,0.21719
612,0.22418,0.22406,0.21731
613,0.22438,0.22422,0.21746
614,0.22457,0.22435,0.2176
615,0.22474,0.22447,0.21772
616,0.2249,0.2246,0.21785
617,0.22507,0.22473,0.21798
618,0.22525,0.22486,0.2181
619,0.22541,0.22497,0.21821
620,0.22554,0.22507,0.21829
621,0.22567,0.22516,0.2184
622,0.2258,0.22527,0.21851
623,0.22591,0.22539,0.21862
624,0.22603,0.22552,0.21874
625,0.22618,0.22564,0.21888
626,0.22636,0.22576,0.21904
627,0.22649,0.22585,0.21912
628,0.22661,0.22593,0.21918
629,0.22675,0.22603,0.21926
630,0.22688,0.22612,0.21937
631,0.22701,0.22622,0.21945
632,0.22711,0.22631,0.21952
633,0.22716,0.22637,0.2196
634,0.22727,0.22644,0.21968
635,0.22738,0.22655,0.21979
636,0.22746,0.22664,0.21989
637,0.22754,0.22671,0.21997
638,0.22762,0.22678,0.22004
639,0.22768,0.22685,0.22013
640,0.22773,0.22692,0.22024
641,0.2279,0.22706,0.22034
642,0.22809,0.22717,0.22045
643,0.22826,0.22727,0.22055
644,0.22838,0.22738,0.22065
645,0.22851,0.2275,0.22075
646,0.22864,0.22761,0.22085
647,0.22879,0.22774,0.22095
648,0.22901,0.22788,0.22106
649,0.2292,0.22798,0.22119
650,0.22937,0.22807,0.2213
651,0.22945,0.22811,0.22135
652,0.22947,0.22814,0.22138
653,0.2295,0.22819,0.22144
654,0.22953,0.22826,0.22151
655,0.22953,0.22834,0.22156
656,0.22958,0.22843,0.22166
657,0.22982,0.22849,0.22177
658,0.2301,0.22849,0.22183
659,0.23005,0.22851,0.22183
660,0.23,0.2285,0.22183
661,0.23011,0.22857,0.22195
662,0.23027,0.22869,0.22209
663,0.23038,0.2288,0.22221
664,0.23055,0.22892,0.22231
665,0.23076,0.22904,0.22242
666,0.23093,0.22914,0.22255
667,0.23108,0.22924,0.22267
668,0.23123,0.22935,0.22279
669,0.23137,0.22948,0.2229
670,0.23149,0.2296,0.22302
671,0.23157,0.22968,0.2231
672,0.23169,0.22976,0.2232
673,0.23185,0.22986,0.22325
674,0.23192,0.22992,0.22331
675,0.232,0.23,0.22339
676,0.23211,0.23012,0.22347
677,0.23219,0.23016,0.2235
678,0.2323,0.23024,0.22355
679,0.2324,0.23032,0.22361
680,0.23246,0.23037,0.22368
681,0.23256,0.23045,0.22375
682,0.23267,0.23053,0.2238
683,0.23277,0.23059,0.22385
684,0.23281,0.23064,0.22388
685,0.23291,0.23076,0.22396
686,0.23293,0.23088,0.22402
687,0.23291,0.231,0.22408
688,0.23329,0.23105,0.2242
689,0.23359,0.2311,0.2243
690,0.23372,0.23114,0.22433
691,0.23377,0.23124,0.22437
692,0.23385,0.23135,0.22442
693,0.23393,0.23144,0.22445
694,0.23402,0.2315,0.22448
695,0.23416,0.23157,0.22454
696,0.23434,0.23165,0.22464
697,0.23446,0.23174,0.22473
698,0.23452,0.23183,0.22479
699,0.23466,0.23197,0.22488
700,0.23485,0.23211,0.22499
701,0.23501,0.23225,0.2251
702,0.23515,0.23234,0.22518
703,0.23532,0.23243,0.2253
704,0.23549,0.23254,0.22543
705,0.23563,0.23266,0.22553
706,0.23574,0.23277,0.22561
707,0.2359,0.23289,0.22572
708,0.23605,0.23301,0.22584
709,0.23616,0.23311,0.22593
710,0.23627,0.23323,0.22597
711,0.23634,0.23332,0.22601
712,0.23646,0.23341,0.22608
713,0.2366,0.23347,0.22613
714,0.23671,0.23353,0.22616
715,0.23681,0.23361,0.22619
716,0.23687,0.23372,0.22621
717,0.23687,0.2339,0.22622
718,0.237,0.23405,0.22624
719,0.23727,0.23415,0.22629
720,0.23757,0.23419,0.22635
721,0.2379,0.23422,0.22648
722,0.23802,0.23428,0.22658
723,0.23795,0.2344,0.22665
724,0.23793,0.23453,0.22667
725,0.23814,0.23465,0.22674
726,0.23842,0.23475,0.22682
727,0.23857,0.23483,0.22688
728,0.23869,0.23493,0.22697
729,0.23885,0.23505,0.22707
730,0.23905,0.23516,0.22719
731,0.23917,0.23525,0.2273
732,0.23929,0.2353,0.22736
733,0.23942,0.23536,0.22743
734,0.23953,0.23545,0.22754
735,0.23959,0.23551,0.22757
736,0.23968,0.23562,0.22767
737,0.23981,0.23575,0.22778
738,0.23991,0.23584,0.22786
739,0.24001,0.23595,0.22797
740,0.24013,0.23605,0.22807
741,0.24023,0.23612,0.22815
742,0.24036,0.2362,0.22823
743,0.2405,0.23626,0.22829
744,0.24061,0.23633,0.22831
745,0.2407,0.2364,0.22835
746,0.24088,0.2365,0.22846
747,0.24105,0.23658,0.22852
748,0.24119,0.23664,0.22856
749,0.24128,0.23669,0.22862
750,0.24138,0.23677,0.22868
751,0.24149,0.2369,0.22876
752,0.2416,0.23701,0.22885
753,0.24172,0.23712,0.22896
754,0.24183,0.23722,0.22905
755,0.24194,0.23733,0.22912
756,0.24207,0.23746,0.22922
757,0.24226,0.23763,0.22936
758,0.24233,0.23785,0.22947
759,0.24209,0.23812,0.22955
760,0.24141,0.23839,0.22971
761,0.24187,0.23847,0.2301
762,0.24305,0.23854,0.23041
763,0.24381,0.23864,0.23041
764,0.24383,0.23864,0.2304
765,0.24397,0.23863,0.23041
766,0.24409,0.23861,0.2304
767,0.24403,0.2386,0.23033
768,0.24387,0.23861,0.23026
769,0.24373,0.23859,0.23021
770,0.24364,0.23859,0.2302
771,0.24362,0.23863,0.2302
772,0.24364,0.23864,0.23024
773,0.24368,0.23867,0.23028
774,0.24371,0.23872,0.2303
775,0.24373,0.23875,0.23031
776,0.2438,0.23878,0.23036
777,0.24386,0.23883,0.23041
778,0.2439,0.23889,0.23047
779,0.24394,0.23891,0.23047
780,0.24396,0.23893,0.2305
781,0.244,0.23898,0.23056
782,0.2441,0.23903,0.23062
783,0.24415,0.23909,0.23065
784,0.24421,0.23916,0.23068
785,0.24428,0.23922,0.23074
786,0.24433,0.23925,0.23077
787,0.2444,0.2393,0.23079
788,0.24446,0.23933,0.23083
789,0.24448,0.23934,0.23089
790,0.24454,0.2394,0.23095
791,0.24457,0.23947,0.231
792,0.24459,0.23949,0.23104
793,0.24458,0.23951,0.23106
794,0.24457,0.23952,0.23107
795,0.24458,0.23955,0.23109
796,0.2446,0.23958,0.23111
797,0.2446,0.23957,0.23111
798,0.24462,0.23956,0.23113
799,0.2446,0.23955,0.23115
800,0.24454,0.23954,0.23114
801,0.24456,0.23957,0.23113
802,0.24459,0.23961,0.23114
803,0.24462,0.23961,0.23115
804,0.24463,0.23956,0.23115
805,0.24464,0.23953,0.23115
806,0.24466,0.23952,0.23113
807,0.24466,0.23953,0.23111
808,0.24461,0.23951,0.23108
809,0.24455,0.23948,0.23105
810,0.2445,0.23943,0.23101
811,0.24448,0.23944,0.23099
812,0.24446,0.23947,0.23095
813,0.24448,0.23954,0.23091
814,0.24452,0.23959,0.23087
815,0.24456,0.2396,0.23085
816,0.24455,0.23962,0.23086
817,0.24457,0.23962,0.23087
818,0.2446,0.23958,0.23086
819,0.24459,0.23952,0.23086
820,0.24462,0.23947,0.23086
821,0.24461,0.23943,0.23083
822,0.2445,0.23939,0.23077
823,0.24426,0.23931,0.23071
824,0.24426,0.23922,0.23069
825,0.24435,0.23915,0.23068
826,0.24431,0.23913,0.23063
827,0.24418,0.23902,0.23055
828,0.24407,0.23892,0.23047
829,0.24397,0.23886,0.23041
830,0.2439,0.23879,0.23036
831,0.24388,0.23871,0.23027
832,0.24383,0.23863,0.23019
833,0.24373,0.23856,0.23015
834,0.24368,0.23847,0.2301
835,0.2436,0.23837,0.23004
836,0.2435,0.23828,0.22998
837,0.24343,0.23819,0.2299
838,0.24336,0.23814,0.22988
839,0.2433,0.23805,0.22984
840,0.24322,0.23795,0.22977
841,0.24309,0.23789,0.22969
842,0.24302,0.23781,0.22963
843,0.24295,0.23772,0.22956
844,0.24288,0.23762,0.22948
845,0.24282,0.23749,0.22945
846,0.24275,0.23746,0.22939
847,0.24266,0.2374,0.22932
848,0.24256,0.23726,0.22925
849,0.24249,0.23717,0.22915
850,0.24246,0.23713,0.22911
851,0.24246,0.2371,0.2291
852,0.24242,0.23702,0.22903
853,0.24236,0.237,0.22898
854,0.24231,0.23695,0.22894
855,0.24229,0.23688,0.22893
856,0.24232,0.23683,0.22893
857,0.24232,0.23677,0.2289
858,0.24232,0.23673,0.22882
859,0.24229,0.23667,0.22872
860,0.24224,0.2366,0.22869
861,0.24211,0.23651,0.22866
862,0.24199,0.23644,0.22858
863,0.2419,0.23638,0.22846
864,0.24184,0.23632,0.22846
865,0.2417,0.23624,0.22838
866,0.24156,0.23617,0.22828
867,0.24155,0.23609,0.22826
868,0.24145,0.23598,0.22819
869,0.24137,0.23591,0.22813
870,0.24132,0.23588,0.22808
871,0.24128,0.23581,0.22799
872,0.2412,0.23571,0.22786
873,0.24109,0.23562,0.22776
874,0.241,0.23556,0.22774
875,0.24098,0.23552,0.22773
876,0.24089,0.23542,0.22767
877,0.24079,0.23532,0.22756
878,0.24074,0.23524,0.22746
879,0.24072,0.23516,0.22745
880,0.24067,0.23508,0.22741
881,0.24061,0.23503,0.22737
882,0.24053,0.23501,0.22737
883,0.2405,0.23492,0.22729
884,0.24045,0.23485,0.2272
885,0.2404,0.23483,0.22717
886,0.24041,0.23483,0.22718
887,0.24041,0.2348,0.22714
888,0.24041,0.23481,0.22711
889,0.24041,0.23482,0.2271
890,0.24038,0.23471,0.22706
891,0.24034,0.23461,0.22696
892,0.24027,0.23458,0.2269
893,0.24018,0.23461,0.22689
894,0.24016,0.2346,0.22679
895,0.2401,0.23452,0.22668
896,0.24002,0.23449,0.22661
897,0.24001,0.23459,0.22655
898,0.23996,0.23444,0.22645
899,0.23985,0.23433,0.22638
900,0.23982,0.2343,0.22638
901,0.24006,0.23443,0.22657
902,0.24012,0.23439,0.22661
903,0.24016,0.23434,0.22661
904,0.24024,0.23438,0.22668
905,0.24029,0.23448,0.22677
906,0.24026,0.23447,0.22671
907,0.24029,0.23453,0.22671
908,0.2404,0.23471,0.22683
909,0.24036,0.23475,0.227
910,0.24039,0.2348,0.22694
911,0.24049,0.23485,0.22687
912,0.24061,0.2349,0.22699
913,0.2405,0.23478,0.22696
914,0.24053,0.23475,0.22689
915,0.24061,0.23482,0.22692
916,0.24059,0.23492,0.22705
917,0.24056,0.23492,0.22706
918,0.24067,0.23492,0.22712
919,0.24076,0.23488,0.22717
920,0.24071,0.23475,0.22713
921,0.24089,0.23486,0.22733
922,0.24104,0.235,0.22744
923,0.24107,0.23506,0.22744
924,0.241,0.23509,0.2275
925,0.24101,0.23512,0.22749
926,0.24106,0.23519,0.22744
927,0.2411,0.2353,0.22743
928,0.24113,0.23549,0.22752
929,0.24117,0.23555,0.22738
930,0.24123,0.23558,0.22723
931,0.24128,0.23565,0.22722
932,0.24126,0.23587,0.22717
933,0.24106,0.23581,0.22701
934,0.24088,0.23578,0.22687
935,0.24088,0.23599,0.22687
936,0.24075,0.23577,0.22684
937,0.24099,0.23588,0.22696
938,0.24131,0.23598,0.22716
939,0.24142,0.23573,0.22726
940,0.2415,0.23581,0.22723
941,0.24175,0.23599,0.22746
942,0.24195,0.2361,0.22777
943,0.24188,0.23611,0.22784
944,0.24151,0.23612,0.22771
945,0.24165,0.23616,0.2278
946,0.24206,0.23628,0.228
947,0.242,0.23641,0.22791
948,0.24196,0.23644,0.22798
949,0.2422,0.23675,0.22825
950,0.24253,0.23711,0.2285
951,0.24256,0.23693,0.2285
952,0.2428,0.23701,0.2287
953,0.24287,0.23722,0.22878
954,0.2428,0.23745,0.22883
955,0.24312,0.23765,0.22938
956,0.24321,0.2375,0.22914
957,0.24328,0.23758,0.22913
958,0.24344,0.23792,0.2297
959,0.24361,0.23776,0.2298
960,0.24376,0.2378,0.22972
961,0.24372,0.2378,0.2297
962,0.24364,0.23777,0.22995
963,0.24366,0.23782,0.22994
964,0.2436,0.2378,0.23001
965,0.24351,0.2377,0.23002
966,0.24349,0.23761,0.2299
967,0.2438,0.23762,0.23017
968,0.24358,0.23753,0.23017
969,0.24355,0.23752,0.23013
970,0.24423,0.2377,0.2303
971,0.24415,0.23788,0.23041
972,0.24423,0.23793,0.23042
973,0.24438,0.23794,0.23054
974,0.24436,0.23798,0.23092
975,0.24468,0.23814,0.23092
976,0.24472,0.23832,0.23107
977,0.24456,0.23847,0.23134
978,0.24457,0.23854,0.23141
979,0.24461,0.23846,0.23131
980,0.24477,0.23856,0.23145
981,0.24489,0.23866,0.23163
982,0.24491,0.23853,0.23153
983,0.24502,0.23867,0.2316
984,0.24511,0.23871,0.23183
985,0.24524,0.23871,0.23204
986,0.24541,0.23891,0.23208
987,0.24515,0.23876,0.23207
988,0.24507,0.23857,0.23196
989,0.24517,0.23854,0.23182
990,0.24501,0.23871,0.2318
991,0.24534,0.23892,0.23208
992,0.24537,0.2388,0.23219
993,0.24525,0.23859,0.23215
994,0.24585,0.23898,0.23241
995,0.24582,0.23913,0.23244
996,0.24564,0.23903,0.23234
997,0.24563,0.23889,0.23226
998,0.24574,0.23898,0.2324
999,0.24579,0.239,0.23237
1000,0.24574,0.23892,0.23234
1001,0.24574,0.23892,0.23234
1002,0.24574,0.23901,0.2323
1003,0.24579,0.23906,0.23237
1004,0.2458,0.23914,0.23251
1005,0.24583,0.23913,0.23258
1006,0.24596,0.23909,0.23269
1007,0.24607,0.2391,0.23272
1008,0.24612,0.23917,0.23263
1009,0.24612,0.23923,0.23264
1010,0.24611,0.23934,0.23267
1011,0.2461,0.23945,0.23274
1012,0.24614,0.23949,0.23286
1013,0.24615,0.23952,0.23293
1014,0.24617,0.23953,0.23296
1015,0.24618,0.2395,0.23292
1016,0.24624,0.23947,0.23288
1017,0.24627,0.23945,0.23288
1018,0.24635,0.23943,0.23293
1019,0.24652,0.23948,0.23304
1020,0.24662,0.23962,0.23317
1021,0.24674,0.23968,0.23324
1022,0.24684,0.23965,0.23334
1023,0.24694,0.23963,0.23342
1024,0.24701,0.23963,0.2334
1025,0.24698,0.23962,0.23342
1026,0.24701,0.23968,0.23342
1027,0.24706,0.23974,0.23341
1028,0.24711,0.23983,0.23336
1029,0.24713,0.23982,0.23339
1030,0.24719,0.23988,0.23345
1031,0.24724,0.24,0.23354
1032,0.24725,0.24,0.23357
1033,0.24727,0.24004,0.23363
1034,0.24729,0.24009,0.23369
1035,0.24733,0.24012,0.23367
1036,0.24736,0.2402,0.23369
1037,0.2474,0.24025,0.23378
1038,0.2475,0.2403,0.23386
1039,0.24759,0.24032,0.23396
1040,0.24767,0.24033,0.23405
1041,0.24769,0.24026,0.23413
1042,0.24771,0.24028,0.23414
1043,0.24768,0.24027,0.23412
1044,0.24758,0.24021,0.23412
1045,0.24753,0.24023,0.23412
1046,0.24752,0.24023,0.23416
1047,0.24755,0.24021,0.23416
1048,0.24762,0.24023,0.23411
1049,0.24765,0.24028,0.23406
1050,0.24761,0.24034,0.23402
1051,0.24754,0.24036,0.23403
1052,0.24754,0.24036,0.23407
1053,0.24758,0.24035,0.23421
1054,0.24761,0.24032,0.23431
1055,0.24763,0.24026,0.23435
1056,0.2477,0.24023,0.23434
1057,0.24765,0.24029,0.23426
1058,0.24752,0.24037,0.23418
1059,0.24753,0.24042,0.23416
1060,0.24759,0.24051,0.23416
1061,0.24774,0.24063,0.23422
1062,0.24797,0.24066,0.23432
1063,0.24808,0.24079,0.23444
1064,0.24811,0.2409,0.23454
1065,0.24822,0.24098,0.23467
1066,0.24835,0.24105,0.23485
1067,0.24847,0.24117,0.235
1068,0.24867,0.24124,0.23508
1069,0.24888,0.24128,0.23516
1070,0.24893,0.24146,0.23529
1071,0.24903,0.24164,0.23545
1072,0.24913,0.24172,0.23558
1073,0.24911,0.24187,0.23572
1074,0.24924,0.24197,0.23589
1075,0.24943,0.24205,0.23596
1076,0.24957,0.24226,0.23604
1077,0.2497,0.24239,0.23618
1078,0.24982,0.24252,0.23632
1079,0.24986,0.24264,0.23644
1080,0.24995,0.24276,0.23656
1081,0.24993,0.2427,0.23659
1082,0.24993,0.2427,0.23654
1083,0.24994,0.24277,0.23649
1084,0.24999,0.24277,0.23644
1085,0.25002,0.24279,0.2364
1086,0.25001,0.24284,0.23647
1087,0.25001,0.24283,0.23652
1088,0.25001,0.2428,0.23651
1089,0.24998,0.2428,0.23657
1090,0.25,0.2428,0.23658
1091,0.25005,0.24282,0.23656
1092,0.25014,0.24289,0.2365
1093,0.2502,0.2429,0.23648
1094,0.2503,0.2429,0.23643
1095,0.2504,0.2429,0.23641
1096,0.25042,0.24287,0.23643
1097,0.2504,0.24287,0.23644
1098,0.2504,0.24287,0.23646
1099,0.25043,0.24288,0.23644
1100,0.25054,0.2429,0.23644
1101,0.25076,0.24303,0.23657
1102,0.25088,0.24315,0.23667
1103,0.25094,0.24326,0.23672
1104,0.25104,0.24339,0.23682
1105,0.25105,0.24351,0.23695
1106,0.25117,0.24365,0.23705
1107,0.25146,0.24384,0.23717
1108,0.25164,0.24399,0.23726
1109,0.25181,0.24414,0.23736
1110,0.25197,0.24427,0.23732
1111,0.25211,0.24439,0.23728
1112,0.25224,0.24453,0.23734
1113,0.25251,0.24466,0.23733
1114,0.25277,0.24483,0.23726
1115,0.25298,0.24498,0.23729
1116,0.25318,0.24511,0.23732
1117,0.25334,0.24532,0.23737
1118,0.25341,0.24559,0.23755
1119,0.25351,0.2458,0.23763
1120,0.2535,0.24601,0.23759
1121,0.25355,0.24629,0.23768
1122,0.25358,0.24653,0.2377
1123,0.25357,0.24672,0.23782
1124,0.25343,0.24686,0.23799
1125,0.2536,0.24703,0.23828
1126,0.25378,0.24716,0.23858
1127,0.2538,0.24717,0.23876
1128,0.25391,0.24726,0.23893
1129,0.2541,0.24742,0.23915
1130,0.25417,0.24754,0.23932
1131,0.25407,0.24764,0.23956
1132,0.25409,0.24775,0.23984
1133,0.25414,0.24781,0.24019
1134,0.25417,0.24798,0.24047
1135,0.25415,0.24818,0.24073
1136,0.25433,0.2484,0.24096
1137,0.25455,0.24872,0.24119
1138,0.25478,0.24897,0.24138
1139,0.25517,0.24924,0.24156
1140,0.25551,0.24946,0.24171
1141,0.25574,0.2495,0.24179
1142,0.25597,0.24943,0.24174
1143,0.25608,0.24942,0.24179
1144,0.25611,0.24948,0.24189
1145,0.25608,0.24951,0.24195
1146,0.25584,0.24962,0.24193
1147,0.25577,0.24969,0.24207
1148,0.25575,0.2497,0.24223
1149,0.25568,0.24973,0.24242
1150,0.25557,0.24979,0.24274
1151,0.25552,0.24983,0.24298
1152,0.25538,0.24982,0.24317
1153,0.25539,0.24986,0.24333
1154,0.25549,0.2499,0.24344
1155,0.25563,0.25,0.24358
1156,0.25575,0.25004,0.24367
1157,0.25594,0.25013,0.24379
1158,0.25609,0.25025,0.24405
1159,0.25628,0.25031,0.24417
1160,0.25647,0.25034,0.24427
1161,0.25673,0.2504,0.24439
1162,0.25689,0.25047,0.24453
1163,0.25701,0.25046,0.24463
1164,0.25713,0.25055,0.24477
1165,0.25721,0.25071,0.24499
1166,0.25735,0.25085,0.24513
1167,0.25755,0.25103,0.24521
1168,0.25771,0.25117,0.24534
1169,0.25789,0.25131,0.24545
1170,0.25803,0.25143,0.24561
1171,0.25815,0.25151,0.24577
1172,0.25825,0.2516,0.24591
1173,0.25837,0.2517,0.24606
1174,0.25852,0.25176,0.24623
1175,0.25867,0.25184,0.24639
1176,0.25885,0.25191,0.24655
1177,0.25898,0.25202,0.2467
1178,0.25909,0.25217,0.24683
1179,0.2592,0.25229,0.24697
1180,0.2593,0.25244,0.24712
1181,0.25944,0.25259,0.24729
1182,0.25957,0.25272,0.24747
1183,0.25972,0.25288,0.24763
1184,0.25991,0.25306,0.24777
1185,0.26,0.25323,0.24792
1186,0.26011,0.25336,0.24808
1187,0.26026,0.25352,0.24823
1188,0.26035,0.25368,0.24843
1189,0.26044,0.25385,0.24861
1190,0.2606,0.25404,0.2488
1191,0.26082,0.25427,0.24901
1192,0.261,0.25444,0.24917
1193,0.26124,0.25457,0.2493
1194,0.26144,0.25473,0.24948
1195,0.26158,0.25489,0.24968
1196,0.26175,0.25504,0.24986
1197,0.26197,0.25522,0.25007
1198,0.26213,0.25538,0.25026
1199,0.26222,0.25551,0.2504
1200,0.26235,0.25567,0.25056
1201,0.26248,0.25588,0.25076
1202,0.26257,0.25607,0.25098
1203,0.2627,0.25624,0.25122
1204,0.26284,0.25645,0.25142
1205,0.263,0.25663,0.25162
1206,0.26315,0.25678,0.25182
1207,0.26333,0.25697,0.25202
1208,0.26358,0.25716,0.25222
1209,0.26374,0.25736,0.25242
1210,0.26384,0.25758,0.25264
1211,0.26399,0.2578,0.25286
1212,0.26408,0.25804,0.25308
1213,0.26423,0.25827,0.25329
1214,0.26445,0.25853,0.25353
1215,0.26466,0.25875,0.25374
1216,0.26496,0.25895,0.25391
1217,0.26515,0.25915,0.25412
1218,0.26529,0.25931,0.25436
1219,0.26545,0.25949,0.25455
1220,0.26563,0.25969,0.25478
1221,0.26572,0.25984,0.25498
1222,0.2659,0.25998,0.25512
1223,0.26621,0.26015,0.25521
1224,0.26637,0.26028,0.25535
1225,0.26647,0.26036,0.25546
1226,0.2666,0.2605,0.25561
1227,0.26665,0.26064,0.25584
1228,0.26679,0.2608,0.25599
1229,0.26703,0.26102,0.25611
1230,0.26721,0.26117,0.25625
1231,0.26739,0.2613,0.25636
1232,0.26757,0.26144,0.25649
1233,0.26775,0.26153,0.25666
1234,0.2679,0.26166,0.25681
1235,0.26806,0.26181,0.25694
1236,0.26823,0.26197,0.25708
1237,0.2684,0.26214,0.25724
1238,0.26855,0.26235,0.25739
1239,0.2687,0.2625,0.25757
1240,0.26887,0.26263,0.2578
1241,0.269,0.26278,0.25799
1242,0.26909,0.26287,0.25818
1243,0.2692,0.26302,0.25836
1244,0.2693,0.26318,0.25851
1245,0.26943,0.26335,0.25866
1246,0.26957,0.26353,0.25881
1247,0.26973,0.2637,0.25897
1248,0.26995,0.26388,0.25914
1249,0.27012,0.26406,0.2593
1250,0.27023,0.26424,0.25949
1251,0.27037,0.26441,0.25967
1252,0.2705,0.26459,0.25985
1253,0.27064,0.26476,0.26002
1254,0.27078,0.26493,0.26018
1255,0.27097,0.2651,0.26034
1256,0.27109,0.26526,0.26048
1257,0.27118,0.2654,0.26059
1258,0.27132,0.26555,0.26073
1259,0.27146,0.2657,0.26088
1260,0.27159,0.26585,0.26105
1261,0.2718,0.26605,0.26131
1262,0.27196,0.26628,0.26155
1263,0.27206,0.2665,0.26181
1264,0.27221,0.26673,0.26205
1265,0.27237,0.26698,0.26224
1266,0.27251,0.26722,0.26249
1267,0.27265,0.26745,0.26276
1268,0.2728,0.26768,0.263
1269,0.27294,0.2679,0.26328
1270,0.2731,0.26813,0.26351
1271,0.27329,0.26834,0.26365
1272,0.27347,0.26855,0.26384
1273,0.27365,0.26875,0.26403
1274,0.2738,0.26894,0.26421
1275,0.27403,0.26915,0.26442
1276,0.27432,0.26937,0.26467
1277,0.27454,0.26959,0.2649
1278,0.2748,0.26984,0.26515
1279,0.275,0.27008,0.26536
1280,0.27513,0.27033,0.26555
1281,0.27522,0.27043,0.26565
1282,0.2753,0.27048,0.26573
1283,0.27539,0.27055,0.26581
1284,0.27541,0.27057,0.26585
1285,0.27552,0.27064,0.26593
1286,0.2757,0.2708,0.26598
1287,0.27583,0.27092,0.26608
1288,0.27598,0.27105,0.26625
1289,0.27611,0.27118,0.26637
1290,0.27619,0.27133,0.26646
1291,0.27628,0.27145,0.2666
1292,0.27641,0.27157,0.26673
1293,0.27657,0.27168,0.26686
1294,0.27672,0.27181,0.26696
1295,0.27693,0.27192,0.26708
1296,0.27706,0.27207,0.26718
1297,0.27714,0.27227,0.26725
1298,0.27727,0.27241,0.26733
1299,0.2774,0.27255,0.26742
1300,0.27756,0.27267,0.26751
1301,0.27783,0.27283,0.26767
1302,0.27805,0.27305,0.26787
1303,0.27825,0.27328,0.26809
1304,0.27846,0.27353,0.26832
1305,0.2787,0.27382,0.2686
1306,0.2789,0.27409,0.26885
1307,0.27908,0.27436,0.2691
1308,0.27926,0.27461,0.26934
1309,0.27939,0.27485,0.26959
1310,0.27953,0.27504,0.26978
1311,0.2797,0.27524,0.26997
1312,0.27991,0.27539,0.27016
1313,0.28005,0.27562,0.27037
1314,0.28014,0.27588,0.27056
1315,0.28028,0.27613,0.27077
1316,0.2804,0.27642,0.271
1317,0.28055,0.27669,0.27122
1318,0.28076,0.27694,0.27142
1319,0.28095,0.27717,0.27163
1320,0.28113,0.27741,0.27188
1321,0.28128,0.27754,0.27197
1322,0.28153,0.27758,0.27199
1323,0.28168,0.27772,0.27205
1324,0.28177,0.27792,0.27209
1325,0.28189,0.2781,0.27214
1326,0.282,0.27835,0.27223
1327,0.28211,0.27856,0.27231
1328,0.28228,0.27874,0.27237
1329,0.2824,0.27888,0.27244
1330,0.28251,0.27898,0.27251
1331,0.28256,0.27904,0.2726
1332,0.28262,0.27914,0.27274
1333,0.28263,0.27918,0.27289
1334,0.2827,0.27931,0.27307
1335,0.28271,0.27949,0.27333
1336,0.28288,0.27966,0.27349
1337,0.28316,0.2799,0.27363
1338,0.2834,0.28007,0.27372
1339,0.2838,0.28027,0.27376
1340,0.28404,0.2804,0.27375
1341,0.28413,0.28042,0.27371
1342,0.28437,0.28055,0.2736
1343,0.28472,0.28076,0.27329
1344,0.28497,0.28091,0.27309
1345,0.28536,0.28122,0.27288
1346,0.28566,0.28143,0.27258
1347,0.28566,0.28148,0.27222
1348,0.28573,0.28159,0.27181
1349,0.28557,0.28163,0.27103
1350,0.2856,0.28168,0.27024
1351,0.28618,0.28173,0.26959
1352,0.28578,0.28157,0.26863
1353,0.28536,0.28133,0.26775
1354,0.2855,0.28111,0.26726
1355,0.28394,0.28118,0.26612
1356,0.2771,0.28203,0.26632
1357,0.26888,0.28276,0.26427
1358,0.26143,0.28486,0.25955
1359,0.24989,0.28773,0.25354
1360,0.26274,0.28637,0.24682
1361,0.26166,0.28965,0.24006
1362,0.27062,0.29693,0.24688
1363,0.27027,0.30178,0.24679
1364,0.25622,0.30701,0.25296
1365,0.24302,0.30588,0.2543
1366,0.22859,0.29421,0.24395
1367,0.21819,0.2897,0.24841
1368,0.1942,0.28561,0.25705
1369,0.20148,0.28422,0.26249
1370,0.223,0.28607,0.27449
1371,0.24244,0.28667,0.27493
1372,0.28522,0.28793,0.26821
1373,0.29765,0.28724,0.26678
1374,0.29317,0.28544,0.26654
1375,0.29367,0.2848,0.26334
1376,0.29155,0.28358,0.2633
1377,0.29115,0.28214,0.26383
1378,0.28969,0.28257,0.26233
1379,0.29521,0.28576,0.25839
1380,0.29243,0.28559,0.2565
1381,0.27674,0.28455,0.25277
1382,0.27153,0.28393,0.2536
1383,0.27276,0.28041,0.2591
1384,0.27453,0.28044,0.26003
1385,0.2759,0.28287,0.26006
1386,0.2815,0.28422,0.26158
1387,0.29118,0.28638,0.26251
1388,0.29399,0.28652,0.26259
1389,0.29866,0.28637,0.26432
1390,0.29867,0.28566,0.26413
1391,0.29424,0.28405,0.26138
1392,0.29109,0.28248,0.26025
1393,0.28728,0.28069,0.25929
1394,0.28428,0.27897,0.2589
1395,0.2809,0.27698,0.25962
1396,0.27856,0.27514,0.25928
1397,0.27808,0.27326,0.25889
1398,0.27518,0.2718,0.25833
1399,0.27299,0.27121,0.25679
1400,0.27321,0.27051,0.25602
1401,0.27643,0.27043,0.25524
1402,0.27784,0.27031,0.25462
1403,0.27674,0.26954,0.25441
1404,0.27606,0.26824,0.2545
1405,0.27287,0.26757,0.25424
1406,0.26579,0.26668,0.25426
1407,0.2647,0.26648,0.25384
1408,0.26515,0.26681,0.25247
1409,0.26547,0.2668,0.25305
1410,0.26705,0.26665,0.25428
1411,0.26782,0.26691,0.25506
1412,0.26771,0.267,0.25632
1413,0.26888,0.26765,0.25724
1414,0.2707,0.26864,0.25761
1415,0.27193,0.26961,0.25846
1416,0.27356,0.27053,0.25944
1417,0.27442,0.27179,0.26066
1418,0.27449,0.27337,0.26199
1419,0.27517,0.27465,0.26334
1420,0.27578,0.27594,0.26482
1421,0.27652,0.27708,0.26616
1422,0.2776,0.27803,0.26758
1423,0.27841,0.27888,0.26873
1424,0.27922,0.27978,0.26985
1425,0.27978,0.28066,0.27086
1426,0.28027,0.28121,0.27166
1427,0.28074,0.2817,0.27222
1428,0.28127,0.28213,0.27292
1429,0.28173,0.28254,0.27358
1430,0.2823,0.28302,0.27421
1431,0.28299,0.28359,0.2749
1432,0.28349,0.28406,0.27537
1433,0.28406,0.28454,0.27569
1434,0.28432,0.28495,0.27602
1435,0.28431,0.2853,0.2762
1436,0.28443,0.28558,0.27646
1437,0.28432,0.28579,0.27671
1438,0.28443,0.28606,0.27704
1439,0.28476,0.28626,0.27739
1440,0.28489,0.28654,0.27775
1441,0.28493,0.28699,0.27814
1442,0.28505,0.28722,0.27852
1443,0.28505,0.28729,0.27897
1444,0.28519,0.28747,0.27928
1445,0.28543,0.28755,0.27947
1446,0.28565,0.28777,0.27979
1447,0.28591,0.28815,0.28006
1448,0.28616,0.28842,0.28037
1449,0.28633,0.28865,0.28079
1450,0.28658,0.28887,0.28115
1451,0.2869,0.28904,0.28149
1452,0.28715,0.28924,0.28178
1453,0.28736,0.28946,0.28208
1454,0.28763,0.2897,0.28229
1455,0.28794,0.28989,0.28249
1456,0.2882,0.28998,0.28267
1457,0.28841,0.29011,0.28277
1458,0.2888,0.29025,0.28292
1459,0.28919,0.29039,0.28307
1460,0.28946,0.29061,0.28322
1461,0.28972,0.2908,0.28338
1462,0.29002,0.29097,0.28359
1463,0.29027,0.29115,0.28369
1464,0.29041,0.29131,0.28372
1465,0.29062,0.29152,0.28375
1466,0.29097,0.29177,0.28372
1467,0.29105,0.29195,0.28374
1468,0.29086,0.29214,0.28372
1469,0.29085,0.29227,0.28376
1470,0.29068,0.29226,0.28383
1471,0.29073,0.29233,0.28392
1472,0.29099,0.29237,0.28404
1473,0.29119,0.2925,0.28419
1474,0.29143,0.29271,0.28439
1475,0.29165,0.29287,0.28457
1476,0.29189,0.29305,0.28475
1477,0.29208,0.29325,0.28496
1478,0.29223,0.29341,0.28512
1479,0.29239,0.29364,0.28538
1480,0.29245,0.29393,0.28571
1481,0.29267,0.29423,0.28609
1482,0.29292,0.29453,0.28655
1483,0.29324,0.29484,0.287
1484,0.29372,0.29518,0.28746
1485,0.29408,0.29549,0.28791
1486,0.29433,0.29582,0.28836
1487,0.29451,0.29615,0.28875
1488,0.29465,0.29641,0.2892
1489,0.29485,0.29669,0.28964
1490,0.29513,0.29695,0.29007
1491,0.29545,0.29715,0.29049
1492,0.29572,0.29737,0.29085
1493,0.29603,0.29762,0.2912
1494,0.29629,0.29783,0.29155
1495,0.29652,0.29809,0.2919
1496,0.29675,0.29832,0.29219
1497,0.29693,0.29856,0.29245
1498,0.2972,0.29879,0.29271
1499,0.29754,0.299,0.29291
1500,0.29781,0.29923,0.29316
1501,0.29807,0.2994,0.29335
1502,0.29822,0.29955,0.29351
1503,0.29826,0.29969,0.29364
1504,0.29836,0.29983,0.2938
1505,0.29841,0.29996,0.29395
1506,0.29855,0.30008,0.29409
1507,0.29876,0.30021,0.29424
1508,0.29892,0.3003,0.29439
1509,0.29913,0.30035,0.29453
1510,0.29928,0.30043,0.29465
1511,0.29938,0.3005,0.29478
1512,0.29948,0.30057,0.29489
1513,0.29955,0.30065,0.29498
1514,0.29965,0.30073,0.29508
1515,0.29975,0.3008,0.29515
1516,0.29984,0.30087,0.29526
1517,0.29991,0.30095,0.29538
1518,0.29999,0.30103,0.29548
1519,0.30009,0.30111,0.29559
1520,0.30015,0.3012,0.29569
1521,0.30029,0.30138,0.29581
1522,0.30044,0.30155,0.29597
1523,0.30058,0.30169,0.29615
1524,0.30074,0.30183,0.29633
1525,0.30093,0.30196,0.29654
1526,0.30112,0.3021,0.29669
1527,0.3013,0.30225,0.29687
1528,0.30144,0.30245,0.29703
1529,0.30157,0.30267,0.29717
1530,0.30169,0.30284,0.29734
1531,0.30182,0.30297,0.29752
1532,0.30197,0.30311,0.29766
1533,0.30213,0.30327,0.29776
1534,0.30226,0.30343,0.29789
1535,0.30238,0.3036,0.29806
1536,0.30248,0.30376,0.29822
1537,0.3026,0.30392,0.2984
1538,0.30272,0.30405,0.29865
1539,0.30289,0.30422,0.29881
1540,0.30309,0.30446,0.29892
1541,0.30322,0.30457,0.29901
1542,0.30335,0.30467,0.29906
1543,0.30352,0.30475,0.29917
1544,0.3037,0.30478,0.29932
1545,0.30385,0.30488,0.29946
1546,0.30403,0.30501,0.29962
1547,0.3042,0.30511,0.29975
1548,0.30435,0.30521,0.29984
1549,0.3045,0.30533,0.29997
1550,0.30465,0.30542,0.30012
1551,0.30483,0.30557,0.30024
1552,0.30499,0.3058,0.30035
1553,0.30516,0.30595,0.30048
1554,0.3054,0.30608,0.3006
1555,0.30555,0.30621,0.30071
1556,0.30559,0.3063,0.30084
1557,0.30573,0.30642,0.30098
1558,0.30587,0.30661,0.3011
1559,0.30603,0.30674,0.30123
1560,0.30628,0.30682,0.3014
1561,0.30647,0.30698,0.3016
1562,0.30659,0.30714,0.3018
1563,0.30676,0.30732,0.30199
1564,0.30691,0.30753,0.30216
1565,0.30707,0.30775,0.30232
1566,0.30728,0.30803,0.30246
1567,0.30744,0.30825,0.30263
1568,0.30757,0.30845,0.30284
1569,0.3077,0.30864,0.30301
1570,0.3078,0.30874,0.30318
1571,0.30792,0.30888,0.30335
1572,0.30807,0.30905,0.30347
1573,0.30822,0.30924,0.30363
1574,0.30837,0.30945,0.30385
1575,0.30853,0.30966,0.30403
1576,0.3087,0.30991,0.30417
1577,0.30886,0.31011,0.30435
1578,0.309,0.31029,0.30453
1579,0.30918,0.31045,0.30474
1580,0.30936,0.31064,0.30492
1581,0.30953,0.31079,0.30509
1582,0.3097,0.31097,0.30529
1583,0.30988,0.31118,0.30544
1584,0.30999,0.31136,0.3056
1585,0.3101,0.31152,0.30581
1586,0.3102,0.31169,0.30598
1587,0.31028,0.31182,0.30613
1588,0.31044,0.31199,0.30631
1589,0.31059,0.3122,0.3065
1590,0.31073,0.31239,0.30667
1591,0.31092,0.31262,0.30681
1592,0.31104,0.31279,0.30697
1593,0.3111,0.3129,0.30715
1594,0.31118,0.31306,0.30731
1595,0.31122,0.3132,0.30745
1596,0.31138,0.31336,0.30761
1597,0.31161,0.31356,0.30776
1598,0.3118,0.31373,0.30793
1599,0.31209,0.31391,0.30814
1600,0.31225,0.31406,0.3083
1601,0.31236,0.31422,0.30842
1602,0.31255,0.31438,0.30859
1603,0.31275,0.31452,0.30875
1604,0.31293,0.31468,0.30891
1605,0.31311,0.31485,0.30914
1606,0.31328,0.31505,0.30926
1607,0.3134,0.31529,0.30927
1608,0.3136,0.31546,0.30939
1609,0.31387,0.31559,0.3095
1610,0.31406,0.31578,0.30965
1611,0.31423,0.31596,0.30991
1612,0.3144,0.31612,0.31007
1613,0.31452,0.31633,0.31014
1614,0.31468,0.3165,0.31031
1615,0.31484,0.3166,0.3105
1616,0.31503,0.31673,0.31067
1617,0.31523,0.31688,0.31088
1618,0.31542,0.31701,0.31106
1619,0.31563,0.31711,0.31117
1620,0.31582,0.31726,0.31132
1621,0.31591,0.31743,0.31146
1622,0.31597,0.31753,0.31156
1623,0.31596,0.31762,0.31163
1624,0.31603,0.31773,0.31171
1625,0.31611,0.31784,0.31176
1626,0.31619,0.31791,0.31185
1627,0.31632,0.31796,0.31198
1628,0.31643,0.31803,0.31207
1629,0.31652,0.31802,0.31217
1630,0.3166,0.31812,0.31228
1631,0.31669,0.31834,0.31237
1632,0.3168,0.31848,0.31249
1633,0.31688,0.31863,0.31265
1634,0.31699,0.31874,0.31277
1635,0.31714,0.3188,0.31286
1636,0.31724,0.31886,0.31295
1637,0.31732,0.31888,0.31297
1638,0.31738,0.31896,0.31309
1639,0.3174,0.31908,0.31327
1640,0.31746,0.31916,0.31341
1641,0.31759,0.31931,0.31367
1642,0.31773,0.31949,0.31387
1643,0.3179,0.31966,0.314
1644,0.31807,0.31985,0.31417
1645,0.31828,0.32011,0.31435
1646,0.31843,0.32032,0.31453
1647,0.31858,0.32051,0.31474
1648,0.31869,0.32067,0.31494
1649,0.3187,0.32078,0.31516
1650,0.3188,0.32094,0.31535
1651,0.31893,0.3211,0.31552
1652,0.31906,0.32126,0.31568
1653,0.31922,0.32145,0.3158
1654,0.31938,0.32162,0.31597
1655,0.31954,0.32174,0.31622
1656,0.31968,0.3219,0.31641
1657,0.31982,0.32209,0.31659
1658,0.31999,0.32228,0.31678
1659,0.32019,0.32249,0.31693
1660,0.32038,0.32269,0.31711
1661,0.32055,0.3228,0.31726
1662,0.32066,0.3229,0.31734
1663,0.32072,0.32303,0.3174
1664,0.32076,0.32311,0.31744
1665,0.32071,0.32314,0.31743
1666,0.32074,0.3232,0.31745
1667,0.32077,0.32321,0.31748
1668,0.3208,0.32326,0.31749
1669,0.32088,0.32337,0.31748
1670,0.32096,0.32345,0.31753
1671,0.32102,0.32354,0.31764
1672,0.32108,0.32361,0.3177
1673,0.32117,0.32364,0.31779
1674,0.32124,0.32367,0.31788
1675,0.32128,0.32364,0.31794
1676,0.32136,0.32368,0.318
1677,0.32151,0.32377,0.31811
1678,0.32158,0.32383,0.31818
1679,0.3216,0.32393,0.31823
1680,0.32167,0.324,0.31825
1681,0.32178,0.32415,0.31831
1682,0.3219,0.32432,0.31848
1683,0.32211,0.32446,0.3187
1684,0.32226,0.32466,0.31887
1685,0.32238,0.32491,0.31904
1686,0.32246,0.32513,0.31924
1687,0.32246,0.32538,0.31941
1688,0.32254,0.3256,0.31957
1689,0.32266,0.3258,0.31979
1690,0.32274,0.32597,0.31997
1691,0.32287,0.32609,0.32008
1692,0.32298,0.32625,0.32021
1693,0.32303,0.32638,0.32032
1694,0.32312,0.32656,0.32049
1695,0.32326,0.32681,0.32069
1696,0.32339,0.32702,0.32088
1697,0.32355,0.32727,0.32112
1698,0.32364,0.32745,0.32137
1699,0.32367,0.32754,0.32164
1700,0.32377,0.3277,0.32185
1701,0.32381,0.32772,0.32192
1702,0.32386,0.32774,0.32195
1703,0.32401,0.32782,0.32183
1704,0.32406,0.32787,0.32181
1705,0.324,0.32788,0.32185
1706,0.324,0.3279,0.32187
1707,0.32397,0.32792,0.32193
1708,0.32397,0.32796,0.32195
1709,0.32401,0.32804,0.32195
1710,0.32405,0.32805,0.32193
1711,0.32407,0.32805,0.32192
1712,0.32411,0.32802,0.32191
1713,0.32418,0.32788,0.32185
1714,0.32419,0.32785,0.32184
1715,0.32418,0.3279,0.32187
1716,0.32419,0.32791,0.32187
1717,0.32414,0.32793,0.32189
1718,0.32415,0.32794,0.32191
1719,0.32428,0.32789,0.32194
1720,0.32429,0.32787,0.32194
1721,0.32426,0.32793,0.32195
1722,0.32424,0.32795,0.32198
1723,0.32415,0.32794,0.322
1724,0.32407,0.32796,0.32201
1725,0.32403,0.32801,0.32209
1726,0.32396,0.32799,0.32205
1727,0.3238,0.32794,0.32187
1728,0.32376,0.32792,0.32184
1729,0.3238,0.32781,0.32184
1730,0.32381,0.32782,0.32183
1731,0.32387,0.32799,0.32192
1732,0.32388,0.32802,0.32191
1733,0.32384,0.32801,0.32175
1734,0.32378,0.32802,0.3217
1735,0.32364,0.32794,0.32167
1736,0.32362,0.32792,0.3217
1737,0.32363,0.32799,0.32183
1738,0.32364,0.328,0.32187
1739,0.32379,0.32798,0.32194
1740,0.32379,0.32796,0.32193
1741,0.3237,0.32797,0.32185
1742,0.32371,0.32803,0.3219
1743,0.32373,0.3281,0.32195
1744,0.32373,0.32818,0.32206
1745,0.32377,0.32831,0.32228
1746,0.32381,0.32844,0.32239
1747,0.3238,0.3286,0.32247
1748,0.32383,0.32873,0.32252
1749,0.32389,0.32889,0.32248
1750,0.324,0.32896,0.32253
1751,0.32416,0.32892,0.32256
1752,0.32428,0.32901,0.32265
1753,0.32448,0.32913,0.32281
1754,0.32457,0.32925,0.32292
1755,0.32458,0.32944,0.32307
1756,0.3246,0.32962,0.32317
1757,0.32455,0.32981,0.32321
1758,0.32466,0.32994,0.32333
1759,0.32483,0.33008,0.32345
1760,0.3249,0.33022,0.32358
1761,0.32505,0.33022,0.32371
1762,0.32507,0.33029,0.3238
1763,0.32488,0.33045,0.3239
1764,0.32496,0.33052,0.32395
1765,0.32521,0.33054,0.32396
1766,0.32521,0.33064,0.32404
1767,0.32523,0.33078,0.32414
1768,0.32514,0.33094,0.32422
1769,0.32495,0.33099,0.32431
1770,0.32499,0.33089,0.32438
1771,0.3251,0.33082,0.32433
1772,0.32527,0.33091,0.32421
1773,0.32549,0.33103,0.32428
1774,0.32561,0.33132,0.32452
1775,0.32562,0.33156,0.32469
1776,0.32565,0.33167,0.32486
1777,0.32564,0.33173,0.32497
1778,0.3256,0.33167,0.32481
1779,0.32569,0.33179,0.32466
1780,0.32557,0.33191,0.32473
1781,0.32547,0.33194,0.32478
1782,0.32564,0.332,0.32489
1783,0.32584,0.33196,0.32511
1784,0.32599,0.33193,0.32511
1785,0.32597,0.33194,0.32505
1786,0.32588,0.33203,0.32494
1787,0.32562,0.33204,0.32471
1788,0.32555,0.33215,0.32461
1789,0.32587,0.33228,0.32452
1790,0.32606,0.33226,0.32446
1791,0.32612,0.33247,0.32429
1792,0.3262,0.33262,0.3242
1793,0.32604,0.33264,0.32418
1794,0.32598,0.3329,0.32397
1795,0.32615,0.33309,0.32394
1796,0.32628,0.33304,0.32381
1797,0.32635,0.33289,0.32349
1798,0.32649,0.33258,0.32331
1799,0.32654,0.3325,0.32318
1800,0.32612,0.33266,0.32314
1801,0.33243,0.37594,0.342
1802,0.33542,0.39901,0.35094
1803,0.33516,0.39871,0.3502
1804,0.33415,0.39857,0.34964
1805,0.33436,0.39772,0.3489
1806,0.3343,0.39682,0.34822
1807,0.33501,0.39599,0.3476
1808,0.3371,0.39495,0.34699
1809,0.33875,0.39429,0.34675
1810,0.34125,0.39368,0.34657
1811,0.34354,0.39353,0.34719
1812,0.34438,0.39355,0.34826
1813,0.34585,0.39419,0.34785
1814,0.34887,0.39349,0.34697
1815,0.35215,0.39217,0.34696
1816,0.35425,0.39195,0.34692
1817,0.3547,0.39202,0.34705
1818,0.35589,0.39229,0.34726
1819,0.3547,0.39382,0.34826
1820,0.35491,0.39502,0.34801
1821,0.35716,0.39442,0.34614
1822,0.36656,0.39266,0.34624
1823,0.37443,0.39195,0.34812
1824,0.38165,0.39268,0.3481
1825,0.39569,0.39293,0.34924
1826,0.4099,0.39373,0.35211
1827,0.42284,0.39431,0.35494
1828,0.43545,0.39131,0.35667
1829,0.45762,0.39208,0.3623
1830,0.4919,0.39666,0.37447
1831,0.49788,0.40795,0.39381
1832,0.53164,0.43161,0.42099
1833,0.60783,0.44116,0.44686
1834,0.56243,0.44253,0.46582
1835,0.59691,0.47153,0.46233
1836,0.80396,0.47264,0.4523
1837,0.79101,0.48192,0.4654
1838,0.79377,0.49564,0.46573
1839,0.87184,0.51651,0.4641
1840,0.84134,0.51055,0.47469
1841,0.55982,0.51435,0.46881
1842,0.55798,0.49564,0.43842
1843,0.56676,0.47696,0.42985
1844,0.52609,0.469,0.4198
1845,0.58539,0.44973,0.40583
1846,0.58034,0.43281,0.40187
1847,0.63006,0.43878,0.41716
1848,0.67728,0.43967,0.41591
1849,0.81076,0.43104,0.40828
1850,0.77505,0.42658,0.38911
1851,0.79118,0.45111,0.38637
1852,0.74945,0.46953,0.38056
1853,0.71493,0.47775,0.39252
1854,0.81425,0.45104,0.42228
1855,0.88949,0.41291,0.42448
1856,0.93592,0.38641,0.41928
1857,0.92912,0.37319,0.42348
1858,0.8988,0.38368,0.40856
1859,0.88623,0.39461,0.40213
1860,0.85766,0.41999,0.40536
1861,0.86042,0.43515,0.40191
1862,0.91919,0.44053,0.3891
1863,0.95425,0.44839,0.39463
1864,1.0047,0.44733,0.38388
1865,0.95613,0.44174,0.37944
1866,0.90377,0.44513,0.38599
1867,0.9401,0.44841,0.36979
1868,0.94653,0.45508,0.36742
1869,1.0213,0.48348,0.39367
1870,1.0809,0.49053,0.4059
1871,1.1808,0.48873,0.40252
1872,1.0782,0.47376,0.43628
1873,1.0639,0.44197,0.42544
1874,0.81636,0.41997,0.39644
1875,0.63385,0.39627,0.39078
1876,0.62331,0.38359,0.36916
1877,0.61051,0.37424,0.35563
1878,0.6099,0.36762,0.35502
1879,0.5765,0.36763,0.35158
1880,0.53573,0.37496,0.34549
1881,0.50262,0.3735,0.34251
1882,0.45475,0.37052,0.34171
1883,0.42722,0.37003,0.34039
1884,0.4286,0.36604,0.33585
1885,0.42509,0.35995,0.33047
1886,0.40477,0.36172,0.3321
1887,0.3975,0.36056,0.33195
1888,0.39801,0.35683,0.3302
1889,0.39561,0.35639,0.33467
1890,0.39372,0.35516,0.3364
1891,0.39966,0.35318,0.33389
1892,0.40458,0.35106,0.33455
1893,0.40366,0.34883,0.33902
1894,0.40696,0.34688,0.34093
1895,0.42395,0.34562,0.33972
1896,0.4437,0.34653,0.33907
1897,0.44858,0.35479,0.34084
1898,0.45699,0.36365,0.34237
1899,0.46984,0.36591,0.34743
1900,0.47971,0.37389,0.36178
1901,0.51799,0.38795,0.37535
1902,0.61203,0.4125,0.39428
1903,0.7022,0.42165,0.40532
1904,0.84349,0.43077,0.40814
1905,0.94087,0.4254,0.40314
1906,0.85543,0.38726,0.39252
1907,0.76036,0.36289,0.37934
1908,0.66051,0.3638,0.37735
1909,0.55092,0.3638,0.36575
1910,0.49222,0.36421,0.35598
1911,0.47737,0.3592,0.35179
1912,0.44232,0.3544,0.34324
1913,0.41147,0.34826,0.33737
1914,0.39342,0.34244,0.32846
1915,0.3863,0.33657,0.31891
1916,0.36495,0.33399,0.31024
1917,0.35147,0.33113,0.30641
1918,0.34889,0.32953,0.30362
1919,0.33981,0.32897,0.30251
1920,0.3313,0.32926,0.30198
1921,0.32766,0.32919,0.30168
1922,0.32473,0.32812,0.30238
1923,0.32128,0.32763,0.30235
1924,0.31645,0.32755,0.30426
1925,0.31537,0.32711,0.30388
1926,0.31762,0.32649,0.30062
1927,0.31479,0.32568,0.29925
1928,0.31134,0.32497,0.29803
1929,0.3109,0.32362,0.29765
1930,0.30288,0.32262,0.29785
1931,0.29753,0.32216,0.29783
1932,0.2979,0.32066,0.29627
1933,0.29503,0.31998,0.29495
1934,0.29151,0.31877,0.29471
1935,0.28914,0.31711,0.29453
1936,0.28589,0.31615,0.29457
1937,0.27961,0.31475,0.29591
1938,0.27749,0.31439,0.29614
1939,0.27681,0.31491,0.29587
1940,0.27679,0.31488,0.29561
1941,0.27817,0.31504,0.29517
1942,0.27876,0.31595,0.29502
1943,0.27822,0.31636,0.29457
1944,0.2779,0.31623,0.2947
1945,0.27763,0.31627,0.29496
1946,0.27634,0.31609,0.29536
1947,0.27647,0.31634,0.29578
1948,0.2776,0.31677,0.29648
1949,0.27828,0.31736,0.29699
1950,0.27933,0.31842,0.29745
1951,0.28002,0.31902,0.29813
1952,0.28056,0.31981,0.29878
1953,0.28109,0.31987,0.29977
1954,0.28137,0.31946,0.30101
1955,0.28186,0.32009,0.30204
1956,0.28236,0.32026,0.30276
1957,0.283,0.32005,0.30332
1958,0.28316,0.32039,0.30371
1959,0.28312,0.32109,0.30355
1960,0.28313,0.32127,0.30375
1961,0.28264,0.32156,0.30399
1962,0.28288,0.32164,0.30416
1963,0.28325,0.32141,0.30421
1964,0.28377,0.32107,0.30454
1965,0.28453,0.32134,0.30477
1966,0.28544,0.32186,0.30521
1967,0.28577,0.32262,0.30563
1968,0.286,0.3232,0.30597
1969,0.28636,0.32351,0.30631
1970,0.28649,0.32363,0.30653
1971,0.28687,0.32376,0.30683
1972,0.28763,0.32366,0.30736
1973,0.28802,0.32381,0.30761
1974,0.28819,0.32411,0.30772
1975,0.28859,0.32429,0.30794
1976,0.28905,0.32443,0.30812
1977,0.28935,0.3247,0.30811
1978,0.28972,0.3249,0.30841
1979,0.29017,0.32504,0.30884
1980,0.29069,0.32531,0.3092
1981,0.2912,0.32573,0.30965
1982,0.29163,0.32599,0.31004
1983,0.29221,0.32623,0.31043
1984,0.29264,0.32656,0.31079
1985,0.29281,0.32686,0.31114
1986,0.29319,0.32719,0.31148
1987,0.29358,0.32765,0.31175
1988,0.29416,0.32807,0.3121
1989,0.29494,0.32838,0.31248
1990,0.29572,0.32895,0.31291
1991,0.29669,0.32958,0.31342
1992,0.29779,0.33008,0.3141
1993,0.29876,0.33064,0.31461
1994,0.29991,0.33133,0.31515
1995,0.30086,0.33188,0.31569
1996,0.30183,0.33252,0.31619
1997,0.30278,0.33313,0.31675
1998,0.30361,0.33374,0.31747
1999,0.30452,0.33433,0.3182
2000,0.30554,0.33475,0.31904
2001,0.3064,0.33531,0.31973
2002,0.30668,0.3357,0.32003
2003,0.30696,0.33607,0.3205
2004,0.3073,0.33661,0.32065
2005,0.30726,0.33741,0.32093
2006,0.30736,0.33807,0.32137
2007,0.30735,0.33866,0.32198
2008,0.30772,0.33926,0.32241
2009,0.30815,0.33982,0.32295
2010,0.30857,0.34028,0.32321
2011,0.30936,0.34075,0.32331
2012,0.30986,0.34114,0.32354
2013,0.31006,0.34146,0.32351
2014,0.31046,0.34168,0.3237
2015,0.3109,0.34187,0.32398
2016,0.31133,0.34185,0.3244
2017,0.31162,0.3418,0.32484
2018,0.31184,0.34213,0.32552
2019,0.31221,0.34245,0.32589
2020,0.31248,0.34287,0.32617
2021,0.31291,0.34326,0.3266
2022,0.31347,0.34365,0.32692
2023,0.31391,0.34407,0.32734
2024,0.31429,0.34454,0.32793
2025,0.31475,0.34494,0.3284
2026,0.31528,0.34538,0.3289
2027,0.31574,0.34578,0.32928
2028,0.31632,0.34606,0.32959
2029,0.31677,0.34649,0.32994
2030,0.31723,0.34702,0.33033
2031,0.31749,0.34754,0.33058
2032,0.31789,0.34809,0.33092
2033,0.31829,0.34881,0.33134
2034,0.31876,0.34929,0.33172
2035,0.3194,0.34969,0.33208
2036,0.31988,0.35008,0.33245
2037,0.32035,0.35042,0.33287
2038,0.32077,0.35069,0.33326
2039,0.32119,0.35084,0.33372
2040,0.32146,0.35108,0.33403
2041,0.32142,0.35121,0.33422
2042,0.32174,0.35148,0.33449
2043,0.32214,0.35203,0.33467
2044,0.32257,0.35241,0.33492
2045,0.32334,0.35289,0.3353
2046,0.3242,0.35311,0.33578
2047,0.32473,0.35341,0.33607
2048,0.3251,0.35361,0.33624
2049,0.32535,0.35388,0.33653
2050,0.32535,0.35427,0.33677
2051,0.32535,0.35445,0.33703
2052,0.32511,0.35445,0.33747
2053,0.32498,0.35452,0.3377
2054,0.32479,0.35439,0.33769
2055,0.32466,0.35444,0.33778
2056,0.32436,0.35463,0.3377
2057,0.32446,0.3548,0.33779
2058,0.3248,0.35505,0.33796
2059,0.32522,0.35525,0.33821
2060,0.32558,0.3554,0.3384
2061,0.32635,0.3555,0.3387
2062,0.3265,0.35569,0.33886
2063,0.32627,0.35592,0.33889
2064,0.32622,0.35606,0.33906
2065,0.32597,0.35627,0.33929
2066,0.32585,0.35637,0.33944
2067,0.32587,0.35626,0.33972
2068,0.32579,0.35632,0.33977
2069,0.32559,0.35648,0.33956
2070,0.32554,0.35655,0.33953
2071,0.32543,0.35661,0.3394
2072,0.32552,0.35668,0.33942
2073,0.32594,0.3567,0.33962
2074,0.32614,0.35671,0.33975
2075,0.32629,0.35672,0.33988
2076,0.32648,0.35672,0.34009
2077,0.32661,0.35682,0.34013
2078,0.32657,0.35697,0.34008
2079,0.32665,0.35703,0.34009
2080,0.32686,0.35704,0.34006
2081,0.32689,0.35722,0.34006
2082,0.32682,0.35755,0.34012
2083,0.3268,0.35762,0.34015
2084,0.3267,0.35776,0.34011
2085,0.32666,0.35778,0.34017
2086,0.32667,0.35746,0.3404
2087,0.32667,0.35727,0.34043
2088,0.32674,0.35712,0.34037
2089,0.32675,0.35701,0.34036
2090,0.32671,0.35689,0.34027
2091,0.32673,0.35679,0.34011
2092,0.32664,0.35672,0.34008
2093,0.32645,0.35671,0.34021
2094,0.32636,0.35672,0.34015
2095,0.32625,0.35677,0.33997
2096,0.32619,0.35672,0.33993
2097,0.3262,0.3567,0.33991
2098,0.32618,0.35658,0.33986
2099,0.32616,0.35623,0.33996
2100,0.32613,0.35607,0.33989
2101,0.32618,0.35596,0.33965
2102,0.32614,0.35592,0.33952
2103,0.32604,0.35611,0.3394
2104,0.32595,0.35611,0.33928
2105,0.32573,0.35619,0.33917
2106,0.32565,0.35608,0.33912
2107,0.32564,0.35584,0.33912
2108,0.32572,0.35535,0.33914
2109,0.32575,0.35514,0.33916
2110,0.3259,0.35483,0.33927
2111,0.32588,0.3548,0.33927
2112,0.32571,0.35509,0.33911
2113,0.32564,0.35517,0.33916
2114,0.32549,0.35528,0.33927
2115,0.32545,0.35539,0.33938
2116,0.32546,0.35541,0.33966
2117,0.32549,0.35553,0.33976
2118,0.32561,0.35584,0.33966
2119,0.32569,0.35598,0.3397
2120,0.32573,0.3561,0.33979
2121,0.32589,0.35619,0.33984
2122,0.32619,0.35607,0.33986
2123,0.32638,0.35607,0.33999
2124,0.32656,0.3561,0.34016
2125,0.32685,0.35614,0.34026
2126,0.32692,0.35618,0.34051
2127,0.32676,0.35626,0.341
2128,0.32683,0.35635,0.34122
2129,0.32697,0.35643,0.3414
2130,0.32699,0.35654,0.3415
2131,0.32705,0.35677,0.34148
2132,0.32706,0.35687,0.34149
2133,0.32691,0.35698,0.34144
2134,0.32686,0.35694,0.34143
2135,0.32682,0.35674,0.34142
2136,0.32685,0.3566,0.3414
2137,0.32702,0.35632,0.3415
2138,0.32701,0.35615,0.34142
2139,0.32702,0.35604,0.34116
2140,0.32693,0.35594,0.34097
2141,0.32667,0.35593,0.34067
2142,0.32648,0.35597,0.34053
2143,0.32631,0.35587,0.34033
2144,0.3262,0.35579,0.34019
2145,0.32595,0.3555,0.34002
2146,0.32563,0.35495,0.33984
2147,0.32537,0.35463,0.33962
2148,0.32505,0.35436,0.33952
2149,0.32474,0.35393,0.33917
2150,0.32457,0.35348,0.33859
2151,0.32421,0.35308,0.33815
2152,0.32369,0.35253,0.33759
2153,0.32325,0.35206,0.33716
2154,0.32284,0.35176,0.33696
2155,0.32233,0.35134,0.33655
2156,0.32172,0.35083,0.33609
2157,0.32122,0.35029,0.33557
2158,0.3208,0.3498,0.33489
2159,0.32024,0.34917,0.33421
2160,0.31965,0.34844,0.3335
2161,0.31913,0.34764,0.33278
2162,0.31842,0.34679,0.33196
2163,0.31743,0.34578,0.33104
2164,0.31668,0.34491,0.33014
2165,0.31604,0.34408,0.32914
2166,0.31529,0.34315,0.32824
2167,0.31462,0.3423,0.3274
2168,0.3138,0.34127,0.32655
2169,0.31289,0.34003,0.32574
2170,0.31196,0.33891,0.3249
2171,0.3109,0.33775,0.32411
2172,0.30997,0.33664,0.32321
2173,0.30908,0.33556,0.32228
2174,0.30815,0.3345,0.32126
2175,0.3073,0.33362,0.32012
2176,0.30634,0.33243,0.31899
2177,0.30529,0.33103,0.31785
2178,0.30417,0.32966,0.31658
2179,0.30282,0.32796,0.31518
2180,0.30164,0.32648,0.31377
2181,0.30053,0.32516,0.31219
2182,0.29936,0.32398,0.31066
2183,0.29818,0.32257,0.30909
2184,0.29717,0.32123,0.30753
2185,0.29587,0.31964,0.30597
2186,0.29432,0.31781,0.30433
2187,0.29297,0.3161,0.30289
2188,0.29156,0.31429,0.30151
2189,0.2903,0.31266,0.30025
2190,0.28911,0.31109,0.29915
2191,0.28803,0.3096,0.29805
2192,0.28697,0.30809,0.29702
2193,0.2861,0.30682,0.29596
2194,0.28554,0.30574,0.29489
2195,0.28472,0.30461,0.29386
2196,0.28379,0.30363,0.29275
2197,0.28298,0.30263,0.2918
2198,0.28199,0.30149,0.29088
2199,0.2812,0.30056,0.29014
2200,0.28078,0.29984,0.28969
2201,0.28017,0.29914,0.28914
2202,0.27947,0.29846,0.28864
2203,0.27886,0.29805,0.28832
2204,0.27837,0.29758,0.2879
2205,0.2779,0.29718,0.28742
2206,0.27752,0.29678,0.28708
2207,0.27732,0.29641,0.28678
2208,0.27705,0.29615,0.28656
2209,0.27676,0.29587,0.28635
2210,0.27649,0.29582,0.28636
2211,0.27617,0.29591,0.2865
2212,0.27607,0.29606,0.28674
2213,0.27595,0.29649,0.28739
2214,0.27611,0.29667,0.28758
2215,0.27661,0.29682,0.2876
2216,0.27698,0.29697,0.2877
2217,0.27754,0.29693,0.28742
2218,0.2779,0.29711,0.28759
2219,0.27814,0.29738,0.28818
2220,0.27843,0.29771,0.28855
2221,0.27861,0.29818,0.28901
2222,0.27885,0.29859,0.28938
2223,0.2791,0.29903,0.2895
2224,0.27943,0.29951,0.28981
2225,0.27986,0.30016,0.29029
2226,0.28022,0.30059,0.29069
2227,0.28077,0.30088,0.29102
2228,0.28101,0.30122,0.29158
2229,0.28127,0.30154,0.29199
2230,0.28142,0.30171,0.29234
2231,0.28165,0.30201,0.29265
2232,0.28186,0.30251,0.29301
2233,0.28205,0.30272,0.29312
2234,0.28235,0.30284,0.29307
2235,0.2824,0.30282,0.29302
2236,0.28226,0.30263,0.29286
2237,0.28224,0.30247,0.29262
2238,0.28215,0.30227,0.29227
2239,0.28202,0.30189,0.29198
2240,0.28206,0.3014,0.29157
2241,0.28174,0.30089,0.29121
2242,0.28114,0.30022,0.29093
2243,0.28063,0.29962,0.29066
2244,0.27987,0.29898,0.29035
2245,0.27936,0.29848,0.29011
2246,0.27894,0.298,0.29009
2247,0.2786,0.29757,0.28983
2248,0.27847,0.29726,0.28939
2249,0.27829,0.29698,0.28906
2250,0.27811,0.29667,0.28851
2251,0.278,0.29644,0.28821
2252,0.27794,0.29638,0.28812
2253,0.27787,0.29627,0.2881
2254,0.27766,0.29624,0.28828
2255,0.27786,0.29595,0.2884
2256,0.27801,0.29598,0.28861
2257,0.27828,0.2961,0.28883
2258,0.27852,0.29644,0.28923
2259,0.27888,0.29714,0.28981
2260,0.27912,0.29758,0.29017
2261,0.27919,0.29797,0.29062
2262,0.27956,0.29857,0.29094
2263,0.28006,0.29933,0.29103
2264,0.28056,0.29972,0.29124
2265,0.2813,0.30022,0.29148
2266,0.28178,0.30045,0.29176
2267,0.2823,0.30009,0.29205
2268,0.28252,0.30019,0.29237
2269,0.28229,0.30041,0.2928
2270,0.28251,0.30067,0.29309
2271,0.28276,0.30122,0.29335
2272,0.28299,0.30144,0.29358
2273,0.28355,0.30164,0.29378
2274,0.28385,0.30171,0.29392
2275,0.28403,0.30155,0.29404
2276,0.28399,0.30135,0.294
2277,0.28384,0.30099,0.29383
2278,0.28358,0.30073,0.29364
2279,0.28284,0.30032,0.29324
2280,0.28246,0.30008,0.29296
2281,0.28226,0.3001,0.29276
2282,0.28202,0.29994,0.29242
2283,0.28191,0.29981,0.29206
2284,0.28175,0.29957,0.29169
2285,0.28137,0.29912,0.29119
2286,0.28139,0.29879,0.29072
2287,0.28124,0.29837,0.29052
2288,0.2811,0.29768,0.29004
2289,0.28088,0.29717,0.28948
2290,0.2803,0.2966,0.28895
2291,0.27977,0.29616,0.28796
2292,0.27926,0.29565,0.28723
2293,0.27839,0.29474,0.28671
2294,0.27744,0.29376,0.28588
2295,0.27675,0.29277,0.28503
2296,0.27592,0.29153,0.28408
2297,0.27546,0.29052,0.28341
2298,0.27557,0.28954,0.2827
2299,0.27504,0.28887,0.2821
2300,0.27436,0.2884,0.28205
2301,0.27369,0.28783,0.2812
2302,0.27276,0.28765,0.27974
2303,0.27207,0.28696,0.27879
2304,0.27153,0.28607,0.27761
2305,0.27083,0.28497,0.2769
2306,0.27006,0.28336,0.27673
2307,0.26945,0.28231,0.2763
2308,0.26883,0.28151,0.27604
2309,0.26844,0.28041,0.2755
2310,0.26836,0.27937,0.27487
2311,0.26789,0.2784,0.27411
2312,0.2675,0.27695,0.27311
2313,0.26673,0.27586,0.27203
2314,0.26539,0.27537,0.27088
2315,0.26428,0.27446,0.26948
2316,0.26306,0.2734,0.26731
2317,0.26177,0.27228,0.2661
2318,0.26038,0.27103,0.26541
2319,0.25923,0.2697,0.26449
2320,0.25804,0.2682,0.26457
2321,0.25717,0.26692,0.26372
2322,0.2568,0.26572,0.26181
2323,0.25629,0.26454,0.26068
2324,0.25599,0.26346,0.25971
2325,0.25549,0.26256,0.25874
2326,0.25487,0.26167,0.25821
2327,0.25427,0.261,0.25741
2328,0.25354,0.26089,0.25633
2329,0.2529,0.26021,0.25533
2330,0.2524,0.2595,0.25408
2331,0.25199,0.2589,0.25317
2332,0.25132,0.25801,0.25244
2333,0.25078,0.25742,0.25172
2334,0.25025,0.25666,0.25169
2335,0.24957,0.25614,0.25154
2336,0.24929,0.25583,0.25105
2337,0.24932,0.2551,0.25088
2338,0.249,0.25472,0.25059
2339,0.24863,0.25425,0.24996
2340,0.24854,0.25421,0.24935
2341,0.24808,0.25442,0.24869
2342,0.2483,0.2542,0.24796
2343,0.24862,0.25478,0.24769
2344,0.24846,0.25454,0.2476
2345,0.24896,0.25351,0.24754
2346,0.24908,0.25362,0.24798
2347,0.24899,0.25342,0.24842
2348,0.24917,0.25337,0.24936
2349,0.24881,0.25468,0.25053
2350,0.24867,0.25576,0.25111
2351,0.24821,0.25735,0.25154
2352,0.24867,0.25815,0.25175
2353,0.24985,0.25866,0.25108
2354,0.25017,0.25922,0.25152
2355,0.25048,0.25915,0.25215
2356,0.2507,0.25971,0.25312
2357,0.25018,0.26084,0.25492
2358,0.25082,0.26195,0.25626
2359,0.25233,0.26334,0.25796
2360,0.25344,0.26406,0.25881
2361,0.25509,0.26447,0.2591
2362,0.25568,0.26519,0.25975
2363,0.25565,0.26543,0.25978
2364,0.25613,0.2663,0.26049
2365,0.25604,0.26835,0.2623
2366,0.2565,0.26949,0.26304
2367,0.25788,0.27017,0.26339
2368,0.2583,0.27119,0.26382
2369,0.25831,0.27191,0.26356
2370,0.25863,0.27276,0.2636
2371,0.25815,0.27413,0.26379
2372,0.2588,0.27503,0.26425
2373,0.26042,0.27548,0.26473
2374,0.26127,0.27595,0.26528
2375,0.26248,0.27637,0.26634
2376,0.26304,0.27633,0.26685
2377,0.26328,0.27608,0.26721
2378,0.26311,0.2757,0.26717
2379,0.26178,0.27427,0.2665
2380,0.2622,0.27415,0.26653
2381,0.263,0.27466,0.26641
2382,0.26323,0.27512,0.26681
2383,0.26513,0.27666,0.26815
2384,0.26519,0.27762,0.26847
2385,0.26343,0.27848,0.26838
2386,0.26286,0.27893,0.26871
2387,0.26207,0.27875,0.26858
2388,0.26157,0.27896,0.26923
2389,0.26152,0.27875,0.27126
2390,0.26137,0.27866,0.2718
2391,0.26132,0.27967,0.27203
2392,0.26115,0.2793,0.27151
2393,0.26129,0.27751,0.26909
2394,0.26096,0.27715,0.26801
2395,0.26001,0.27673,0.26733
2396,0.2596,0.27677,0.2669
2397,0.25863,0.27789,0.26713
2398,0.2586,0.27857,0.26733
2399,0.25988,0.27946,0.26781
2400,0.26039,0.27944,0.26749
2401,0.26106,0.27931,0.26708
2402,0.26161,0.27915,0.26725
2403,0.26187,0.27778,0.26688
2404,0.26212,0.27683,0.26691
2405,0.26324,0.27631,0.2678
2406,0.26282,0.27503,0.26794
2407,0.26055,0.27282,0.26734
2408,0.25898,0.27234,0.26735
2409,0.25558,0.27262,0.26782
2410,0.25482,0.27244,0.26821
2411,0.25732,0.27404,0.26854
2412,0.25733,0.27369,0.26905
2413,0.25772,0.2706,0.27067
2414,0.25733,0.27049,0.27003
2415,0.254,0.271,0.26868
2416,0.25293,0.27105,0.26728
2417,0.25355,0.27397,0.26268
2418,0.25396,0.27395,0.26117
2419,0.25495,0.27134,0.2614
2420,0.2555,0.27076,0.26053
2421,0.25529,0.26987,0.26107
2422,0.25562,0.26929,0.26122
2423,0.25722,0.27003,0.26032
2424,0.25706,0.26951,0.26054
2425,0.25639,0.26799,0.26143
2426,0.25555,0.26718,0.26189
2427,0.25341,0.26594,0.26325
2428,0.25203,0.26594,0.26312
2429,0.25019,0.26789,0.26191
2430,0.24936,0.26804,0.26087
2431,0.24903,0.26766,0.25842
2432,0.24773,0.26694,0.25755
2433,0.24696,0.26442,0.25807
2434,0.24631,0.26293,0.25791
2435,0.24471,0.26218,0.25814
2436,0.24516,0.26084,0.25797
2437,0.2479,0.25901,0.25657
2438,0.24943,0.25867,0.25602
2439,0.25097,0.25921,0.25687
2440,0.25203,0.25999,0.25601
2441,0.2516,0.26264,0.25485
2442,0.25255,0.26375,0.25431
2443,0.25551,0.26384,0.25162
2444,0.25708,0.26387,0.25039
2445,0.26047,0.26299,0.25075
2446,0.26179,0.26179,0.25087
2447,0.25764,0.25926,0.25221
2448,0.2573,0.25942,0.2522
2449,0.26011,0.26153,0.2519
2450,0.25665,0.26185,0.25093
2451,0.25352,0.26371,0.24883
2452,0.24964,0.26278,0.24802
2453,0.23981,0.25945,0.24744
2454,0.24042,0.25874,0.24891
2455,0.24158,0.25646,0.24913
2456,0.24172,0.25513,0.2494
2457,0.24283,0.25593,0.24802
2458,0.24035,0.25631,0.24731
2459,0.23705,0.25652,0.24776
2460,0.23756,0.25735,0.24756
2461,0.23754,0.2566,0.25009
2462,0.23965,0.25546,0.25206
2463,0.24207,0.25614,0.25279
2464,0.24312,0.25795,0.25273
2465,0.24561,0.25895,0.2518
2466,0.2431,0.25805,0.24929
2467,0.24281,0.25527,0.24609
2468,0.24662,0.25064,0.24502
2469,0.24823,0.24632,0.24307
2470,0.25203,0.24386,0.24301
2471,0.2552,0.24373,0.24407
2472,0.25557,0.25,0.24477
2473,0.25269,0.2562,0.2458
2474,0.24961,0.25617,0.24778
2475,0.24899,0.25818,0.2481
2476,0.25102,0.25561,0.2446
2477,0.25772,0.25026,0.24517
2478,0.26427,0.25065,0.24407
2479,0.27788,0.25087,0.2407
2480,0.28689,0.2529,0.24828
2481,0.2807,0.25553,0.25511
2482,0.29502,0.26155,0.25935
2483,0.30575,0.26353,0.26511
2484,0.31078,0.26432,0.25903
2485,0.33656,0.27046,0.25967
2486,0.34955,0.26109,0.26459
2487,0.34433,0.25374,0.26235
2488,0.31569,0.24752,0.27173
2489,0.29178,0.23168,0.27404
2490,0.28758,0.23491,0.26741
2491,0.28852,0.24765,0.27847
2492,0.31411,0.25093,0.27706
2493,0.32717,0.25327,0.26305
2494,0.29256,0.25036,0.25614
2495,0.26743,0.24683,0.24673
2496,0.26775,0.25251,0.24055
2497,0.26365,0.26273,0.23896
2498,0.2741,0.27015,0.23972
2499,0.295,0.2778,0.23595
2500,0.2914,0.28551,0.23027
